po_line_id,supplier,description,category_raw,category_true,unit_price,quantity,currency,category_predicted
PO-102769-3,Continental AG,PO item: protective foam sheet,Packaging & Logistics,Packaging & Logistics,19.65,10,EUR,Packaging & Logistics
PO-100507-2,Continental AG,Wooden pallet EUR st,PACKAGING,Packaging & Logistics,11.82,100,EUR,Packaging & Logistics
PO-101735-5,ZF Friedrichshafen,Forged steel billet 60Sh-A,RAW MAT-STEEL,Raw Materials - Steel,809.74,200,EUR,Raw Materials - Steel
PO-100820-7,ZF Friedrichshafen,Forged steel billet 42CrMo4,Raw Materials - Steel,Raw Materials - Steel,498.47,1,EUR,Raw Materials - Steel
PO-100967-7,Bosch Rexroth,Vulcanized rubber block DC01,Raw Materials - Rubber,Raw Materials - Rubber,64.19,200,EUR,Raw Materials - Rubber
PO-101059-1,Hella GmbH,Vulcanized rubber block ,Raw Materials - Rubber,Raw Materials - Rubber,39.47,1,EUR,Raw Materials - Rubber
PO-100199-2,Bilstein GmbH,Office chair ergonomic v2,it/office,IT & Office Equipment,175.85,20,EUR,IT & Office Equipment
PO-102624-5,Freudenberg Sealing,misc / Forged steel billet S235,Raw Materials - Steel,Raw Materials - Steel,601.24,10,EUR,Raw Materials - Steel
PO-100080-2,Haldex AB,STEEL SHEET X5CRNI 6.0MM,RAW MAT-STEEL,Raw Materials - Steel,268.46,20,EUR,Raw Materials - Steel
PO-100412-5,Hella GmbH,Seal kit connector housing std,MRO - Maintenance Supplies,MRO - Maintenance Supplies,20.25,200,EUR,MRO - Maintenance Supplies
PO-103740-1,Schaeffler Technologies,Stretch wrap film M12 roll,Packaging & Logistics,Packaging & Logistics,27.13,5,EUR,Packaging & Logistics
PO-102470-5,Bosch Rexroth,Hydraulic hose fitting std,maintenance,MRO - Maintenance Supplies,20.54,2,EUR,MRO - Maintenance Supplies
PO-101507-1,Elringklinger AG,Protective foam sheet v3,PACKAGING,Packaging & Logistics,12.52,200,EUR,Packaging & Logistics
PO-102678-3,Wabco Holdings,Bearing assemb,MRO - Maintenance Supplies,MRO - Maintenance Supplies,204.12,2,EUR,MRO - Maintenance Supplies
PO-103913-6,Bosch Rexroth,WOODEN PALLET EUR STANDADR,,Packaging & Logistics,17.36,50,EUR,Packaging & Logistics
PO-102953-5,Faiveley Transport,corrugated shipping crate v2,PACKAGING,Packaging & Logistics,32.23,50,EUR,Packaging & Logistics
PO-103206-6,Trelleborg Sealing,Stretc hwrap film Rev.B roll,Packaging & Logistics,Packaging & Logistics,32.51,20,EUR,Packaging & Logistics
PO-100718-3,Faiveley Transport,LAPTOP STD BUSINESS GRADE,IT & Office,IT & Office Equipment,823.97,20,EUR,IT & Office Equipment
PO-103233-5,Bilstein GmbH,Wooden pallet EUR standard,packaging/logistics,Packaging & Logistics,17.76,2,EUR,Packaging & Logistics
PO-101483-5,Hella GmbH,Pressure sensor unit M12,Electronic Components,Electronic Components,222.18,1,EUR,Electronic Components
PO-101083-4,Voith Turbo,Pressure sensor unit v3,ELEC COMP,Electronic Components,79.67,20,EUR,Electronic Components
PO-102031-7,Freudenberg Sealing,Corrugated shipping crate M12,PACKAGING,Packaging & Logistics,29.16,50,EUR,Packaging & Logistics
PO-102647-7,ZF Friedrichshafen,Corrugated shipping crate std,Packaging & Logistics,Packaging & Logistics,24.94,100,EUR,Packaging & Logistics
PO-101374-1,Bilstein GmbH,Corrugated shipping crate 24V,Pack & Log,Packaging & Logistics,37.58,1,EUR,Packaging & Logistics
PO-103768-1,ZF Friedrichshafen,Bearing assem,MRO - Maintenance Supplies,MRO - Maintenance Supplies,132.35,100,EUR,MRO - Maintenance Supplies
PO-103118-2,Freudenberg Sealing,CONNECTOR ASSEMBLY DH SEALED,Electronic Components,Electronic Components,80.1,200,EUR,Electronic Components
PO-101000-5,ZF Friedrichshafen,Industrial lubricant compact 20L drum,MRO - Maintenance Supplies,MRO - Maintenance Supplies,61.79,10,EUR,MRO - Maintenance Supplies
PO-101038-1,ZF Friedrichshafen,Seal kit connector hou,MRO - Maintenance Supplies,MRO - Maintenance Supplies,22.7,100,EUR,MRO - Maintenance Supplies
PO-100496-5,Haldex AB,Bearing asesmbly Rev.B,MRO - Maintenance Supplies,MRO - Maintenance Supplies,158.77,5,EUR,MRO - Maintenance Supplies
PO-103321-2,Bilstein GmbH,Mointor 27in v3,IT & Office Equipment,IT & Office Equipment,258.61,200,EUR,IT & Office Equipment
PO-104143-5,Voith Turbo,Laptop RevB. business,IT & Office Equipment,IT & Office Equipment,1368.92,200,EUR,IT & Office Equipment
PO-103145-1,Schaeffler Technologies,misc / Vulcanized rubber block S235,Raw Materials - Rubber,Raw Materials - Rubber,67.53,10,EUR,Raw Materials - Rubber
PO-101459-2,Faiveley Transport,steel coil hot-rolled 70sh-a,raw materials/steel,Raw Materials - Steel,355.68,1,EUR,Raw Materials - Steel
PO-103075-1,Wabco Holdings,Hydraulic hose fitting 230V,maintenance,MRO - Maintenance Supplies,17.94,1,EUR,MRO - Maintenance Supplies
PO-100392-6,Mahle GmbH,Protective foam sheet v2,PACKAGING,Packaging & Logistics,23.64,1,EUR,Packaging & Logistics
PO-100087-2,Haldex AB,Pressure sensro unit v2,Electronic Components,Electronic Components,158.28,50,EUR,Electronic Components
PO-101641-2,Continental AG,EPDM rubber seal stock NBR-70,Raw Materials - Rubber,Raw Materials - Rubber,20.56,1,EUR,Raw Materials - Rubber
PO-100598-2,Faiveley Transport,Protective foam sheet M12,Packaging & Logistics,Packaging & Logistics,16.36,100,EUR,Packaging & Logistics
PO-101526-6,Wabco Holdings,PRESSURE SENSOR UNIT COMPACT,Electronic Components,Electronic Components,160.82,5,EUR,Electronic Components
PO-101445-2,Schaeffler Technologies,Lpatop 230V business,IT & Office Equipment,IT & Office Equipment,1139.26,20,EUR,IT & Office Equipment
PO-101628-3,Bosch Rexroth,PO item: SEALING GASKET SHEET S355,Raw Materials - Rubber,Raw Materials - Rubber,20.01,1,EUR,Raw Materials - Rubber
PO-102761-2,Mahle GmbH,Connector assembly HD sealed,Electronic Components,Electronic Components,46.62,2,EUR,Electronic Components
PO-100750-7,Bosch Rexroth,seal kit connector housing v3,MRO - Maintenance Supplies,MRO - Maintenance Supplies,22.55,100,EUR,MRO - Maintenance Supplies
PO-100624-7,Haldex AB,Steel coil hot-rolled X5CrNi,raw materials/steel,Raw Materials - Steel,252.06,5,EUR,Raw Materials - Steel
PO-102693-4,Mahle GmbH,Forged steel billet7 0Sh-A,Raw Materials - Steel,Raw Materials - Steel,397.24,50,EUR,Raw Materials - Steel
PO-100422-1,Bosch Rexroth,Wiring harness connector Rev.B,electronics,Electronic Components,80.11,10,EUR,Electronic Components
PO-104004-6,Mahle GmbH,Seal kit connector housing v2,MRO,MRO - Maintenance Supplies,34.26,2,EUR,MRO - Maintenance Supplies
PO-101937-4,Bosch Rexroth,Wooden pallet EUR standard,Packaging & Logistics,Packaging & Logistics,15.71,5,EUR,Packaging & Logistics
PO-102459-1,Hella GmbH,PO item: Office chiar ergonomic v3,IT & Office Equipment,IT & Office Equipment,217.51,2,EUR,IT & Office Equipment
PO-100282-1,Bosch Rexroth,misc / EPDM rubber seal stock 60Sh-A,Raw Materials - Rubber,Raw Materials - Rubber,23.17,1,EUR,Raw Materials - Rubber
PO-103130-7,Bosch Rexroth,PCB assemb,Electronic Components,Electronic Components,21.74,5,EUR,Electronic Components
PO-103240-5,Bosch Rexroth,Laptop 24V business grade,IT & Office Equipment,IT & Office Equipment,1195.01,50,EUR,IT & Office Equipment
PO-103363-2,Bilstein GmbH,fOfice chair ergonomic M12,IT & Office,IT & Office Equipment,125.19,100,EUR,IT & Office Equipment
PO-103567-3,Elringklinger AG,order ref pending - Rubber compound 70Sh-A sheet,Raw Materials - Rubber,Raw Materials - Rubber,12.22,100,EUR,Raw Materials - Rubber
PO-103389-7,Schaeffler Technologies,protective foam sheet 230v,Packaging & Logistics,Packaging & Logistics,13.16,200,EUR,Packaging & Logistics
PO-104011-6,Schaeffler Technologies,Vulcanized rubebr block X5CrNi,Raw Mat. Rubber,Raw Materials - Rubber,61.61,100,EUR,Raw Materials - Rubber
PO-103840-3,ZF Friedrichshafen,Industrial lubricant compact 20L drum,MRO/Maint,MRO - Maintenance Supplies,144.19,20,EUR,MRO - Maintenance Supplies
PO-100187-4,Continental AG,Protective foam shete v2,packaging/logistics,Packaging & Logistics,14.55,100,EUR,Packaging & Logistics
PO-102163-6,Continental AG,Industrial lubricant compact 20L drum,MRO - Maintenance Supplies,MRO - Maintenance Supplies,92.95,10,EUR,MRO - Maintenance Supplies
PO-102532-4,Freudenberg Sealing,EPDM rubber seal stock S235,rubber,Raw Materials - Rubber,59.85,2,EUR,Raw Materials - Rubber
PO-104198-4,Continental AG,Steel coil hot-rolled NBR-70,Raw Materials - Steel,Raw Materials - Steel,272.33,50,EUR,Raw Materials - Steel
PO-101211-6,Freudenberg Sealing,Wooden pallet EUR standard,Packaging & Logistics,Packaging & Logistics,21.16,10,EUR,Packaging & Logistics
PO-101842-7,Freudenberg Sealing,PCB ASSEMBLY V2,ELEC COMP,Electronic Components,10.57,100,EUR,Electronic Components
PO-101086-7,Haldex AB,PCB assembly HD,Electronic Components,Electronic Components,74.46,10,EUR,Electronic Components
PO-103319-7,Voith Turbo,Industrial lubricant v2 20L drum,MRO - Maintenance Supplies,MRO - Maintenance Supplies,154.77,2,EUR,MRO - Maintenance Supplies
PO-103197-4,Faiveley Transport,Steel coil hot-rolled 60Sh-A,Raw Materials - Steel,Raw Materials - Steel,215.35,50,EUR,Raw Materials - Steel
PO-102743-5,Bosch Rexroth,Forged steel ibllet S235,Steel,Raw Materials - Steel,486.1,20,EUR,Raw Materials - Steel
PO-103671-2,SKF Group,Seal kit connector housing Rev.B,MRO/Maint,MRO - Maintenance Supplies,19.09,2,EUR,MRO - Maintenance Supplies
PO-103571-7,Elringklinger AG,Monitor 27in 230V,IT EQUIP,IT & Office Equipment,153.8,2,EUR,IT & Office Equipment
PO-102913-7,Elringklinger AG,Steel sheet X5CrNi 4.0mm,Steel,Raw Materials - Steel,291.31,10,EUR,Raw Materials - Steel
PO-101619-1,Haldex AB,Sealing gasket sheet NBR-70,Raw Materials - Rubber,Raw Materials - Rubber,10.42,20,EUR,Raw Materials - Rubber
PO-100307-5,Haldex AB,Hydraulic hose fitting 230V,MRO - Maintenance Supplies,MRO - Maintenance Supplies,17.98,2,EUR,MRO - Maintenance Supplies
PO-103027-2,Hella GmbH,Seal kit connector housing M12,maintenance,MRO - Maintenance Supplies,61.15,20,EUR,MRO - Maintenance Supplies
PO-102713-3,Freudenberg Sealing,Office chari ergonomic v3,IT EQUIP,IT & Office Equipment,323.1,20,EUR,IT & Office Equipment
PO-101047-3,Trelleborg Sealing,PCB assembly Type-A,Electronic Components,Electronic Components,74.49,1,EUR,Electronic Components
PO-102619-7,Bilstein GmbH,Wiring harness connector HD,Electronic Components,Electronic Components,72.25,100,EUR,Electronic Components
PO-103494-7,Voith Turbo,Hydraulic hoes fitting 230V,MRO - Maintenance Supplies,MRO - Maintenance Supplies,29.72,100,EUR,MRO - Maintenance Supplies
PO-101535-1,Hella GmbH,Laptop Rev.B ubsiness,it/office,IT & Office Equipment,1087.17,2,EUR,IT & Office Equipment
PO-103045-6,ZF Friedrichshafen,Forged steel billet ,Raw Materials - Steel,Raw Materials - Steel,419.69,10,EUR,Raw Materials - Steel
PO-102951-3,Hella GmbH,Steel coil hot-rolled X5CrNi,RAW MAT-STEEL,Raw Materials - Steel,456.38,2,EUR,Raw Materials - Steel
PO-103535-6,Bilstein GmbH,Monitor 27in std,IT & Office Equipment,IT & Office Equipment,203.24,5,EUR,IT & Office Equipment
PO-102602-4,Wabco Holdings,Bearing assembly v3,MRO/Maint,MRO - Maintenance Supplies,248.6,20,EUR,MRO - Maintenance Supplies
PO-100547-7,Elringklinger AG,Offic echair ergonomic M12,IT & Office Equipment,IT & Office Equipment,193.27,2,EUR,IT & Office Equipment
PO-104213-5,Haldex AB,PROTECTIVE FOAM SHEE TTYPE-A ,Packaging & Logistics,Packaging & Logistics,19.58,1,EUR,Packaging & Logistics
PO-102432-2,Elringklinger AG,Corrugated shipping crate Rev.B,Pack & Log,Packaging & Logistics,56.99,200,EUR,Packaging & Logistics
PO-101958-4,ZF Friedrichshafen,misc / Steel coil hot-rolled DC01,Raw Materials - Steel,Raw Materials - Steel,423.2,1,EUR,Raw Materials - Steel
PO-101757-6,Continental AG,order ref pending - Office chair ergonomic 24V,IT & Office Equipment,IT & Office Equipment,363.6,5,EUR,IT & Office Equipment
PO-102065-6,SKF Group,laptop m12 business grade,IT & Office Equipment,IT & Office Equipment,798.46,10,EUR,IT & Office Equipment
PO-102588-4,Wabco Holdings,Wooden pallet EUR standard,Packaging & Logistics,Packaging & Logistics,19.36,1,EUR,Packaging & Logistics
PO-101974-6,Schaeffler Technologies,Steel sheet DC01 1.5mm,Raw Materials - Steel,Raw Materials - Steel,250.12,20,EUR,Raw Materials - Steel
PO-101208-3,ZF Friedrichshafen,Wiring harness connector v3,Electronic Components,Electronic Components,87.84,50,EUR,Electronic Components
PO-103378-3,Mahle GmbH,Stretch wrap film 230V roll,PACKAGING,Packaging & Logistics,20.16,10,EUR,Packaging & Logistics
PO-103141-4,SKF Group,Forged steel billet S355,Steel,Raw Materials - Steel,756.51,1,EUR,Raw Materials - Steel
PO-103998-7,ZF Friedrichshafen,Rubber compound DC01 sheet,rubber,Raw Materials - Rubber,19.29,2,EUR,Raw Materials - Rubber
PO-100073-2,Wabco Holdings,MONITOR 27IN M12,IT & Office Equipment,IT & Office Equipment,204.52,100,EUR,IT & Office Equipment
PO-100461-5,Continental AG,CONNECTOR ASSEMBLY STD SEALED,Electronic Components,Electronic Components,28.98,20,EUR,Electronic Components
PO-100249-3,Continental AG,Pressure sensor unit v2,Elec. Components,Electronic Components,85.07,50,EUR,Electronic Components
PO-101990-1,Haldex AB,Steel coil hot-rolled NBR-70,Raw Materials - Steel,Raw Materials - Steel,327.65,2,EUR,Raw Materials - Steel
PO-100051-1,ZF Friedrichshafen,Office chair ergonomic 24V,IT EQUIP,IT & Office Equipment,196.5,100,EUR,IT & Office Equipment
PO-102946-5,Mahle GmbH,Seal kit connector housing M12,maintenance,MRO - Maintenance Supplies,61.55,20,EUR,MRO - Maintenance Supplies
PO-103701-4,Schaeffler Technologies,bearing assembly type-a,maintenance,MRO - Maintenance Supplies,137.0,2,EUR,MRO - Maintenance Supplies
PO-102333-1,ZF Friedrichshafen,Forged steel billet DC01,Raw Materials - Steel,Raw Materials - Steel,436.36,50,EUR,Raw Materials - Steel
PO-101793-7,Continental AG,Wooden pallet EUR standard,,Packaging & Logistics,16.35,1,EUR,Packaging & Logistics
PO-102414-5,Schaeffler Technologies,forged steel bill,Raw Materials - Steel,Raw Materials - Steel,826.88,200,EUR,Raw Materials - Steel
PO-103254-5,SKF Group,Connector assembly v2 sealed,Electronic Components,Electronic Components,38.8,20,EUR,Electronic Components
PO-102391-3,Bilstein GmbH,Office chair ergonomic std,IT & Office Equipment,IT & Office Equipment,187.06,5,EUR,IT & Office Equipment
PO-102589-5,Bilstein GmbH,Hydraulic hose fitting std,MRO - Maintenance Supplies,MRO - Maintenance Supplies,21.59,1,EUR,MRO - Maintenance Supplies
PO-100498-7,Bilstein GmbH,Connector assembly 230V sealed,Elec. Components,Electronic Components,16.0,200,EUR,Electronic Components
PO-103897-4,Faiveley Transport,Bearing assembly Type-A,MRO/Maint,MRO - Maintenance Supplies,227.13,2,EUR,MRO - Maintenance Supplies
PO-100112-6,Haldex AB,EPDM rubbers eal stock DC01,Raw Materials - Rubber,Raw Materials - Rubber,43.65,200,EUR,Raw Materials - Rubber
PO-101841-6,Faiveley Transport,Hydraulic hose fitting 230V,maintenance,MRO - Maintenance Supplies,12.73,1,EUR,MRO - Maintenance Supplies
PO-103439-1,Wabco Holdings,EPDM rubber seal stock S355,RAW MAT-RUBBER,Raw Materials - Rubber,26.43,2,EUR,Raw Materials - Rubber
PO-103682-6,Mahle GmbH,Forged steel bill,Raw Materials - Steel,Raw Materials - Steel,740.76,5,EUR,Raw Materials - Steel
PO-103358-4,ZF Friedrichshafen,Steel sheet 42CrMo4 ,Raw Materials - Steel,Raw Materials - Steel,266.8,20,EUR,Raw Materials - Steel
PO-102201-2,Faiveley Transport,Wooden pallet EUR standard,packaging/logistics,Packaging & Logistics,18.98,20,EUR,Packaging & Logistics
PO-102367-7,Wabco Holdings,EPDM RUBBER SEAL STOCK DC01,Raw Materials - Rubber,Raw Materials - Rubber,35.61,50,EUR,Raw Materials - Rubber
PO-101160-4,Wabco Holdings,PO item: Seal kit connector housing Type-A,MRO - Maintenance Supplies,MRO - Maintenance Supplies,59.4,5,EUR,MRO - Maintenance Supplies
PO-103368-7,Hella GmbH,MONITOR 2I7N 24V,IT EQUIP,IT & Office Equipment,203.34,50,EUR,IT & Office Equipment
PO-101772-7,Schaeffler Technologies,Monitor 27in Type-A,IT & Office Equipment,IT & Office Equipment,223.52,200,EUR,IT & Office Equipment
PO-102411-2,SKF Group,Industrial lubricant std 20L drum,MRO - Maintenance Supplies,MRO - Maintenance Supplies,111.96,20,EUR,MRO - Maintenance Supplies
PO-102079-6,ZF Friedrichshafen,pressure sensor unit rev.b,Electronic Components,Electronic Components,264.25,5,EUR,Electronic Components
PO-102894-2,Voith Turbo,PCB assmebly std,Electronic Components,Electronic Components,157.58,100,EUR,Electronic Components
PO-104088-6,Hella GmbH,tSeel coil hot-rolled 42CrMo4,Steel,Raw Materials - Steel,454.2,10,EUR,Raw Materials - Steel
PO-102105-4,Freudenberg Sealing,PCB assembly std,electronics,Electronic Components,43.58,50,EUR,Electronic Components
PO-101239-6,Bosch Rexroth,Rubber compound DC01 shee,Raw Materials - Rubber,Raw Materials - Rubber,34.48,50,EUR,Raw Materials - Rubber
PO-100203-6,Mahle GmbH,Monitro 27in 24V,IT & Office Equipment,IT & Office Equipment,204.63,1,EUR,IT & Office Equipment
PO-101393-6,Hella GmbH,Corrugated shipping crate v3,Packaging & Logistics,Packaging & Logistics,15.61,20,EUR,Packaging & Logistics
PO-101924-5,ZF Friedrichshafen,Forged steel billet X5CrNi,raw materials/steel,Raw Materials - Steel,573.59,20,EUR,Raw Materials - Steel
PO-100381-2,Faiveley Transport,steel coil hot-rolled 60sh-a,Raw Materials - Steel,Raw Materials - Steel,379.45,2,EUR,Raw Materials - Steel
PO-101668-1,Haldex AB,PCB ASSEMBLY YTPE,Electronic Components,Electronic Components,38.16,100,EUR,Electronic Components
PO-102038-7,Faiveley Transport,hydraulic hose fitting rev.b,maintenance,MRO - Maintenance Supplies,14.3,5,EUR,MRO - Maintenance Supplies
PO-101828-7,Freudenberg Sealing,misc / Sealing gasket sheet 42CrMo4,Raw Materials - Rubber,Raw Materials - Rubber,36.66,50,EUR,Raw Materials - Rubber
PO-102634-1,Continental AG,Laptop 230V busin,IT & Office Equipment,IT & Office Equipment,1327.51,100,EUR,IT & Office Equipment
PO-103373-5,Voith Turbo,PCB assembly HD,Electronic Components,Electronic Components,28.26,1,EUR,Electronic Components
PO-101119-5,SKF Group,Pressure sensor unit 24V,Electronic Components,Electronic Components,289.3,200,EUR,Electronic Components
PO-100679-6,Haldex AB,Wooden pallet EU,Packaging & Logistics,Packaging & Logistics,14.79,2,EUR,Packaging & Logistics
PO-101923-4,Wabco Holdings,Steel coil hot-rolled 60Sh-A,raw materials/steel,Raw Materials - Steel,445.55,2,EUR,Raw Materials - Steel
PO-104003-5,Haldex AB,Corrugated shipping crate 24V,Packaging & Logistics,Packaging & Logistics,36.66,2,EUR,Packaging & Logistics
PO-102197-5,Continental AG,Steel sheet S355 4.0mm,,Raw Materials - Steel,355.76,1,EUR,Raw Materials - Steel
PO-103929-1,Hella GmbH,Protective foam sheet Type-A,Packaging & Logistics,Packaging & Logistics,19.06,200,EUR,Packaging & Logistics
PO-103092-4,SKF Group,Connector assembly 24V sealed,Elec. Components,Electronic Components,73.39,100,EUR,Electronic Components
PO-101553-5,Schaeffler Technologies,Laptop compact business grade,IT & Office Equipment,IT & Office Equipment,1034.35,50,EUR,IT & Office Equipment
PO-103926-5,Mahle GmbH,seal kit connector housing rev.b,MRO - Maintenance Supplies,MRO - Maintenance Supplies,20.79,20,EUR,MRO - Maintenance Supplies
PO-101121-7,Schaeffler Technologies,Corrugated shipping crate compact,Packaging & Logistics,Packaging & Logistics,19.67,1,EUR,Packaging & Logistics
PO-101497-5,Bosch Rexroth,Connector assembly Rev.B sealed,Elec. Components,Electronic Components,18.61,5,EUR,Electronic Components
PO-102259-4,ZF Friedrichshafen,PBC assembly v2,Electronic Components,Electronic Components,85.52,50,EUR,Electronic Components
PO-101294-5,Bosch Rexroth,Bearing assembly HD,MRO - Maintenance Supplies,MRO - Maintenance Supplies,201.15,5,EUR,MRO - Maintenance Supplies
PO-101205-7,Schaeffler Technologies,Industrail lubricant M12 20L drum,MRO - Maintenance Supplies,MRO - Maintenance Supplies,179.54,50,EUR,MRO - Maintenance Supplies
PO-100027-5,Hella GmbH,Corrugated shipping crate Rev.B,PACKAGING,Packaging & Logistics,31.1,10,EUR,Packaging & Logistics
PO-103882-3,ZF Friedrichshafen,Protective foam sheet 230V,Packaging & Logistics,Packaging & Logistics,11.96,10,EUR,Packaging & Logistics
PO-101036-6,Freudenberg Sealing,stretch wrap film 230v roll,packaging/logistics,Packaging & Logistics,13.46,100,EUR,Packaging & Logistics
PO-101058-7,ZF Friedrichshafen,order ref pending - Vulcanized rubber block S235,RAW MAT-RUBBER,Raw Materials - Rubber,62.95,20,EUR,Raw Materials - Rubber
PO-100031-2,Freudenberg Sealing,Forged steel billet DC0,Raw Materials - Steel,Raw Materials - Steel,891.33,2,EUR,Raw Materials - Steel
PO-102994-4,Freudenberg Sealing,PCB assembly M12,ELEC COMP,Electronic Components,82.62,2,EUR,Electronic Components
PO-101383-3,Haldex AB,STEEL SHEET S235 2.0MM,RAW MAT-STEEL,Raw Materials - Steel,418.72,10,EUR,Raw Materials - Steel
PO-100039-3,Hella GmbH,Vulcanized rubber block NBR-70,Raw Materials - Rubber,Raw Materials - Rubber,49.31,5,EUR,Raw Materials - Rubber
PO-102131-2,ZF Friedrichshafen,Laptop 24V business grade,it/office,IT & Office Equipment,951.43,50,EUR,IT & Office Equipment
PO-102147-4,Hella GmbH,Forged steel billet 70Sh-A,Raw Materials - Steel,Raw Materials - Steel,630.75,100,EUR,Raw Materials - Steel
PO-103734-2,Schaeffler Technologies,Vulcanized rubber block NBR-70,rubber,Raw Materials - Rubber,27.48,1,EUR,Raw Materials - Rubber
PO-100924-6,Wabco Holdings,Lpatop Type-A business grade,IT & Office Equipment,IT & Office Equipment,762.34,50,EUR,IT & Office Equipment
PO-101920-1,Hella GmbH,Steel coil hot-rolled 42CrMo4,Raw Materials - Steel,Raw Materials - Steel,345.81,2,EUR,Raw Materials - Steel
PO-103738-6,Continental AG,wiring harness connector 24v,Electronic Components,Electronic Components,77.7,50,EUR,Electronic Components
PO-102117-2,SKF Group,Wooden pallet EUR standard,Packaging & Logistics,Packaging & Logistics,18.16,5,EUR,Packaging & Logistics
PO-103320-1,Elringklinger AG,PO item: protective foam sheet type-a,packaging/logistics,Packaging & Logistics,24.67,10,EUR,Packaging & Logistics
PO-102495-2,Schaeffler Technologies,EPDM rubber seal stock X5CrNi,RAW MAT-RUBBER,Raw Materials - Rubber,29.8,100,EUR,Raw Materials - Rubber
PO-104153-1,Trelleborg Sealing,OFFICE CHAIR ERGONOMIC STD,IT EQUIP,IT & Office Equipment,191.88,50,EUR,IT & Office Equipment
PO-104121-4,Mahle GmbH,Pressure sensor unit compact,,Electronic Components,244.4,10,EUR,Electronic Components
PO-101720-4,Haldex AB,Office chair ergonomic 230V,IT EQUIP,IT & Office Equipment,130.78,200,EUR,IT & Office Equipment
PO-100371-6,Continental AG,steel sheet s355 1.5mm,Raw Materials - Steel,Raw Materials - Steel,235.87,5,EUR,Raw Materials - Steel
PO-102617-5,SKF Group,VULCANIZED RUBBRE BLOCK X5CRNI,Raw Materials - Rubber,Raw Materials - Rubber,65.17,20,EUR,Raw Materials - Rubber
PO-101871-1,Wabco Holdings,Laptop Rev.B business grade,IT & Office Equipment,IT & Office Equipment,1164.03,10,EUR,IT & Office Equipment
PO-101010-1,Trelleborg Sealing,wooden pallet eur standard,packaging/logistics,Packaging & Logistics,10.32,10,EUR,Packaging & Logistics
PO-103717-6,SKF Group,pressure sensor unit std,Electronic Components,Electronic Components,239.76,200,EUR,Electronic Components
PO-101615-4,Continental AG,Industrial lubricant 230V 20L drum,MRO - Maintenance Supplies,MRO - Maintenance Supplies,110.21,100,EUR,MRO - Maintenance Supplies
PO-104099-3,SKF Group,Wooden pallet EUR standard,Packaging & Logistics,Packaging & Logistics,11.54,200,EUR,Packaging & Logistics
PO-103533-4,Schaeffler Technologies,Office chair ergonomic 24V,it/office,IT & Office Equipment,142.01,10,EUR,IT & Office Equipment
PO-101851-2,Trelleborg Sealing,Hydraulic hose fitting compact,,MRO - Maintenance Supplies,13.89,2,EUR,MRO - Maintenance Supplies
PO-101448-5,Voith Turbo,INDUSTRIAL LUBRICANT 24V 20L DRUM,MRO,MRO - Maintenance Supplies,179.53,20,EUR,MRO - Maintenance Supplies
PO-103405-2,Wabco Holdings,Stretch wrap film compact roll,Packaging & Logistics,Packaging & Logistics,16.57,20,EUR,Packaging & Logistics
PO-101084-5,Trelleborg Sealing,Stretch wrap film compact roll,Packaging & Logistics,Packaging & Logistics,17.79,5,EUR,Packaging & Logistics
PO-103519-4,Elringklinger AG,SEAL KIT CONNECTOR HOUSING STD,MRO - Maintenance Supplies,MRO - Maintenance Supplies,39.98,100,EUR,MRO - Maintenance Supplies
PO-100981-7,Bilstein GmbH,CORRUGATED SHIPPING CRATE 230V,,Packaging & Logistics,36.59,200,EUR,Packaging & Logistics
PO-102317-6,Mahle GmbH,Rubber compound 60ShA- sheet,Raw Materials - Rubber,Raw Materials - Rubber,12.96,10,EUR,Raw Materials - Rubber
PO-101392-5,Schaeffler Technologies,STRETCH WRAP FILM V2 ROLL,packaging/logistics,Packaging & Logistics,34.59,200,EUR,Packaging & Logistics
PO-100608-5,ZF Friedrichshafen,connector assembly type-a sealed,ELEC COMP,Electronic Components,32.76,100,EUR,Electronic Components
PO-101547-6,ZF Friedrichshafen,steel sheet dc01 8.0mm,Raw Materials - Steel,Raw Materials - Steel,197.12,100,EUR,Raw Materials - Steel
PO-101898-7,SKF Group,misc / steel sheet 42crmo4 6.0mm,RAW MAT-STEEL,Raw Materials - Steel,239.4,200,EUR,Raw Materials - Steel
PO-103288-4,SKF Group,Protective foam ,Packaging & Logistics,Packaging & Logistics,25.86,20,EUR,Packaging & Logistics
PO-100111-5,Hella GmbH,order ref pending - Rubber compound 42CrMo4 sheet,RAW MAT-RUBBER,Raw Materials - Rubber,37.29,5,EUR,Raw Materials - Rubber
PO-103291-7,Wabco Holdings,Protective foam sheet std,Packaging & Logistics,Packaging & Logistics,11.85,1,EUR,Packaging & Logistics
PO-102646-6,ZF Friedrichshafen,Bearing assembly HD,MRO - Maintenance Supplies,MRO - Maintenance Supplies,250.65,20,EUR,MRO - Maintenance Supplies
PO-102453-2,SKF Group,hydraulic hose fitting 24v,MRO - Maintenance Supplies,MRO - Maintenance Supplies,43.42,50,EUR,MRO - Maintenance Supplies
PO-103485-5,Mahle GmbH,laptop compact business grade,IT EQUIP,IT & Office Equipment,1206.02,200,EUR,IT & Office Equipment
PO-101410-2,Bilstein GmbH,Steel sheet S355 8.0mm,Raw Materials - Steel,Raw Materials - Steel,272.7,1,EUR,Raw Materials - Steel
PO-102559-3,Schaeffler Technologies,misc / Connector assembly 24V sealed,Electronic Components,Electronic Components,51.09,200,EUR,Electronic Components
PO-104080-5,SKF Group,PO item: EPDM rubber seal stock,RAW MAT-RUBBER,Raw Materials - Rubber,49.0,100,EUR,Raw Materials - Rubber
PO-101021-5,Bosch Rexroth,Seal kit connector housing compact,MRO - Maintenance Supplies,MRO - Maintenance Supplies,13.4,50,EUR,MRO - Maintenance Supplies
PO-100722-7,Voith Turbo,Hydraulic hose fitting HD,MRO - Maintenance Supplies,MRO - Maintenance Supplies,22.82,5,EUR,MRO - Maintenance Supplies
PO-102857-7,Mahle GmbH,misc / Monitor 27in Rev.B,IT & Office Equipment,IT & Office Equipment,267.83,5,EUR,IT & Office Equipment
PO-104055-1,Continental AG,Office chair ergonomic std,it/office,IT & Office Equipment,270.8,20,EUR,IT & Office Equipment
PO-100117-4,Bilstein GmbH,Hydarulic hose f,MRO - Maintenance Supplies,MRO - Maintenance Supplies,37.4,100,EUR,MRO - Maintenance Supplies
PO-100738-2,ZF Friedrichshafen,Steel coil hot-rolled X5Cr,raw materials/steel,Raw Materials - Steel,465.0,20,EUR,Raw Materials - Steel
PO-102060-1,Freudenberg Sealing,Steel coil hot-rolled S235,Raw Materials - Steel,Raw Materials - Steel,332.33,100,EUR,Raw Materials - Steel
PO-102957-2,Mahle GmbH,OFFICE CHAIR ERGONOMIC STD,IT & Office Equipment,IT & Office Equipment,237.15,10,EUR,IT & Office Equipment
PO-101470-6,Elringklinger AG,seal kit connector housing v2,MRO - Maintenance Supplies,MRO - Maintenance Supplies,34.84,50,EUR,MRO - Maintenance Supplies
PO-100431-3,Wabco Holdings,Steel sheet 42CrMo4 6.0mm,raw materials/steel,Raw Materials - Steel,246.4,50,EUR,Raw Materials - Steel
PO-101044-7,Elringklinger AG,Perssure sensor unit M12,electronics,Electronic Components,266.99,2,EUR,Electronic Components
PO-104174-1,Continental AG,Office chair ergonomic 230V,it/office,IT & Office Equipment,356.89,50,EUR,IT & Office Equipment
PO-102401-6,Freudenberg Sealing,Connector assembly 230V sealed,,Electronic Components,28.06,200,EUR,Electronic Components
PO-102140-4,ZF Friedrichshafen,Pressure sensor unit compact,Electronic Components,Electronic Components,209.03,200,EUR,Electronic Components
PO-102441-4,Freudenberg Sealing,rubber compound s235 sheet,RAW MAT-RUBBER,Raw Materials - Rubber,13.67,2,EUR,Raw Materials - Rubber
PO-101401-7,Voith Turbo,Corrugated shipping crate 24V,Packaging & Logistics,Packaging & Logistics,54.65,1,EUR,Packaging & Logistics
PO-102360-7,Bilstein GmbH,steel coil hot-rolled s355,Raw Materials - Steel,Raw Materials - Steel,399.25,50,EUR,Raw Materials - Steel
PO-102427-4,Schaeffler Technologies,Steel coil hot-rolled S235,Raw Materials - Steel,Raw Materials - Steel,262.68,50,EUR,Raw Materials - Steel
PO-100501-3,SKF Group,order ref pending - Wooden pallet EUR standard,Pack & Log,Packaging & Logistics,12.31,200,EUR,Packaging & Logistics
PO-101677-3,Faiveley Transport,office chair ergonomic rev.b,IT EQUIP,IT & Office Equipment,272.12,100,EUR,IT & Office Equipment
PO-102285-2,Haldex AB,Steel coil hot-rolled S235,RAW MAT-STEEL,Raw Materials - Steel,377.77,1,EUR,Raw Materials - Steel
PO-102067-1,Voith Turbo,Sealing gasket sheet X5CrNi,RAW MAT-RUBBER,Raw Materials - Rubber,22.05,10,EUR,Raw Materials - Rubber
PO-100034-5,Voith Turbo,Sealing gasket sheet 60Sh-A,Raw Materials - Rubber,Raw Materials - Rubber,22.9,50,EUR,Raw Materials - Rubber
PO-103890-4,Elringklinger AG,Sealing gasket sheet 42CrMo4,Raw Materials - Rubber,Raw Materials - Rubber,33.3,100,EUR,Raw Materials - Rubber
PO-100108-2,Hella GmbH,Steel coil hot-rolled 70Sh,Raw Materials - Steel,Raw Materials - Steel,368.76,5,EUR,Raw Materials - Steel
PO-101517-4,Freudenberg Sealing,Wiring harness connector std,Electronic Components,Electronic Components,25.61,20,EUR,Electronic Components
PO-104031-5,Hella GmbH,PCB assembly HD,electronics,Electronic Components,110.95,5,EUR,Electronic Components
PO-102640-7,SKF Group,wiring harnes sconnector compact,electronics,Electronic Components,21.4,20,EUR,Electronic Components
PO-101832-4,Haldex AB,Office chair ergonomic v3,IT & Office Equipment,IT & Office Equipment,256.72,200,EUR,IT & Office Equipment
PO-100748-5,Trelleborg Sealing,Corrugated shipping crate compact,Packaging & Logistics,Packaging & Logistics,28.57,20,EUR,Packaging & Logistics
PO-101515-2,Voith Turbo,Vulcanized rubber block 70Sh-A,RAW MAT-RUBBER,Raw Materials - Rubber,69.44,50,EUR,Raw Materials - Rubber
PO-103105-3,Elringklinger AG,vulcanized rubber block nbr-70,RAW MAT-RUBBER,Raw Materials - Rubber,64.14,5,EUR,Raw Materials - Rubber
PO-102756-4,Mahle GmbH,Sealing gasket sheet NBR-70,Raw Materials - Rubber,Raw Materials - Rubber,18.71,100,EUR,Raw Materials - Rubber
PO-103157-6,Trelleborg Sealing,BEARING ASSEMBLY HD,MRO,MRO - Maintenance Supplies,232.9,5,EUR,MRO - Maintenance Supplies
PO-100830-3,Hella GmbH,Industrial lubricant 230V 20L drum,MRO - Maintenance Supplies,MRO - Maintenance Supplies,127.87,20,EUR,MRO - Maintenance Supplies
PO-100910-6,Faiveley Transport,Rubber compound X5CrNi sheet,,Raw Materials - Rubber,22.9,20,EUR,Raw Materials - Rubber
PO-100779-1,Haldex AB,Rubber compound 70Sh-A sheet,Raw Materials - Rubber,Raw Materials - Rubber,33.41,200,EUR,Raw Materials - Rubber
PO-102872-1,Elringklinger AG,PO item: INDUSTRIAL LUBRICANT REV.B 20L DRUM,MRO - Maintenance Supplies,MRO - Maintenance Supplies,71.35,100,EUR,MRO - Maintenance Supplies
PO-104169-3,Freudenberg Sealing,Office chair ergonomic M12,IT & Office Equipment,IT & Office Equipment,253.59,10,EUR,IT & Office Equipment
PO-102876-5,Freudenberg Sealing,Office chair ergonomic v2,IT & Office Equipment,IT & Office Equipment,250.79,100,EUR,IT & Office Equipment
PO-102881-3,Bilstein GmbH,Protectiev foam sheet Type-A,Packaging & Logistics,Packaging & Logistics,11.23,20,EUR,Packaging & Logistics
PO-103377-2,Faiveley Transport,Steel coil hot-rolled 60Sh-A,RAW MAT-STEEL,Raw Materials - Steel,249.23,20,EUR,Raw Materials - Steel
PO-101145-3,Schaeffler Technologies,Vulcanized rubber block DC01,RAW MAT-RUBBER,Raw Materials - Rubber,40.36,20,EUR,Raw Materials - Rubber
PO-102549-7,Bosch Rexroth,Sealing gasket sheet S235,,Raw Materials - Rubber,35.85,5,EUR,Raw Materials - Rubber
PO-100896-6,Elringklinger AG,Wiring harness connector Type-A,Electronic Components,Electronic Components,37.12,100,EUR,Electronic Components
PO-104048-1,Faiveley Transport,Bearing assembly 230V,maintenance,MRO - Maintenance Supplies,109.61,100,EUR,MRO - Maintenance Supplies
PO-103014-3,Bilstein GmbH,Bearing assembly compact,MRO - Maintenance Supplies,MRO - Maintenance Supplies,61.7,10,EUR,MRO - Maintenance Supplies
PO-102167-3,Bilstein GmbH,laptop compact business grade,IT & Office,IT & Office Equipment,684.06,2,EUR,IT & Office Equipment
PO-101634-2,Mahle GmbH,SEALING GASKE TSHEET 70SH-A,,Raw Materials - Rubber,19.0,1,EUR,Raw Materials - Rubber
PO-101768-3,Voith Turbo,Monitor 27in M12,IT & Office Equipment,IT & Office Equipment,312.93,10,EUR,IT & Office Equipment
PO-100343-6,Bilstein GmbH,Steel sehet DC01 6.0mm,RAW MAT-STEEL,Raw Materials - Steel,272.24,100,EUR,Raw Materials - Steel
PO-102314-3,Voith Turbo,PCB assembly v,ELEC COMP,Electronic Components,120.54,20,EUR,Electronic Components
PO-101519-6,Freudenberg Sealing,Steel coil hot-rolled 70Sh-A,Raw Materials - Steel,Raw Materials - Steel,387.32,20,EUR,Raw Materials - Steel
PO-102244-3,Hella GmbH,Sealing gasket sheet 70Sh-A,rubber,Raw Materials - Rubber,25.56,1,EUR,Raw Materials - Rubber
PO-102771-5,Bosch Rexroth,PROTECTIVE FOAM SHEET STD,PACKAGING,Packaging & Logistics,22.0,200,EUR,Packaging & Logistics
PO-103700-3,Freudenberg Sealing,Steel coil hot-rolled 70Sh-A,RAW MAT-STEEL,Raw Materials - Steel,451.35,10,EUR,Raw Materials - Steel
PO-104114-4,Hella GmbH,steel coil hot-rolled s355,RAW MAT-STEEL,Raw Materials - Steel,296.55,20,EUR,Raw Materials - Steel
PO-103931-3,Bilstein GmbH,pcb assembly v3,Electronic Components,Electronic Components,126.78,20,EUR,Electronic Components
PO-100295-7,Trelleborg Sealing,Industrial lubricant v3 20L drum,MRO - Maintenance Supplies,MRO - Maintenance Supplies,140.58,50,EUR,MRO - Maintenance Supplies
PO-102868-4,Trelleborg Sealing,WOODEN PALLET EUR STANDARD,Pack & Log,Packaging & Logistics,17.99,20,EUR,Packaging & Logistics
PO-102156-6,Bilstein GmbH,Seal kit connector housing 230V,maintenance,MRO - Maintenance Supplies,28.28,50,EUR,MRO - Maintenance Supplies
PO-103883-4,Continental AG,Laptop 230V business grade,IT & Office Equipment,IT & Office Equipment,1287.4,5,EUR,IT & Office Equipment
PO-100107-1,Faiveley Transport,Rubber compound X5CrNi sheet,RAW MAT-RUBBER,Raw Materials - Rubber,25.49,50,EUR,Raw Materials - Rubber
PO-103614-1,Freudenberg Sealing,Vulcanized rubber block 70Sh-A,RAW MAT-RUBBER,Raw Materials - Rubber,47.94,5,EUR,Raw Materials - Rubber
PO-101227-1,ZF Friedrichshafen,Steel coil hot-rolled DC01,raw materials/steel,Raw Materials - Steel,228.73,200,EUR,Raw Materials - Steel
PO-101221-2,Trelleborg Sealing,connector assembly std sealed,,Electronic Components,49.25,10,EUR,Electronic Components
PO-102135-6,SKF Group,PO item: connector assembly type-a sea,Electronic Components,Electronic Components,25.89,10,EUR,Electronic Components
PO-102873-2,SKF Group,Forged steel billet NBR-70,Raw Materials - Steel,Raw Materials - Steel,876.49,20,EUR,Raw Materials - Steel
PO-103053-7,Elringklinger AG,WOODEN PALLET E,Packaging & Logistics,Packaging & Logistics,16.3,1,EUR,Packaging & Logistics
PO-102736-5,Trelleborg Sealing,Mnoitor 27in Rev.B,IT & Office Equipment,IT & Office Equipment,141.65,20,EUR,IT & Office Equipment
PO-103973-3,Continental AG,EPDM rubber seal stock S355,Raw Materials - Rubber,Raw Materials - Rubber,27.87,100,EUR,Raw Materials - Rubber
PO-100077-6,Trelleborg Sealing,Wooden pallet EUR standard,PACKAGING,Packaging & Logistics,18.58,5,EUR,Packaging & Logistics
PO-101056-5,Schaeffler Technologies,Steel sheet 60Sh-A .30mm,raw materials/steel,Raw Materials - Steel,364.03,10,EUR,Raw Materials - Steel
PO-101105-5,Schaeffler Technologies,Connector assembly v2 sealed,ELEC COMP,Electronic Components,12.05,10,EUR,Electronic Components
PO-104116-6,Faiveley Transport,Seal kit connector housing 24V,MRO - Maintenance Supplies,MRO - Maintenance Supplies,60.01,20,EUR,MRO - Maintenance Supplies
PO-101396-2,Wabco Holdings,Pressure sensor unit Rev.B,Electronic Components,Electronic Components,134.56,20,EUR,Electronic Components
PO-102294-4,Haldex AB,Connector assembly HD sealed,Electronic Components,Electronic Components,59.37,1,EUR,Electronic Components
PO-101016-7,Elringklinger AG,Forged steel billet 42CrMo4,Raw Materials - Steel,Raw Materials - Steel,618.02,20,EUR,Raw Materials - Steel
PO-103030-5,Bilstein GmbH,Pressure sensor unit Type-A,Electronic Components,Electronic Components,199.78,50,EUR,Electronic Components
PO-101979-4,Faiveley Transport,order ref pending - Setel sheet S355 3.0mm,Raw Materials - Steel,Raw Materials - Steel,394.47,50,EUR,Raw Materials - Steel
PO-100150-2,Mahle GmbH,Vulcanized rubber block,Raw Materials - Rubber,Raw Materials - Rubber,49.24,20,EUR,Raw Materials - Rubber
PO-100164-2,Wabco Holdings,PO item: PCB assembly 24V,Electronic Components,Electronic Components,106.16,100,EUR,Electronic Components
PO-101931-5,Elringklinger AG,corrugated shipping crate m12,Packaging & Logistics,Packaging & Logistics,44.68,5,EUR,Packaging & Logistics
PO-100198-1,Voith Turbo,Laptop Type-A business grade,IT & Office Equipment,IT & Office Equipment,1288.2,5,EUR,IT & Office Equipment
PO-100875-6,Bosch Rexroth,Industrial lubricant v3 20L drum,MRO - Maintenance Supplies,MRO - Maintenance Supplies,164.34,100,EUR,MRO - Maintenance Supplies
PO-101953-6,ZF Friedrichshafen,Seal kit connector houisng 2,maintenance,MRO - Maintenance Supplies,33.85,5,EUR,MRO - Maintenance Supplies
PO-103028-3,Mahle GmbH,STEEL SHEET S355 1.5MM,raw materials/steel,Raw Materials - Steel,418.76,1,EUR,Raw Materials - Steel
PO-102435-5,Bilstein GmbH,Steel coil hot-rolled DC01,raw materials/steel,Raw Materials - Steel,462.41,5,EUR,Raw Materials - Steel
PO-100699-5,Voith Turbo,Office hcair erg,IT & Office Equipment,IT & Office Equipment,125.99,200,EUR,IT & Office Equipment
PO-100316-7,Freudenberg Sealing,Bearing assemb,MRO - Maintenance Supplies,MRO - Maintenance Supplies,50.01,2,EUR,MRO - Maintenance Supplies
PO-102276-7,Freudenberg Sealing,Seal kit connector housing TypeA-,MRO - Maintenance Supplies,MRO - Maintenance Supplies,57.4,100,EUR,MRO - Maintenance Supplies
PO-103958-2,SKF Group,Office chair ergonomic HD,IT & Office Equipment,IT & Office Equipment,173.02,5,EUR,IT & Office Equipment
PO-104161-2,Mahle GmbH,Monitor 27in 230V,IT & Office Equipment,IT & Office Equipment,287.57,100,EUR,IT & Office Equipment
PO-102394-6,Wabco Holdings,STEEL COIL HOT-ROLLED 60SH-A,raw materials/steel,Raw Materials - Steel,367.64,1,EUR,Raw Materials - Steel
PO-101267-6,Voith Turbo,Steel sheet X5CrNi 6.0,Raw Materials - Steel,Raw Materials - Steel,294.45,5,EUR,Raw Materials - Steel
PO-103516-1,ZF Friedrichshafen,Laptop std business grade,it/office,IT & Office Equipment,1395.26,100,EUR,IT & Office Equipment
PO-102780-7,Hella GmbH,PCB assembly compcat,Electronic Components,Electronic Components,155.33,50,EUR,Electronic Components
PO-104165-6,Elringklinger AG,protective foam sheet c,Packaging & Logistics,Packaging & Logistics,23.02,2,EUR,Packaging & Logistics
PO-100786-1,Hella GmbH,Office chair ergonomic 230V,IT & Office Equipment,IT & Office Equipment,202.71,5,EUR,IT & Office Equipment
PO-102455-4,Schaeffler Technologies,corrugated shipping crate type-a,PACKAGING,Packaging & Logistics,15.76,20,EUR,Packaging & Logistics
PO-102180-2,Haldex AB,EPDM rubber seal stock 42CrMo4,Raw Materials - Rubber,Raw Materials - Rubber,44.61,2,EUR,Raw Materials - Rubber
PO-100488-4,Schaeffler Technologies,Office chair ergonomic v3,IT & Office Equipment,IT & Office Equipment,303.27,10,EUR,IT & Office Equipment
PO-100483-6,Freudenberg Sealing,Hydraulic hose fitting HD,,MRO - Maintenance Supplies,50.42,100,EUR,MRO - Maintenance Supplies
PO-101033-3,Schaeffler Technologies,Wooden pallet EUR standard,Pack & Log,Packaging & Logistics,14.28,1,EUR,Packaging & Logistics
PO-100511-6,Freudenberg Sealing,steel sheet dc01 4.0mm,Raw Materials - Steel,Raw Materials - Steel,305.55,50,EUR,Raw Materials - Steel
PO-101369-3,Haldex AB,Protective foam sheet M12,Packaging & Logistics,Packaging & Logistics,21.63,1,EUR,Packaging & Logistics
PO-100885-2,SKF Group,Pressure sensor unit std,Electronic Components,Electronic Components,280.37,1,EUR,Electronic Components
PO-102478-6,Bilstein GmbH,Protective foam sheet std,,Packaging & Logistics,24.45,50,EUR,Packaging & Logistics
PO-100920-2,Continental AG,Laptop HD business grade,IT & Office Equipment,IT & Office Equipment,1402.44,100,EUR,IT & Office Equipment
PO-103150-6,Mahle GmbH,epdm rubebr seal stock,Raw Materials - Rubber,Raw Materials - Rubber,21.46,20,EUR,Raw Materials - Rubber
PO-101096-3,SKF Group,Laptop H Dbusiness grade,it/office,IT & Office Equipment,1133.82,10,EUR,IT & Office Equipment
PO-103658-3,Elringklinger AG,Laptop v2 business grade,IT & Office,IT & Office Equipment,1158.11,20,EUR,IT & Office Equipment
PO-104059-5,Trelleborg Sealing,Wooden pallet EUR s,Packaging & Logistics,Packaging & Logistics,18.61,20,EUR,Packaging & Logistics
PO-101062-4,Bosch Rexroth,office chair ergonomic rev.b,,IT & Office Equipment,370.39,100,EUR,IT & Office Equipment
PO-101312-2,Schaeffler Technologies,Steel sheet 70Sh-A 4.0mm,RAW MAT-STEEL,Raw Materials - Steel,293.49,1,EUR,Raw Materials - Steel
PO-103760-7,Continental AG,Stretch wrap film 24V roll,Packaging & Logistics,Packaging & Logistics,16.93,200,EUR,Packaging & Logistics
PO-102587-3,Hella GmbH,wiring harness conn,Electronic Components,Electronic Components,39.25,10,EUR,Electronic Components
PO-100834-7,Wabco Holdings,PO item: Rubber compound,rubber,Raw Materials - Rubber,25.35,5,EUR,Raw Materials - Rubber
PO-103415-5,Bilstein GmbH,Connector assembly HD sealed,,Electronic Components,49.39,10,EUR,Electronic Components
PO-101787-1,Mahle GmbH,PCB assembly HD,electronics,Electronic Components,103.8,20,EUR,Electronic Components
PO-101233-7,Faiveley Transport,Laptop std business grade,IT & Office Equipment,IT & Office Equipment,656.1,50,EUR,IT & Office Equipment
PO-102711-1,Mahle GmbH,Laptop Type-A business grade,IT & Office Equipment,IT & Office Equipment,1447.33,1,EUR,IT & Office Equipment
PO-104050-3,Haldex AB,Corrugated shipping crate M12,Packaging & Logistics,Packaging & Logistics,43.66,1,EUR,Packaging & Logistics
PO-102029-5,SKF Group,Office chair ergonomic Type-A,IT & Office Equipment,IT & Office Equipment,126.18,20,EUR,IT & Office Equipment
PO-102844-1,Faiveley Transport,Seal kit connector housing v3,,MRO - Maintenance Supplies,17.04,1,EUR,MRO - Maintenance Supplies
PO-102109-1,Bilstein GmbH,corrugated shipping crate std,Packaging & Logistics,Packaging & Logistics,37.04,50,EUR,Packaging & Logistics
PO-102405-3,Freudenberg Sealing,misc / Steel coil hot-rolled 70Sh-A,Steel,Raw Materials - Steel,258.46,100,EUR,Raw Materials - Steel
PO-100287-6,Continental AG,Steel coil hot-rolled S235,Steel,Raw Materials - Steel,227.95,5,EUR,Raw Materials - Steel
PO-104195-1,Schaeffler Technologies,Office chair ergono,IT & Office,IT & Office Equipment,127.96,5,EUR,IT & Office Equipment
PO-103954-5,Freudenberg Sealing,Laptop Type-A business grade,IT & Office Equipment,IT & Office Equipment,1433.64,50,EUR,IT & Office Equipment
PO-102101-7,ZF Friedrichshafen,Industrila lubricant v2 20L drum,maintenance,MRO - Maintenance Supplies,63.16,10,EUR,MRO - Maintenance Supplies
PO-102103-2,Wabco Holdings,Laptop M12 business grade,IT EQUIP,IT & Office Equipment,1205.44,50,EUR,IT & Office Equipment
PO-103819-3,Continental AG,Pressure sensor unit compact,Electronic Components,Electronic Components,176.29,10,EUR,Electronic Components
PO-103873-1,Freudenberg Sealing,steel coil hot-rolled x5crni,Raw Materials - Steel,Raw Materials - Steel,474.33,100,EUR,Raw Materials - Steel
PO-100067-3,Hella GmbH,Connecotr assembly M12 sealed,Electronic Components,Electronic Components,18.15,2,EUR,Electronic Components
PO-100046-3,Bilstein GmbH,Vulcanized rubber block S235,Raw Materials - Rubber,Raw Materials - Rubber,33.92,10,EUR,Raw Materials - Rubber
PO-101355-3,Elringklinger AG,Bearin gassembly v2,MRO - Maintenance Supplies,MRO - Maintenance Supplies,84.08,100,EUR,MRO - Maintenance Supplies
PO-102458-7,Schaeffler Technologies,WIRING HARNESS CONNE,electronics,Electronic Components,14.58,20,EUR,Electronic Components
PO-100872-3,Faiveley Transport,Pressure sensor unit HD,ELEC COMP,Electronic Components,134.52,50,EUR,Electronic Components
PO-103610-4,Schaeffler Technologies,Laptop compact business grade,IT & Office,IT & Office Equipment,661.49,20,EUR,IT & Office Equipment
PO-102223-3,Continental AG,Industrial lubricant v2 20L drum,MRO,MRO - Maintenance Supplies,107.86,50,EUR,MRO - Maintenance Supplies
PO-100293-5,Schaeffler Technologies,Sealing gasket sheet NBR-70,Raw Materials - Rubber,Raw Materials - Rubber,16.68,100,EUR,Raw Materials - Rubber
PO-104044-4,Hella GmbH,vulcanized rubber block dc01,Raw Materials - Rubber,Raw Materials - Rubber,46.71,100,EUR,Raw Materials - Rubber
PO-102015-5,Faiveley Transport,Corrugated shipping cra,Packaging & Logistics,Packaging & Logistics,29.52,200,EUR,Packaging & Logistics
PO-100582-7,Continental AG,Steel sheet 70Sh-A 2.0mm,Raw Materials - Steel,Raw Materials - Steel,238.88,200,EUR,Raw Materials - Steel
PO-102912-6,Schaeffler Technologies,OFFICE CHAIR ERGONOMIC RE,IT EQUIP,IT & Office Equipment,260.47,5,EUR,IT & Office Equipment
PO-100894-4,Mahle GmbH,wooden pallet eur standard,packaging/logistics,Packaging & Logistics,18.05,20,EUR,Packaging & Logistics
PO-102545-3,Hella GmbH,rubber compound 70sh-a hseet,RAW MAT-RUBBER,Raw Materials - Rubber,25.65,50,EUR,Raw Materials - Rubber
PO-103195-2,Wabco Holdings,SEALING GSAKET SHEET S355,Raw Materials - Rubber,Raw Materials - Rubber,16.17,5,EUR,Raw Materials - Rubber
PO-103694-4,Freudenberg Sealing,Vulcanized rubber block S235,Raw Materials - Rubber,Raw Materials - Rubber,67.03,200,EUR,Raw Materials - Rubber
PO-102345-6,Hella GmbH,Wooden pallet EUR standard,Packaging & Logistics,Packaging & Logistics,9.84,10,EUR,Packaging & Logistics
PO-102521-7,Bilstein GmbH,pcb assembly 24v,Electronic Components,Electronic Components,159.61,100,EUR,Electronic Components
PO-100430-2,Trelleborg Sealing,PO item: Rubber compound DC01 ,Raw Materials - Rubber,Raw Materials - Rubber,39.99,2,EUR,Raw Materials - Rubber
PO-103649-1,Bosch Rexroth,Monitor 27in std,IT & Office,IT & Office Equipment,169.84,5,EUR,IT & Office Equipment
PO-103408-5,Bosch Rexroth,Steel coil hot-rolled X5CrNi,Raw Materials - Steel,Raw Materials - Steel,390.8,10,EUR,Raw Materials - Steel
PO-100599-3,Bilstein GmbH,Steel coil hot-rol,RAW MAT-STEEL,Raw Materials - Steel,286.48,2,EUR,Raw Materials - Steel
PO-100105-6,Schaeffler Technologies,Industrial lubricant,MRO - Maintenance Supplies,MRO - Maintenance Supplies,174.51,1,EUR,MRO - Maintenance Supplies
PO-102410-1,Haldex AB,Steel sheet S235 6.0mm,Steel,Raw Materials - Steel,309.5,1,EUR,Raw Materials - Steel
PO-103278-1,Elringklinger AG,Monitor2 7in M12,IT & Office Equipment,IT & Office Equipment,229.94,10,EUR,IT & Office Equipment
PO-102508-1,Freudenberg Sealing,Seal kit connector housing Rev.B,MRO - Maintenance Supplies,MRO - Maintenance Supplies,24.4,2,EUR,MRO - Maintenance Supplies
PO-103893-7,Hella GmbH,Vulcanized rubber block 42CrMo4,Raw Materials - Rubber,Raw Materials - Rubber,64.21,200,EUR,Raw Materials - Rubber
PO-103188-2,Hella GmbH,Office chair ergonomic compact,IT & Office Equipment,IT & Office Equipment,339.43,2,EUR,IT & Office Equipment
PO-102836-7,Trelleborg Sealing,tSeel sheet NBR-70 2.0mm,Steel,Raw Materials - Steel,361.73,20,EUR,Raw Materials - Steel
PO-103054-1,SKF Group,Monitor 27in 24V,IT EQUIP,IT & Office Equipment,318.91,2,EUR,IT & Office Equipment
PO-103520-5,Elringklinger AG,Seal kit connector housing v3,MRO - Maintenance Supplies,MRO - Maintenance Supplies,42.98,10,EUR,MRO - Maintenance Supplies
PO-104021-2,Hella GmbH,misc / Hydraulic hose fitting HD,maintenance,MRO - Maintenance Supplies,15.74,100,EUR,MRO - Maintenance Supplies
PO-100253-7,Hella GmbH,Wiring harness connector v3,ELEC COMP,Electronic Components,88.13,50,EUR,Electronic Components
PO-104058-4,Voith Turbo,Pressure sensor unit compact,electronics,Electronic Components,304.51,5,EUR,Electronic Components
PO-101527-7,Trelleborg Sealing,Rubber compound S355 sheet,rubber,Raw Materials - Rubber,38.43,100,EUR,Raw Materials - Rubber
PO-102305-1,Faiveley Transport,Pressure sensor unit v2,electronics,Electronic Components,304.49,10,EUR,Electronic Components
PO-102287-4,Bilstein GmbH,Rubber compound D0C1 sheet,Raw Materials - Rubber,Raw Materials - Rubber,14.33,200,EUR,Raw Materials - Rubber
PO-101919-7,ZF Friedrichshafen,Protective foam sheet 3v,packaging/logistics,Packaging & Logistics,12.86,5,EUR,Packaging & Logistics
PO-101327-3,Voith Turbo,Rubber copmound 60Sh-A sheet,RAW MAT-RUBBER,Raw Materials - Rubber,41.59,50,EUR,Raw Materials - Rubber
PO-102578-1,Faiveley Transport,EPDM RUBBER SEAL STOCK NBR-70,,Raw Materials - Rubber,41.84,200,EUR,Raw Materials - Rubber
PO-104173-7,Elringklinger AG,HYDRAULIC HOSE FITTING 24V,MRO - Maintenance Supplies,MRO - Maintenance Supplies,10.48,100,EUR,MRO - Maintenance Supplies
PO-100520-1,ZF Friedrichshafen,Industrial lubricant v3 20L drum,maintenance,MRO - Maintenance Supplies,87.94,100,EUR,MRO - Maintenance Supplies
PO-102715-5,Bilstein GmbH,Wooden pallet EUR standard,Packaging & Logistics,Packaging & Logistics,17.86,2,EUR,Packaging & Logistics
PO-102032-1,Continental AG,Laptop 24V busine,IT & Office Equipment,IT & Office Equipment,1191.27,1,EUR,IT & Office Equipment
PO-102450-6,Schaeffler Technologies,corrugated shipipng crate type-a,PACKAGING,Packaging & Logistics,51.85,1,EUR,Packaging & Logistics
PO-103680-4,Haldex AB,Pressure sensor unit compact,Electronic Components,Electronic Components,174.59,1,EUR,Electronic Components
PO-100516-4,SKF Group,Steel sheet NBR-70 8.0mm,Raw Materials - Steel,Raw Materials - Steel,415.51,100,EUR,Raw Materials - Steel
PO-101985-3,Voith Turbo,Wooden pallte EUR standard,Packaging & Logistics,Packaging & Logistics,16.1,5,EUR,Packaging & Logistics
PO-100335-5,Mahle GmbH,office chair ergonomic,it/office,IT & Office Equipment,356.43,100,EUR,IT & Office Equipment
PO-102402-7,Elringklinger AG,Bearign assembly Rev.B,MRO,MRO - Maintenance Supplies,99.71,5,EUR,Electronic Components
PO-103225-4,Elringklinger AG,CORRUGATED SHIPPING CRATE 24V,Pack & Log,Packaging & Logistics,28.27,50,EUR,Packaging & Logistics
PO-103490-3,Mahle GmbH,Stretch wrap film compact roll,Pack & Log,Packaging & Logistics,20.55,2,EUR,Packaging & Logistics
PO-103304-6,Mahle GmbH,Wooden pallet EUR stan,Pack & Log,Packaging & Logistics,21.42,200,EUR,Packaging & Logistics
PO-101103-3,Hella GmbH,Protective foam sheet Rev.B,Packaging & Logistics,Packaging & Logistics,25.5,10,EUR,Packaging & Logistics
PO-100892-2,Mahle GmbH,Seal kit connector housing compcat,MRO - Maintenance Supplies,MRO - Maintenance Supplies,14.65,200,EUR,MRO - Maintenance Supplies
PO-102443-6,Voith Turbo,EPDM RUBBER SEAL STOCK 70SH-A,Raw Materials - Rubber,Raw Materials - Rubber,49.94,100,EUR,Raw Materials - Rubber
PO-103675-6,ZF Friedrichshafen,Steel coil hot-rolled 60Sh-A,raw materials/steel,Raw Materials - Steel,388.2,10,EUR,Raw Materials - Steel
PO-100537-4,Hella GmbH,order ref pending - Pressure sensor,Electronic Components,Electronic Components,134.94,2,EUR,Electronic Components
PO-103103-1,Schaeffler Technologies,Stretch wrap film HD roll,Packaging & Logistics,Packaging & Logistics,18.12,50,EUR,Packaging & Logistics
PO-101449-6,Continental AG,EPDM rubber seal stock X5CrNi,Raw Materials - Rubber,Raw Materials - Rubber,18.12,200,EUR,Raw Materials - Rubber
PO-100494-3,Bosch Rexroth,Corrugated shipping crate Rev.B,,Packaging & Logistics,30.89,200,EUR,Packaging & Logistics
PO-103562-5,Continental AG,EPDM rubber seal stock 70Sh-A,Raw Materials - Rubber,Raw Materials - Rubber,26.08,50,EUR,Raw Materials - Rubber
PO-101584-1,Faiveley Transport,PO item: Office chair ergonomic v3,IT & Office,IT & Office Equipment,153.21,5,EUR,IT & Office Equipment
PO-101601-4,Voith Turbo,sealing gasket sheet nbr-70,Raw Materials - Rubber,Raw Materials - Rubber,29.15,10,EUR,Raw Materials - Rubber
PO-100908-4,Hella GmbH,STEEL COIL HOT-ROLLED N,Steel,Raw Materials - Steel,263.29,1,EUR,Raw Materials - Steel
PO-102543-1,SKF Group,Conncetor assembly Type-A sealed,electronics,Electronic Components,19.47,100,EUR,Electronic Components
PO-102609-4,Bosch Rexroth,Stretch wrap film M12 roll,PACKAGING,Packaging & Logistics,18.23,50,EUR,Packaging & Logistics
PO-101258-4,Continental AG,EPDMr ubber seal stock,Raw Materials - Rubber,Raw Materials - Rubber,28.26,100,EUR,Raw Materials - Rubber
PO-100675-2,Trelleborg Sealing,Wooden pallet EUR standard,packaging/logistics,Packaging & Logistics,20.41,20,EUR,Packaging & Logistics
PO-103706-2,Freudenberg Sealing,Protective foam sheet v3,packaging/logistics,Packaging & Logistics,17.47,5,EUR,Packaging & Logistics
PO-101724-1,Continental AG,vulcanized rubber block 70sh-a,Raw Materials - Rubber,Raw Materials - Rubber,58.97,5,EUR,Raw Materials - Rubber
PO-100222-4,Bosch Rexroth,Forged steel billet 42CrMo4,Raw Materials - Steel,Raw Materials - Steel,502.61,20,EUR,Raw Materials - Steel
PO-102709-6,Hella GmbH,Laptop M12 business grade,IT EQUIP,IT & Office Equipment,681.79,5,EUR,IT & Office Equipment
PO-101362-3,Faiveley Transport,Vulcanized rubber block S253,Raw Materials - Rubber,Raw Materials - Rubber,63.17,5,EUR,Raw Materials - Rubber
PO-102614-2,Faiveley Transport,CORRUGATEDS HIPPING CRATE STD,Packaging & Logistics,Packaging & Logistics,41.8,50,EUR,Packaging & Logistics
PO-103342-2,Faiveley Transport,PCB assemlby Type-A,ELEC COMP,Electronic Components,38.88,10,EUR,Electronic Components
PO-103159-1,Bosch Rexroth,Steel coil hot-rolled X5CrNi,Raw Materials - Steel,Raw Materials - Steel,325.67,100,EUR,Raw Materials - Steel
PO-100783-5,Haldex AB,EPDM rubber seal stock N,Raw Materials - Rubber,Raw Materials - Rubber,35.34,100,EUR,Raw Materials - Rubber
PO-103811-2,Wabco Holdings,sealing gasket sheet x5crni,rubber,Raw Materials - Rubber,30.11,2,EUR,Raw Materials - Rubber
PO-100155-7,Continental AG,Sealing gasket sheet 42CrMo4,RAW MAT-RUBBER,Raw Materials - Rubber,32.1,20,EUR,Raw Materials - Rubber
PO-100257-4,Wabco Holdings,Office chair ergonomic 24V,IT & Office Equipment,IT & Office Equipment,234.33,20,EUR,IT & Office Equipment
PO-100393-7,Bosch Rexroth,Office chair ergonomic ,,IT & Office Equipment,133.14,100,EUR,IT & Office Equipment
PO-102375-1,Freudenberg Sealing,EPDM rubber seal stock X5CrNi,rubber,Raw Materials - Rubber,41.51,200,EUR,Raw Materials - Rubber
PO-103743-4,Bilstein GmbH,Hydraulic hose fitting compact,MRO - Maintenance Supplies,MRO - Maintenance Supplies,45.29,20,EUR,MRO - Maintenance Supplies
PO-103945-3,ZF Friedrichshafen,misc / Wiring harness connector HD,Elec. Components,Electronic Components,30.24,50,EUR,Electronic Components
PO-102686-4,Trelleborg Sealing,Steel sheet S235 6.0mm,raw materials/steel,Raw Materials - Steel,207.27,5,EUR,Raw Materials - Steel
PO-102469-4,Hella GmbH,Office chair ergonomic Rev.B,IT EQUIP,IT & Office Equipment,313.05,2,EUR,IT & Office Equipment
PO-102229-2,Elringklinger AG,SEAL KIT CONNECTOR HOUSING 24V,maintenance,MRO - Maintenance Supplies,29.96,50,EUR,MRO - Maintenance Supplies
PO-103977-7,Hella GmbH,wiring harness connector compact,Electronic Components,Electronic Components,58.83,2,EUR,Electronic Components
PO-103093-5,SKF Group,Stretch wrap film HD roll,,Packaging & Logistics,28.77,200,EUR,Packaging & Logistics
PO-102586-2,Hella GmbH,Rubber compound 42CrMo4 sheet,rubber,Raw Materials - Rubber,12.89,200,EUR,Raw Materials - Rubber
PO-103466-7,Schaeffler Technologies,BEARING ASSEMBLY STD,MRO - Maintenance Supplies,MRO - Maintenance Supplies,183.41,10,EUR,MRO - Maintenance Supplies
PO-101198-7,Bosch Rexroth,Industrial lubricant Rev.B 20L drum,maintenance,MRO - Maintenance Supplies,168.71,10,EUR,MRO - Maintenance Supplies
PO-102765-6,Wabco Holdings,misc / Forged steel billet S355,RAW MAT-STEEL,Raw Materials - Steel,723.54,50,EUR,Raw Materials - Steel
PO-102112-4,Hella GmbH,Laptop Type-A business grade,IT & Office,IT & Office Equipment,992.41,100,EUR,IT & Office Equipment
PO-101742-5,Hella GmbH,Connector assembly compact sealed,Electronic Components,Electronic Components,78.01,2,EUR,Electronic Components
PO-101082-3,Schaeffler Technologies,Sealing gasket sheet DC01,,Raw Materials - Rubber,10.19,5,EUR,Raw Materials - Rubber
PO-103994-3,ZF Friedrichshafen,Office chiar ergonomic std,IT & Office Equipment,IT & Office Equipment,148.47,200,EUR,IT & Office Equipment
PO-101728-5,ZF Friedrichshafen,RUBBER COMPOUND NBR-70 SHEE,Raw Materials - Rubber,Raw Materials - Rubber,30.97,10,EUR,Raw Materials - Rubber
PO-101435-6,Freudenberg Sealing,Sealing gasket sheet S355,Raw Mat. Rubber,Raw Materials - Rubber,26.44,20,EUR,Raw Materials - Rubber
PO-101400-6,Wabco Holdings,Bearing assebmly 24V,MRO - Maintenance Supplies,MRO - Maintenance Supplies,112.37,10,EUR,MRO - Maintenance Supplies
PO-101982-7,Haldex AB,Wooden pallet EUR standa,Packaging & Logistics,Packaging & Logistics,17.82,100,EUR,Packaging & Logistics
PO-101074-2,Elringklinger AG,Connector assembly v3 sealed,Electronic Components,Electronic Components,13.39,200,EUR,Electronic Components
PO-100655-3,Continental AG,pressure senosr u,Electronic Components,Electronic Components,221.28,5,EUR,Electronic Components
PO-103735-3,Mahle GmbH,vulcanized rubber block s235,,Raw Materials - Rubber,64.24,2,EUR,Raw Materials - Rubber
PO-100245-6,Voith Turbo,CORRUGATED SHIPPING CRATE M12,Packaging & Logistics,Packaging & Logistics,15.9,200,EUR,Packaging & Logistics
PO-102272-3,Haldex AB,Seal kit connector housing v3,MRO - Maintenance Supplies,MRO - Maintenance Supplies,63.72,20,EUR,MRO - Maintenance Supplies
PO-101262-1,Wabco Holdings,Bearing assembl,MRO/Maint,MRO - Maintenance Supplies,68.61,100,EUR,MRO - Maintenance Supplies
PO-101511-5,Wabco Holdings,Bearing assem,MRO - Maintenance Supplies,MRO - Maintenance Supplies,159.85,100,EUR,MRO - Maintenance Supplies
PO-102676-1,Haldex AB,PROTECTIVE FOAM SHEE TTYPE-A,Packaging & Logistics,Packaging & Logistics,19.58,1,EUR,Packaging & Logistics
PO-103120-4,Wabco Holdings,Wiring ahrness connector v2,Electronic Components,Electronic Components,39.74,200,EUR,Electronic Components
PO-102675-7,Faiveley Transport,Steel coil hot-rolled X5CrNi,RAW MAT-STEEL,Raw Materials - Steel,426.76,2,EUR,Raw Materials - Steel
PO-100284-3,Bosch Rexroth,Hydraulic hose ftiting v2,MRO - Maintenance Supplies,MRO - Maintenance Supplies,28.85,2,EUR,MRO - Maintenance Supplies
PO-100833-6,Freudenberg Sealing,Hydraulic hose fitting Rev.B,MRO - Maintenance Supplies,MRO - Maintenance Supplies,40.95,2,EUR,MRO - Maintenance Supplies
PO-103044-5,Bilstein GmbH,PO item: Sea lkit connector housing HD,,MRO - Maintenance Supplies,32.17,50,EUR,MRO - Maintenance Supplies
PO-104140-2,Wabco Holdings,Protective foam sheet Rev.B,Packaging & Logistics,Packaging & Logistics,9.42,10,EUR,Packaging & Logistics
PO-101381-1,Schaeffler Technologies,Connector assembly Type-A sealed,ELEC COMP,Electronic Components,43.57,10,EUR,Electronic Components
PO-104010-5,Schaeffler Technologies,Bearing assembly std,MRO - Maintenance Supplies,MRO - Maintenance Supplies,86.19,100,EUR,MRO - Maintenance Supplies
PO-101583-7,Haldex AB,Sealing gasket sheet 70Sh-A,Raw Materials - Rubber,Raw Materials - Rubber,34.91,5,EUR,Raw Materials - Rubber
PO-102557-1,Elringklinger AG,Connector assembly std sealed,Electronic Components,Electronic Components,16.9,50,EUR,Electronic Components
PO-102094-7,Schaeffler Technologies,uVlcanized rubber block DC01,Raw Materials - Rubber,Raw Materials - Rubber,58.51,20,EUR,Raw Materials - Rubber
PO-103648-7,Haldex AB,Hydraulic hose fitting Rev.B,MRO - Maintenance Supplies,MRO - Maintenance Supplies,41.85,200,EUR,MRO - Maintenance Supplies
PO-102385-4,Elringklinger AG,misc / wooden pallet eur stanadrd,Packaging & Logistics,Packaging & Logistics,18.14,100,EUR,Packaging & Logistics
PO-102677-2,Continental AG,hydraulic hose fitting hd,maintenance,MRO - Maintenance Supplies,16.11,20,EUR,MRO - Maintenance Supplies
PO-102519-5,ZF Friedrichshafen,Beraing assembly compact,,MRO - Maintenance Supplies,218.75,1,EUR,Electronic Components
PO-101464-7,Bosch Rexroth,Laptop v2 business graed,IT & Office Equipment,IT & Office Equipment,754.47,200,EUR,IT & Office Equipment
PO-104046-6,Elringklinger AG,order ref pending - Forged steel billet DC10,raw materials/steel,Raw Materials - Steel,535.4,1,EUR,Raw Materials - Steel
PO-100426-5,SKF Group,Office chair ergnoomic M12,IT & Office Equipment,IT & Office Equipment,264.35,1,EUR,IT & Office Equipment
PO-103746-7,Elringklinger AG,Steel sheet DC01 2.0mm,Raw Materials - Steel,Raw Materials - Steel,376.95,1,EUR,Raw Materials - Steel
PO-100726-4,Mahle GmbH,EPDM rubber seal stock DC01,rubber,Raw Materials - Rubber,36.02,200,EUR,Raw Materials - Rubber
PO-102730-6,Haldex AB,WIRING HARNESS CONNECTOR 24V,Electronic Components,Electronic Components,75.41,10,EUR,Electronic Components
PO-100773-2,ZF Friedrichshafen,Hydraulic hose fitting Type-A,MRO - Maintenance Supplies,MRO - Maintenance Supplies,16.38,20,EUR,MRO - Maintenance Supplies
PO-103572-1,Freudenberg Sealing,Hydraulic hose fitting Type-A,MRO - Maintenance Supplies,MRO - Maintenance Supplies,28.84,2,EUR,MRO - Maintenance Supplies
PO-102042-4,Hella GmbH,wiring harness connector hd,Electronic Components,Electronic Components,62.56,100,EUR,Electronic Components
PO-103543-7,Voith Turbo,Rubber compound 70Sh-A sheet,RAW MAT-RUBBER,Raw Materials - Rubber,12.4,2,EUR,Raw Materials - Rubber
PO-100941-2,Freudenberg Sealing,Industrial lubricant v2 20L drum,MRO - Maintenance Supplies,MRO - Maintenance Supplies,147.32,200,EUR,MRO - Maintenance Supplies
PO-101149-7,Voith Turbo,Wooden pallet EUR standard,Pack & Log,Packaging & Logistics,16.66,20,EUR,Packaging & Logistics
PO-102211-5,Faiveley Transport,Seal kit connector housing v3,MRO - Maintenance Supplies,MRO - Maintenance Supplies,61.75,1,EUR,MRO - Maintenance Supplies
PO-103829-6,Elringklinger AG,Bearing assembly v3,MRO - Maintenance Supplies,MRO - Maintenance Supplies,55.07,1,EUR,MRO - Maintenance Supplies
PO-101872-2,Faiveley Transport,PCB assembly HD,Elec. Components,Electronic Components,176.98,1,EUR,Electronic Components
PO-103620-7,ZF Friedrichshafen,Vulcanized rubber block NBR-70,rubber,Raw Materials - Rubber,42.59,2,EUR,Raw Materials - Rubber
PO-101575-6,Continental AG,Pressure sensor unit std,electronics,Electronic Components,76.08,200,EUR,Electronic Components
PO-101490-5,Continental AG,Wooden pallet EUR standard,Packaging & Logistics,Packaging & Logistics,10.78,10,EUR,Packaging & Logistics
PO-100678-5,Hella GmbH,Woode npallet EUR standard,PACKAGING,Packaging & Logistics,20.2,200,EUR,Packaging & Logistics
PO-103804-2,SKF Group,Bearing assembly 230V,MRO - Maintenance Supplies,MRO - Maintenance Supplies,155.06,50,EUR,MRO - Maintenance Supplies
PO-100642-4,Freudenberg Sealing,PO item: Forged steel billet X5CrNi,Steel,Raw Materials - Steel,830.56,20,EUR,Raw Materials - Steel
PO-101876-6,Faiveley Transport,Sealing gasket sheet NBR-07,,Raw Materials - Rubber,18.66,10,EUR,Raw Materials - Rubber
PO-101214-2,Hella GmbH,Wiring harness connector compact,Electronic Components,Electronic Components,15.6,100,EUR,Electronic Components
PO-102019-2,Haldex AB,Vulcanized rubber block 42CrMo4,,Raw Materials - Rubber,40.73,200,EUR,Raw Materials - Rubber
PO-100700-6,SKF Group,Laptop compact business grade,IT & Office Equipment,IT & Office Equipment,700.8,5,EUR,IT & Office Equipment
PO-101494-2,Continental AG,order ref pending - SEALING GASKTE SHEET 60SH-A,RAW MAT-RUBBER,Raw Materials - Rubber,25.34,100,EUR,Raw Materials - Rubber
PO-104040-7,Bosch Rexroth,Pressure sensor unti 24V,Electronic Components,Electronic Components,66.22,10,EUR,Electronic Components
PO-101896-5,Elringklinger AG,Wooden pallet EUR standard,packaging/logistics,Packaging & Logistics,11.01,10,EUR,Packaging & Logistics
PO-100631-7,Hella GmbH,Steel sheet 42CrMo4 .15mm,Raw Materials - Steel,Raw Materials - Steel,230.46,200,EUR,Raw Materials - Steel
PO-100394-1,Continental AG,WOODEN PALELT EUR STANDARD,Packaging & Logistics,Packaging & Logistics,15.67,20,EUR,Packaging & Logistics
PO-101573-4,Schaeffler Technologies,PRESSURE SENSOR UNIT V2,Electronic Components,Electronic Components,200.5,1,EUR,Electronic Components
PO-101899-1,SKF Group,Hydraulic hose fitting 230V,MRO - Maintenance Supplies,MRO - Maintenance Supplies,28.21,2,EUR,MRO - Maintenance Supplies
PO-103112-3,Haldex AB,PO item: CORRUGATED SHIPPING CRATE COMPACT,Packaging & Logistics,Packaging & Logistics,28.06,200,EUR,Packaging & Logistics
PO-101516-3,Wabco Holdings,Stretch wrap film HD roll,packaging/logistics,Packaging & Logistics,32.12,20,EUR,Packaging & Logistics
PO-102869-5,Haldex AB,Industrial lubricant M12 20L drum,,MRO - Maintenance Supplies,128.01,100,EUR,MRO - Maintenance Supplies
PO-103607-1,Continental AG,Monitor 27,IT & Office,IT & Office Equipment,210.77,200,EUR,IT & Office Equipment
PO-100229-4,Continental AG,order ref pending - Wooden pallet EUR standard,PACKAGING,Packaging & Logistics,13.16,20,EUR,Packaging & Logistics
PO-103165-7,Haldex AB,Corrugated shipping cra,Packaging & Logistics,Packaging & Logistics,39.49,2,EUR,Packaging & Logistics
PO-102398-3,Voith Turbo,Bearing assembly Rev.B,maintenance,MRO - Maintenance Supplies,51.51,200,EUR,MRO - Maintenance Supplies
PO-103484-4,Trelleborg Sealing,vulcanized rubber block 5xcrni,Raw Materials - Rubber,Raw Materials - Rubber,38.52,100,EUR,Raw Materials - Rubber
PO-103380-5,SKF Group,Protective foam sheet Rev.B,PACKAGING,Packaging & Logistics,16.87,2,EUR,Packaging & Logistics
PO-103293-2,ZF Friedrichshafen,office chair ergon,it/office,IT & Office Equipment,203.84,1,EUR,IT & Office Equipment
PO-100849-1,Continental AG,Stretch wrap film Type-A r,Pack & Log,Packaging & Logistics,19.95,2,EUR,Packaging & Logistics
PO-100836-2,Haldex AB,Wiring harness connector 230V,Electronic Components,Electronic Components,40.44,100,EUR,Electronic Components
PO-102965-3,Bilstein GmbH,Vulcanized rubber block S235,Raw Materials - Rubber,Raw Materials - Rubber,55.75,5,EUR,Raw Materials - Rubber
PO-100184-1,Schaeffler Technologies,Forged steel billet 60Sh-A,Raw Materials - Steel,Raw Materials - Steel,867.63,100,EUR,Raw Materials - Steel
PO-103507-6,Faiveley Transport,Office chair ergonomic M12,IT & Office Equipment,IT & Office Equipment,323.23,200,EUR,IT & Office Equipment
PO-102330-5,Wabco Holdings,Connector assembly v2 sealed,Electronic Components,Electronic Components,94.49,5,EUR,Electronic Components
PO-103290-6,Elringklinger AG,Steel coil hotr-olled 70Sh-A,Raw Materials - Steel,Raw Materials - Steel,446.96,100,EUR,Raw Materials - Steel
PO-103970-7,Bilstein GmbH,Protective foam sheet HD,Pack & Log,Packaging & Logistics,10.59,5,EUR,Packaging & Logistics
PO-102325-7,Voith Turbo,Sealing gasket sheet DC01,Raw Materials - Rubber,Raw Materials - Rubber,14.37,50,EUR,Raw Materials - Rubber
PO-103986-2,Mahle GmbH,WOODEN PALLET EUR STANDARD,Packaging & Logistics,Packaging & Logistics,18.39,5,EUR,Packaging & Logistics
PO-103055-2,Elringklinger AG,Forged steel billet 60Sh-A,RAW MAT-STEEL,Raw Materials - Steel,675.22,1,EUR,Raw Materials - Steel
PO-102447-3,Mahle GmbH,Office chair ergonomic Type-A,,IT & Office Equipment,170.92,200,EUR,IT & Office Equipment
PO-103652-4,Freudenberg Sealing,Vulcanized rubber block 70Sh-A,Raw Materials - Rubber,Raw Materials - Rubber,56.78,50,EUR,Raw Materials - Rubber
PO-101241-1,SKF Group,Forged steel billet 70Sh-A,raw materials/steel,Raw Materials - Steel,558.47,2,EUR,Raw Materials - Steel
PO-103691-1,Mahle GmbH,Seal kit connector housing H,maintenance,MRO - Maintenance Supplies,40.63,10,EUR,MRO - Maintenance Supplies
PO-100049-6,Freudenberg Sealing,Monitor2 7in HD,IT & Office Equipment,IT & Office Equipment,260.27,50,EUR,IT & Office Equipment
PO-101850-1,Haldex AB,industrial lubricant 24v 20l drum,MRO - Maintenance Supplies,MRO - Maintenance Supplies,95.1,10,EUR,MRO - Maintenance Supplies
PO-103445-7,Trelleborg Sealing,Connector assemblyc ompact sealed,Electronic Components,Electronic Components,44.38,100,EUR,Electronic Components
PO-102374-7,Hella GmbH,Sealing gasket sheet DC01,Raw Mat. Rubber,Raw Materials - Rubber,22.54,1,EUR,Raw Materials - Rubber
PO-104141-3,Freudenberg Sealing,Protective foam sheet 230V,PACKAGING,Packaging & Logistics,27.83,10,EUR,Packaging & Logistics
PO-104094-5,Elringklinger AG,Rubber compound X5CrNi sheet,Raw Materials - Rubber,Raw Materials - Rubber,12.43,20,EUR,Raw Materials - Rubber
PO-100005-4,SKF Group,Vulcanized rubber block S235,rubber,Raw Materials - Rubber,34.43,20,EUR,Raw Materials - Rubber
PO-103469-3,Faiveley Transport,Steel coil hot-rolled ,Raw Materials - Steel,Raw Materials - Steel,409.89,5,EUR,Raw Materials - Steel
PO-102378-4,SKF Group,Protective foam sheet compact,Packaging & Logistics,Packaging & Logistics,12.36,200,EUR,Packaging & Logistics
PO-100683-3,Mahle GmbH,order ref pending - Protective foam sheet Type-A,PACKAGING,Packaging & Logistics,9.87,50,EUR,Packaging & Logistics
PO-100358-7,ZF Friedrichshafen,Wooden pallet EUR standard,Packaging & Logistics,Packaging & Logistics,14.3,50,EUR,Packaging & Logistics
PO-100658-6,Faiveley Transport,forged steel billet xc5rni,Raw Materials - Steel,Raw Materials - Steel,631.88,50,EUR,Raw Materials - Steel
PO-102279-3,Voith Turbo,SEAL KIT CONNECTOR HOUSIGN TYPE-A,MRO - Maintenance Supplies,MRO - Maintenance Supplies,58.3,20,EUR,MRO - Maintenance Supplies
PO-104007-2,Mahle GmbH,Industrial lubricant compact 20L drum,MRO - Maintenance Supplies,MRO - Maintenance Supplies,80.61,2,EUR,MRO - Maintenance Supplies
PO-103595-3,Bilstein GmbH,MONITOR 72IN COMPACT,IT & Office Equipment,IT & Office Equipment,152.2,1,EUR,IT & Office Equipment
PO-101691-3,Schaeffler Technologies,Hydraulic hose fitting M12,MRO - Maintenance Supplies,MRO - Maintenance Supplies,53.51,100,EUR,MRO - Maintenance Supplies
PO-100620-3,Haldex AB,HYDRAULIC HOSE FITTING V2,MRO,MRO - Maintenance Supplies,44.38,200,EUR,MRO - Maintenance Supplies
PO-102253-5,SKF Group,Industrial lubricant std 20L drum,maintenance,MRO - Maintenance Supplies,91.18,1,EUR,MRO - Maintenance Supplies
PO-102900-1,Mahle GmbH,Rubber compound S355 sheet,Raw Materials - Rubber,Raw Materials - Rubber,33.63,2,EUR,Raw Materials - Rubber
PO-102125-3,Faiveley Transport,order ref pending - Protective foam sheet Rev.B,Packaging & Logistics,Packaging & Logistics,9.61,200,EUR,Packaging & Logistics
PO-102361-1,Bilstein GmbH,EPDM rubber seal tsock 60Sh-A,rubber,Raw Materials - Rubber,25.87,2,EUR,Raw Materials - Rubber
PO-104056-2,Continental AG,Bearing assem,MRO - Maintenance Supplies,MRO - Maintenance Supplies,96.91,5,EUR,MRO - Maintenance Supplies
PO-104134-3,ZF Friedrichshafen,Steel sheet DC01 8.0mm,RAW MAT-STEEL,Raw Materials - Steel,386.44,100,EUR,Raw Materials - Steel
PO-104190-3,Trelleborg Sealing,Setel sheet DC01 1.5mm,Raw Materials - Steel,Raw Materials - Steel,204.24,50,EUR,Raw Materials - Steel
PO-103574-3,Voith Turbo,misc / Wooden pallet EUR ,Packaging & Logistics,Packaging & Logistics,11.68,10,EUR,Packaging & Logistics
PO-100436-1,SKF Group,EPDM rubber seal stock 42CrMo4,Raw Materials - Rubber,Raw Materials - Rubber,37.04,1,EUR,Raw Materials - Rubber
PO-100835-1,Trelleborg Sealing,stretch wrap film 230v roll,Packaging & Logistics,Packaging & Logistics,17.54,10,EUR,Packaging & Logistics
PO-103155-4,Schaeffler Technologies,Sealing gasket sheet S235,rubber,Raw Materials - Rubber,15.92,100,EUR,Raw Materials - Rubber
PO-101819-5,Wabco Holdings,Forged steel billet S355,Raw Materials - Steel,Raw Materials - Steel,426.07,20,EUR,Raw Materials - Steel
PO-103999-1,Bosch Rexroth,Steel sheet NBR-70 1.5mm,Raw Materials - Steel,Raw Materials - Steel,393.99,5,EUR,Raw Materials - Steel
PO-103631-4,Elringklinger AG,FORGED STEEL BILLET DC01,Raw Materials - Steel,Raw Materials - Steel,712.51,50,EUR,Raw Materials - Steel
PO-103335-2,Haldex AB,Vulcanized rubber block NBR-70,Raw Materials - Rubber,Raw Materials - Rubber,68.92,5,EUR,Raw Materials - Rubber
PO-102658-4,ZF Friedrichshafen,STRETCH WRAP FILM COMPACT ROLL,packaging/logistics,Packaging & Logistics,30.08,1,EUR,Packaging & Logistics
PO-101880-3,SKF Group,Hydraulic hose iftting M12,MRO - Maintenance Supplies,MRO - Maintenance Supplies,16.74,20,EUR,MRO - Maintenance Supplies
PO-103915-1,Continental AG,Steel sheet NBR-70 8.0mm,RAW MAT-STEEL,Raw Materials - Steel,381.51,200,EUR,Raw Materials - Steel
PO-103315-3,Bosch Rexroth,Sealing gasket sheet 42CrMo4,Raw Mat. Rubber,Raw Materials - Rubber,30.23,5,EUR,Raw Materials - Rubber
PO-103428-4,Bosch Rexroth,Steel sheet NBR-70 4.0mm,RAW MAT-STEEL,Raw Materials - Steel,411.49,50,EUR,Raw Materials - Steel
PO-100822-2,Wabco Holdings,Connector assembly std sealed,ELEC COMP,Electronic Components,33.53,1,EUR,Electronic Components
PO-102601-3,Mahle GmbH,Forged steel billet 42CrMo4,raw materials/steel,Raw Materials - Steel,598.43,10,EUR,Raw Materials - Steel
PO-102483-4,Schaeffler Technologies,Sealing gasket sheet S355,Raw Mat. Rubber,Raw Materials - Rubber,28.95,100,EUR,Raw Materials - Rubber
PO-101542-1,Freudenberg Sealing,Forged steel bille,raw materials/steel,Raw Materials - Steel,833.49,100,EUR,Raw Materials - Steel
PO-103337-4,Bilstein GmbH,steel sheet 70sh-a 4.0mm,raw materials/steel,Raw Materials - Steel,296.59,50,EUR,Raw Materials - Steel
PO-101761-3,Elringklinger AG,Industrial lubricant 230V 20L,MRO - Maintenance Supplies,MRO - Maintenance Supplies,116.67,100,EUR,MRO - Maintenance Supplies
PO-102798-4,Haldex AB,Forged steel billet 42CrMo4,Steel,Raw Materials - Steel,763.51,100,EUR,Raw Materials - Steel
PO-101794-1,ZF Friedrichshafen,Laptop 24V business grade,it/office,IT & Office Equipment,723.5,5,EUR,IT & Office Equipment
PO-100762-5,Bilstein GmbH,Forged steel billet 42CrMo4,Raw Materials - Steel,Raw Materials - Steel,721.08,50,EUR,Raw Materials - Steel
PO-101032-2,Bilstein GmbH,Corrugated shipping crate 24V,Packaging & Logistics,Packaging & Logistics,30.68,10,EUR,Packaging & Logistics
PO-100205-1,Freudenberg Sealing,Pressure sensor unit Rev.B,Electronic Components,Electronic Components,66.41,50,EUR,Electronic Components
PO-101034-4,Continental AG,Hydraulic hose fitting HD,MRO - Maintenance Supplies,MRO - Maintenance Supplies,42.11,200,EUR,MRO - Maintenance Supplies
PO-102802-1,Bosch Rexroth,order ref pending - Hydraulic hose fitting Type-A,MRO - Maintenance Supplies,MRO - Maintenance Supplies,23.74,100,EUR,MRO - Maintenance Supplies
PO-101654-1,Schaeffler Technologies,PO item: Steel sheet NBR-70 2.0mm,Raw Materials - Steel,Raw Materials - Steel,238.15,5,EUR,Raw Materials - Steel
PO-101167-4,Bilstein GmbH,Connector assembly Rev.B sealed,Electronic Components,Electronic Components,47.4,10,EUR,Electronic Components
PO-101447-4,Freudenberg Sealing,Mnoitor 27in Rev.B,IT & Office Equipment,IT & Office Equipment,142.35,1,EUR,IT & Office Equipment
PO-103173-1,Schaeffler Technologies,Connector assembly 24V sealed,Electronic Components,Electronic Components,60.83,2,EUR,Electronic Components
PO-102145-2,SKF Group,Sealign gasket sheet S355,Raw Materials - Rubber,Raw Materials - Rubber,35.42,200,EUR,Raw Materials - Rubber
PO-101863-7,Mahle GmbH,Vulcanized rubber block 70Sh-A,Raw Materials - Rubber,Raw Materials - Rubber,61.24,10,EUR,Raw Materials - Rubber
PO-100536-3,Wabco Holdings,PO item: Steel sheet 42CrMo4 4.0mm,raw materials/steel,Raw Materials - Steel,212.74,20,EUR,Raw Materials - Steel
PO-101961-7,Voith Turbo,misc / connector assembly ,electronics,Electronic Components,46.37,50,EUR,Electronic Components
PO-101373-7,Voith Turbo,Industrial lubricant ,MRO - Maintenance Supplies,MRO - Maintenance Supplies,159.06,100,EUR,MRO - Maintenance Supplies
PO-101680-6,Voith Turbo,EPDM rubber seal stock 70Sh-A,RAW MAT-RUBBER,Raw Materials - Rubber,47.52,2,EUR,Raw Materials - Rubber
PO-100292-4,Bosch Rexroth,Office chair ergonomic compact,IT & Office Equipment,IT & Office Equipment,338.15,1,EUR,IT & Office Equipment
PO-101249-2,Continental AG,Bearing assembly 24V,maintenance,MRO - Maintenance Supplies,93.4,100,EUR,MRO - Maintenance Supplies
PO-100158-3,Bosch Rexroth,Sealing gasket sheet 42CrMo4,rubber,Raw Materials - Rubber,24.35,200,EUR,Raw Materials - Rubber
PO-100001-7,ZF Friedrichshafen,Laptop std business grade,IT & Office Equipment,IT & Office Equipment,1122.39,1,EUR,IT & Office Equipment
PO-102008-5,Wabco Holdings,misc / Hydraulic hose fittign 24V,maintenance,MRO - Maintenance Supplies,45.09,20,EUR,MRO - Maintenance Supplies
PO-100832-5,Bilstein GmbH,Forged steel billet NBR-70,RAW MAT-STEEL,Raw Materials - Steel,462.79,5,EUR,Raw Materials - Steel
PO-101505-6,Trelleborg Sealing,STEEL SHEET S355 2.0MM,raw materials/steel,Raw Materials - Steel,299.07,5,EUR,Raw Materials - Steel
PO-101181-4,Continental AG,Laptop 24V business grdae,IT & Office Equipment,IT & Office Equipment,1026.97,1,EUR,IT & Office Equipment
PO-100839-5,Faiveley Transport,Vulcanized rubber block 7S0h-A,Raw Materials - Rubber,Raw Materials - Rubber,28.07,200,EUR,Raw Materials - Rubber
PO-100104-5,Freudenberg Sealing,Protective foam sheet HD,Packaging & Logistics,Packaging & Logistics,10.07,2,EUR,Packaging & Logistics
PO-100167-5,Trelleborg Sealing,Pressure sensor unit 230V,Electronic Components,Electronic Components,178.34,100,EUR,Electronic Components
PO-102692-3,Continental AG,PO item: Stretch wrap film copmact roll,Packaging & Logistics,Packaging & Logistics,32.99,5,EUR,Packaging & Logistics
PO-101375-2,Faiveley Transport,Vulcanized rubber block 60Sh-A,Raw Materials - Rubber,Raw Materials - Rubber,25.99,2,EUR,Raw Materials - Rubber
PO-102281-5,Elringklinger AG,Office chair ergonomic M12,IT EQUIP,IT & Office Equipment,220.75,200,EUR,IT & Office Equipment
PO-101209-4,Schaeffler Technologies,Steel sheet X5CrNi 1.5mm,raw materials/steel,Raw Materials - Steel,399.11,2,EUR,Raw Materials - Steel
PO-103689-6,ZF Friedrichshafen,PCB assembly 230V,electronics,Electronic Components,131.23,2,EUR,Electronic Components
PO-103483-3,Schaeffler Technologies,Corrugated shipping crate 24V,PACKAGING,Packaging & Logistics,19.34,100,EUR,Packaging & Logistics
PO-104015-3,Continental AG,Corrugated shippin,Packaging & Logistics,Packaging & Logistics,55.58,200,EUR,Packaging & Logistics
PO-102089-2,Freudenberg Sealing,Laptop 24V business grade,IT & Office Equipment,IT & Office Equipment,1292.17,20,EUR,IT & Office Equipment
PO-100267-7,Schaeffler Technologies,Rubber compound X5CrN,RAW MAT-RUBBER,Raw Materials - Rubber,25.1,2,EUR,Raw Materials - Rubber
PO-101307-4,Elringklinger AG,order ref pending - Steel coil hot-rolled NBR-70,raw materials/steel,Raw Materials - Steel,336.58,20,EUR,Raw Materials - Steel
PO-100123-3,Bosch Rexroth,Wiring harness connector HD,Electronic Components,Electronic Components,47.18,200,EUR,Electronic Components
PO-101800-7,Faiveley Transport,Stretch wrap film Rev.B roll,Packaging & Logistics,Packaging & Logistics,23.89,1,EUR,Packaging & Logistics
PO-101174-4,Mahle GmbH,Sealing gasket sheet S235,RAW MAT-RUBBER,Raw Materials - Rubber,24.07,20,EUR,Raw Materials - Rubber
PO-100528-2,Schaeffler Technologies,epdm rubbre seal stock 42crmo4,RAW MAT-RUBBER,Raw Materials - Rubber,31.7,200,EUR,Raw Materials - Rubber
PO-102395-7,Schaeffler Technologies,order ref pending - STRETCH WRAP FILM 2,packaging/logistics,Packaging & Logistics,21.22,20,EUR,Packaging & Logistics
PO-104197-3,Faiveley Transport,wiring harness connector 230v,electronics,Electronic Components,23.79,1,EUR,Electronic Components
PO-103827-4,Bilstein GmbH,Sealing gasket sheet 70Sh-A,Raw Materials - Rubber,Raw Materials - Rubber,31.18,5,EUR,Raw Materials - Rubber
PO-101810-3,ZF Friedrichshafen,LAPTOP M12 BUSINESS GRADE,IT & Office Equipment,IT & Office Equipment,902.83,1,EUR,IT & Office Equipment
PO-100298-3,Trelleborg Sealing,HYDRAULIC HOSE FITTING TYPE-A,MRO - Maintenance Supplies,MRO - Maintenance Supplies,36.5,200,EUR,MRO - Maintenance Supplies
PO-100306-4,Continental AG,Office chair ergonomic compact,IT & Office Equipment,IT & Office Equipment,123.37,20,EUR,IT & Office Equipment
PO-102027-3,Voith Turbo,Connector assembly compact sealed,Electronic Components,Electronic Components,19.73,200,EUR,Electronic Components
PO-102390-2,Mahle GmbH,Protective foam sheet M12,PACKAGING,Packaging & Logistics,20.38,50,EUR,Packaging & Logistics
PO-103939-4,ZF Friedrichshafen,Woodne pallet EUR standard,Packaging & Logistics,Packaging & Logistics,17.32,5,EUR,Packaging & Logistics
PO-100662-3,Schaeffler Technologies,Office chair ergonomic v,IT & Office Equipment,IT & Office Equipment,272.74,1,EUR,IT & Office Equipment
PO-103374-6,Trelleborg Sealing,Sealing gasket sheet 60Sh-A,Raw Materials - Rubber,Raw Materials - Rubber,15.03,200,EUR,Raw Materials - Rubber
PO-100912-1,Elringklinger AG,PCB assembly Rev.B,Electronic Components,Electronic Components,32.87,100,EUR,Electronic Components
PO-102132-3,Elringklinger AG,misc / EPDM rubber seal stock X5CrNi,,Raw Materials - Rubber,19.72,1,EUR,Raw Materials - Rubber
PO-102546-4,Hella GmbH,PO item: Corrugated shipping crate Rev.B,Pack & Log,Packaging & Logistics,21.61,20,EUR,Packaging & Logistics
PO-101980-5,Haldex AB,Vulcanized rubber block X5CrNi,Raw Materials - Rubber,Raw Materials - Rubber,39.39,1,EUR,Raw Materials - Rubber
PO-100399-6,Wabco Holdings,CONNECTOR ASSEMBLY V2 SEALED,Electronic Components,Electronic Components,23.86,20,EUR,Electronic Components
PO-101066-1,Elringklinger AG,Bearing assembly Typ-eA,MRO - Maintenance Supplies,MRO - Maintenance Supplies,231.42,100,EUR,MRO - Maintenance Supplies
PO-101452-2,Mahle GmbH,Vulcanized rubber ,Raw Materials - Rubber,Raw Materials - Rubber,55.45,50,EUR,Raw Materials - Rubber
PO-100204-7,Freudenberg Sealing,Sealing gasket sheet NBR-70,Raw Materials - Rubber,Raw Materials - Rubber,10.93,10,EUR,Raw Materials - Rubber
PO-102286-3,Elringklinger AG,Hydraulic hose fitting v3,MRO - Maintenance Supplies,MRO - Maintenance Supplies,48.5,20,EUR,MRO - Maintenance Supplies
PO-100228-3,Freudenberg Sealing,Steel coil hot-rolled 60Sh-A,Raw Materials - Steel,Raw Materials - Steel,304.39,1,EUR,Raw Materials - Steel
PO-101801-1,Schaeffler Technologies,misc / FORGED STEEL BILLET X5CRNI,RAW MAT-STEEL,Raw Materials - Steel,837.9,2,EUR,Raw Materials - Steel
PO-102860-3,Elringklinger AG,Industrial lubricant v3 2L0 drum,maintenance,MRO - Maintenance Supplies,159.52,100,EUR,MRO - Maintenance Supplies
PO-103115-6,Haldex AB,Wooden pallet EUR standard,Packaging & Logistics,Packaging & Logistics,17.04,50,EUR,Packaging & Logistics
PO-101903-5,Haldex AB,Monitor 27in Type-A,IT & Office Equipment,IT & Office Equipment,306.28,5,EUR,IT & Office Equipment
PO-102705-2,Mahle GmbH,Seal kit connector housing std,MRO - Maintenance Supplies,MRO - Maintenance Supplies,19.78,1,EUR,MRO - Maintenance Supplies
PO-101185-1,SKF Group,Stretch wrap film compact roll,Packaging & Logistics,Packaging & Logistics,16.84,200,EUR,Packaging & Logistics
PO-102409-7,Mahle GmbH,Laptop v3 business grade,IT & Office,IT & Office Equipment,931.72,10,EUR,IT & Office Equipment
PO-100810-4,SKF Group,Stretch wrap film M12 roll,Pack & Log,Packaging & Logistics,20.87,200,EUR,Packaging & Logistics
PO-100093-1,Voith Turbo,Office chair ergnoomic std,it/office,IT & Office Equipment,340.29,50,EUR,IT & Office Equipment
PO-103642-1,Voith Turbo,Laptop HD business grade,IT EQUIP,IT & Office Equipment,667.89,10,EUR,IT & Office Equipment
PO-101137-2,ZF Friedrichshafen,misc / Sealing gasket sheet S235,RAW MAT-RUBBER,Raw Materials - Rubber,26.98,10,EUR,Raw Materials - Rubber
PO-101900-2,Bosch Rexroth,Sealing gasket hseet 60Sh-A,Raw Mat. Rubber,Raw Materials - Rubber,21.09,10,EUR,Raw Materials - Rubber
PO-103345-5,Trelleborg Sealing,Pressure sensor unit v2,electronics,Electronic Components,237.18,200,EUR,Electronic Components
PO-102206-7,Mahle GmbH,Stretch wrap film 230V,Packaging & Logistics,Packaging & Logistics,13.94,20,EUR,Packaging & Logistics
PO-100643-5,Schaeffler Technologies,Forged steel billet 70Sh-A,RAW MAT-STEEL,Raw Materials - Steel,514.8,1,EUR,Raw Materials - Steel
PO-100375-3,ZF Friedrichshafen,WOODEN PALLET EUR STANDARD,Packaging & Logistics,Packaging & Logistics,11.3,100,EUR,Packaging & Logistics
PO-102810-2,Continental AG,PCB assembly 230V,Electronic Components,Electronic Components,27.18,1,EUR,Electronic Components
PO-102973-4,Wabco Holdings,Sealing gasket sheet 7,RAW MAT-RUBBER,Raw Materials - Rubber,30.94,2,EUR,Raw Materials - Rubber
PO-104176-3,Trelleborg Sealing,Steel sheet NBR-70 1.5mm,RAW MAT-STEEL,Raw Materials - Steel,375.64,50,EUR,Raw Materials - Steel
PO-100301-6,Bilstein GmbH,Wiring harness connector Rev.B,electronics,Electronic Components,51.56,50,EUR,Electronic Components
PO-100336-6,ZF Friedrichshafen,Wooden pallet EUR standard,Pack & Log,Packaging & Logistics,14.75,5,EUR,Packaging & Logistics
PO-104106-3,Bosch Rexroth,Laptop compact business grade,IT EQUIP,IT & Office Equipment,927.0,50,EUR,IT & Office Equipment
PO-100500-2,Faiveley Transport,Pressure sensor unit v3,ELEC COMP,Electronic Components,88.47,50,EUR,Electronic Components
PO-101782-3,ZF Friedrichshafen,Laptop Rev.B business grade,IT & Office Equipment,IT & Office Equipment,1122.63,200,EUR,IT & Office Equipment
PO-100962-2,ZF Friedrichshafen,Protective foam sheet v3,Packaging & Logistics,Packaging & Logistics,22.72,50,EUR,Packaging & Logistics
PO-102417-1,Haldex AB,Laptop v2 business grade,IT & Office Equipment,IT & Office Equipment,1425.96,1,EUR,IT & Office Equipment
PO-101248-1,Voith Turbo,order ref pending - Seal kit connector housing 24V,MRO - Maintenance Supplies,MRO - Maintenance Supplies,20.98,2,EUR,MRO - Maintenance Supplies
PO-103748-2,Faiveley Transport,Rubber compound 42CrMo4 sheet,rubber,Raw Materials - Rubber,29.19,2,EUR,Raw Materials - Rubber
PO-103856-5,SKF Group,bearing assembly hd,MRO,MRO - Maintenance Supplies,217.49,100,EUR,MRO - Maintenance Supplies
PO-100460-4,Hella GmbH,Corrugated shipping crate 230V,Pack & Log,Packaging & Logistics,18.41,200,EUR,Packaging & Logistics
PO-100419-5,Haldex AB,Hydraulic hose fitting std,MRO/Maint,MRO - Maintenance Supplies,43.72,50,EUR,MRO - Maintenance Supplies
PO-100388-2,Bilstein GmbH,Corrugated shipping crate 24V,PACKAGING,Packaging & Logistics,16.56,20,EUR,Packaging & Logistics
PO-101881-4,Haldex AB,Industrial lubricant std 20L drum,MRO/Maint,MRO - Maintenance Supplies,96.49,100,EUR,MRO - Maintenance Supplies
PO-100566-5,Wabco Holdings,Wooden pallet EUR stan,Packaging & Logistics,Packaging & Logistics,19.78,100,EUR,Packaging & Logistics
PO-103785-4,Elringklinger AG,Seal kit connector housing,MRO - Maintenance Supplies,MRO - Maintenance Supplies,18.38,50,EUR,MRO - Maintenance Supplies
PO-101624-6,Mahle GmbH,Connector assembly 230V sealed,Electronic Components,Electronic Components,89.06,100,EUR,Electronic Components
PO-103236-1,Haldex AB,misc / Steel sheet X5,raw materials/steel,Raw Materials - Steel,184.59,2,EUR,Raw Materials - Steel
PO-103402-6,Wabco Holdings,protective foam sheet m12,Packaging & Logistics,Packaging & Logistics,20.6,200,EUR,Packaging & Logistics
PO-101606-2,Schaeffler Technologies,Office chair ergonomic v3,IT & Office Equipment,IT & Office Equipment,327.38,2,EUR,IT & Office Equipment
PO-101357-5,Continental AG,PO item: FORGED STEEL BILLET ,RAW MAT-STEEL,Raw Materials - Steel,595.81,200,EUR,Raw Materials - Steel
PO-102888-3,Voith Turbo,Bearing assembly M12,MRO/Maint,MRO - Maintenance Supplies,203.85,2,EUR,MRO - Maintenance Supplies
PO-103907-7,SKF Group,Protective foam sheet HD,Packaging & Logistics,Packaging & Logistics,26.62,100,EUR,Packaging & Logistics
PO-103322-3,Continental AG,Steel sheet 42CrMo4 6.0mm,Raw Materials - Steel,Raw Materials - Steel,374.83,5,EUR,Raw Materials - Steel
PO-100437-2,Faiveley Transport,Forged steel billet NBR-70,Raw Materials - Steel,Raw Materials - Steel,799.65,2,EUR,Raw Materials - Steel
PO-103223-2,Hella GmbH,Steel sheet 70Sh-A 3.0mm,RAW MAT-STEEL,Raw Materials - Steel,243.31,2,EUR,Raw Materials - Steel
PO-102143-7,SKF Group,Industrial lubricant Rev.B 20L ,MRO - Maintenance Supplies,MRO - Maintenance Supplies,133.88,5,EUR,MRO - Maintenance Supplies
PO-103352-5,Elringklinger AG,office chair ergonomic rev.b,IT & Office,IT & Office Equipment,344.18,100,EUR,IT & Office Equipment
PO-102421-5,Hella GmbH,Forged steel billet DC01,,Raw Materials - Steel,575.8,10,EUR,Raw Materials - Steel
PO-103343-3,Faiveley Transport,Steel coil ho-trolled 60Sh-A,RAW MAT-STEEL,Raw Materials - Steel,378.28,1,EUR,Raw Materials - Steel
PO-103102-7,Bosch Rexroth,Laptop Rev.B business grade,it/office,IT & Office Equipment,701.47,100,EUR,IT & Office Equipment
PO-104062-1,SKF Group,hydraulic hose fitting 24v,MRO - Maintenance Supplies,MRO - Maintenance Supplies,11.67,10,EUR,MRO - Maintenance Supplies
PO-101347-2,Continental AG,PCB assembly HD,Electronic Components,Electronic Components,55.03,20,EUR,Electronic Components
PO-102688-6,Mahle GmbH,Office chair ergonomic Type-A,IT & Office Equipment,IT & Office Equipment,227.13,5,EUR,IT & Office Equipment
PO-101986-4,SKF Group,misc / Seal kit connector housing v3,MRO/Maint,MRO - Maintenance Supplies,43.29,20,EUR,MRO - Maintenance Supplies
PO-100025-3,Mahle GmbH,order ref pending - Vulcanized rubber block X5CrNi,Raw Materials - Rubber,Raw Materials - Rubber,37.45,1,EUR,Raw Materials - Rubber
PO-100847-6,Voith Turbo,Wiring harness connector HD,Electronic Components,Electronic Components,77.52,20,EUR,Electronic Components
PO-101178-1,Elringklinger AG,Seal kit connector housing std,MRO - Maintenance Supplies,MRO - Maintenance Supplies,30.21,1,EUR,MRO - Maintenance Supplies
PO-104002-4,Faiveley Transport,Sealing gasket sheet X5CrNi,Raw Materials - Rubber,Raw Materials - Rubber,12.47,5,EUR,Raw Materials - Rubber
PO-102574-4,ZF Friedrichshafen,WOOEDN PALLET EUR STANDARD,Packaging & Logistics,Packaging & Logistics,12.68,1,EUR,Packaging & Logistics
PO-103246-4,Wabco Holdings,Monitor 27in 230V,,IT & Office Equipment,304.78,20,EUR,IT & Office Equipment
PO-102623-4,Faiveley Transport,misc / Seal kit connector housin g24V,MRO - Maintenance Supplies,MRO - Maintenance Supplies,56.03,1,EUR,MRO - Maintenance Supplies
PO-101079-7,ZF Friedrichshafen,order ref pending - steel coil hot-rol,raw materials/steel,Raw Materials - Steel,243.12,10,EUR,Raw Materials - Steel
PO-101284-2,SKF Group,Stretch wrap film Type-A roll,Packaging & Logistics,Packaging & Logistics,20.23,5,EUR,Packaging & Logistics
PO-101649-3,Trelleborg Sealing,Office chair ergonomic compact,it/office,IT & Office Equipment,307.46,5,EUR,IT & Office Equipment
PO-100055-5,ZF Friedrichshafen,order ref pending - industrial lubricant 230v 20l drum,MRO - Maintenance Supplies,MRO - Maintenance Supplies,158.65,100,EUR,MRO - Maintenance Supplies
PO-103946-4,Mahle GmbH,Steel sheet 60Sh-A 2.0mm,Raw Materials - Steel,Raw Materials - Steel,403.51,200,EUR,Raw Materials - Steel
PO-102874-3,Trelleborg Sealing,SEALING GASKET SHEET NBR-70,Raw Materials - Rubber,Raw Materials - Rubber,27.64,5,EUR,Raw Materials - Rubber
PO-101089-3,Bosch Rexroth,epdm rubber seal stock s235,Raw Materials - Rubber,Raw Materials - Rubber,30.75,20,EUR,Raw Materials - Rubber
PO-100943-4,Bilstein GmbH,VULCANIZED RUBBER BLOCK 70SH-A,Raw Materials - Rubber,Raw Materials - Rubber,26.65,100,EUR,Raw Materials - Rubber
PO-103640-6,Elringklinger AG,Forged steel billet NBR-70,raw materials/steel,Raw Materials - Steel,719.41,2,EUR,Raw Materials - Steel
PO-103582-4,Mahle GmbH,misc / Steel sheet 70Sh-A 8.0mm,Raw Materials - Steel,Raw Materials - Steel,258.5,1,EUR,Raw Materials - Steel
PO-100744-1,Haldex AB,PO item: Pressure sensor unit v2,electronics,Electronic Components,243.91,200,EUR,Electronic Components
PO-102504-4,Bosch Rexroth,PCB assembly Type-A,ELEC COMP,Electronic Components,29.87,50,EUR,Electronic Components
PO-102051-6,Wabco Holdings,Bearing assembly 230V,MRO - Maintenance Supplies,MRO - Maintenance Supplies,100.32,1,EUR,MRO - Maintenance Supplies
PO-103430-6,Bosch Rexroth,EPMD rubber seal stock NBR-70,Raw Materials - Rubber,Raw Materials - Rubber,19.02,10,EUR,Raw Materials - Rubber
PO-102511-4,Continental AG,Stretch wrap film v3 roll,Packaging & Logistics,Packaging & Logistics,25.79,200,EUR,Packaging & Logistics
PO-100865-3,Bosch Rexroth,Hydraulic hose fitting Rev.B,MRO,MRO - Maintenance Supplies,40.8,200,EUR,MRO - Maintenance Supplies
PO-103979-2,Mahle GmbH,Sealing gasket sheet 60Sh-A,,Raw Materials - Rubber,19.15,20,EUR,Raw Materials - Rubber
PO-100935-3,Mahle GmbH,Forged steel billet DC01,Raw Materials - Steel,Raw Materials - Steel,583.53,100,EUR,Raw Materials - Steel
PO-100129-2,ZF Friedrichshafen,Strethc wrap film Type-A roll,PACKAGING,Packaging & Logistics,30.64,50,EUR,Packaging & Logistics
PO-101818-4,Continental AG,Seal kit connector housing 230V,MRO - Maintenance Supplies,MRO - Maintenance Supplies,19.93,5,EUR,MRO - Maintenance Supplies
PO-104098-2,Bilstein GmbH,Steel coil hot-rolled S355,Steel,Raw Materials - Steel,457.53,20,EUR,Raw Materials - Steel
PO-104150-5,Schaeffler Technologies,PO item: steel coil hot-rolled s235,raw materials/steel,Raw Materials - Steel,297.62,2,EUR,Raw Materials - Steel
PO-102942-1,Faiveley Transport,Rubber compound NBR,Raw Materials - Rubber,Raw Materials - Rubber,33.48,20,EUR,Raw Materials - Rubber
PO-103096-1,Freudenberg Sealing,Hydraulic hose fitting HD,MRO - Maintenance Supplies,MRO - Maintenance Supplies,24.33,50,EUR,MRO - Maintenance Supplies
PO-100760-3,Elringklinger AG,FORGED STEEL BILLET 70SH-A,RAW MAT-STEEL,Raw Materials - Steel,850.33,10,EUR,Raw Materials - Steel
PO-103547-4,Wabco Holdings,Wooden pallet EUR standard,Packaging & Logistics,Packaging & Logistics,14.72,200,EUR,Packaging & Logistics
PO-102852-2,Freudenberg Sealing,Vulcanized rubber block S355,Raw Materials - Rubber,Raw Materials - Rubber,56.39,1,EUR,Raw Materials - Rubber
PO-102891-6,Elringklinger AG,order ref pending - PCBA SSEMBLY V3,Electronic Components,Electronic Components,19.17,200,EUR,Electronic Components
PO-103831-1,Schaeffler Technologies,MONITOR 27IN COMPACT,IT EQUIP,IT & Office Equipment,155.43,5,EUR,IT & Office Equipment
PO-103308-3,Haldex AB,Rubber compound 42CrMo4 sheet,Raw Materials - Rubber,Raw Materials - Rubber,26.04,50,EUR,Raw Materials - Rubber
PO-103191-5,SKF Group,Office chair ergonomic 230V,IT & Office Equipment,IT & Office Equipment,290.21,50,EUR,IT & Office Equipment
PO-101743-6,Bilstein GmbH,cpb assembly 24v,Electronic Components,Electronic Components,43.39,2,EUR,Electronic Components
PO-102683-1,Mahle GmbH,Connector assembly 230V sealed,electronics,Electronic Components,76.4,1,EUR,Electronic Components
PO-101836-1,Schaeffler Technologies,Seal kit connector housing v2,MRO - Maintenance Supplies,MRO - Maintenance Supplies,35.57,20,EUR,MRO - Maintenance Supplies
PO-103020-2,Schaeffler Technologies,Industrial lubricant Type-A 20L drum,MRO/Maint,MRO - Maintenance Supplies,168.47,2,EUR,MRO - Maintenance Supplies
PO-100209-5,Elringklinger AG,Industrial lubricant Rev.B 20L drum,MRO - Maintenance Supplies,MRO - Maintenance Supplies,161.23,100,EUR,MRO - Maintenance Supplies
PO-100934-2,Mahle GmbH,Vulcanized rubber block S235,rubber,Raw Materials - Rubber,45.86,10,EUR,Raw Materials - Rubber
PO-100464-1,Mahle GmbH,Pressure sensor unit compac,Electronic Components,Electronic Components,235.14,2,EUR,Electronic Components
PO-100617-7,Elringklinger AG,Laptop compact business grade,IT & Office Equipment,IT & Office Equipment,684.77,10,EUR,IT & Office Equipment
PO-100607-4,Bosch Rexroth,Protective foam sheet v2,Packaging & Logistics,Packaging & Logistics,9.01,200,EUR,Packaging & Logistics
PO-103328-2,Haldex AB,Steel coil hot-rolled NBR-70,Raw Materials - Steel,Raw Materials - Steel,478.15,200,EUR,Raw Materials - Steel
PO-103269-6,Haldex AB,Vulcanized rubber block 70Sh-A,,Raw Materials - Rubber,60.57,2,EUR,Raw Materials - Rubber
PO-101860-4,Continental AG,PO item: Steel coil hot-rolled NBR-70,Raw Materials - Steel,Raw Materials - Steel,327.31,5,EUR,Raw Materials - Steel
PO-103312-7,Elringklinger AG,Vulcanized rubber block NBR-70,Raw Materials - Rubber,Raw Materials - Rubber,40.55,50,EUR,Raw Materials - Rubber
PO-101647-1,Continental AG,Monitor 27in std,it/office,IT & Office Equipment,174.04,20,EUR,IT & Office Equipment
PO-103558-1,Hella GmbH,Steel sheet X5CrNi 8.0mm,Steel,Raw Materials - Steel,247.08,200,EUR,Raw Materials - Steel
PO-100313-4,Continental AG,Laptop 24V business grade,IT EQUIP,IT & Office Equipment,1151.55,10,EUR,IT & Office Equipment
PO-100127-7,Elringklinger AG,Office chair ergonom,IT & Office Equipment,IT & Office Equipment,139.99,5,EUR,IT & Office Equipment
PO-100518-6,Schaeffler Technologies,Industrial lubricant std 20L drum,MRO - Maintenance Supplies,MRO - Maintenance Supplies,108.87,100,EUR,MRO - Maintenance Supplies
PO-101755-4,Haldex AB,Stretch wrap film v2 roll,Packaging & Logistics,Packaging & Logistics,28.67,2,EUR,Packaging & Logistics
PO-103058-5,Voith Turbo,Wiring harness connector 230V,electronics,Electronic Components,24.05,20,EUR,Electronic Components
PO-100870-1,Freudenberg Sealing,Industrial lubricant co,MRO - Maintenance Supplies,MRO - Maintenance Supplies,135.64,100,EUR,MRO - Maintenance Supplies
PO-101869-6,Elringklinger AG,Seal kit connector housing v2,MRO/Maint,MRO - Maintenance Supplies,40.92,10,EUR,MRO - Maintenance Supplies
PO-102124-2,SKF Group,Laptop Rev.B business grade,IT EQUIP,IT & Office Equipment,872.59,200,EUR,IT & Office Equipment
PO-101363-4,Trelleborg Sealing,Indusrtial lubricant 24V ,MRO - Maintenance Supplies,MRO - Maintenance Supplies,156.39,20,EUR,MRO - Maintenance Supplies
PO-102162-5,Bilstein GmbH,Office chair ergnoomic Rev.B,IT & Office Equipment,IT & Office Equipment,175.89,5,EUR,IT & Office Equipment
PO-104185-5,ZF Friedrichshafen,Corrugated shipping crate Rev.B,Packaging & Logistics,Packaging & Logistics,50.83,100,EUR,Packaging & Logistics
PO-101788-2,Haldex AB,PROTECTIVE FOAM SHEET TYPE-A,Packaging & Logistics,Packaging & Logistics,9.05,20,EUR,Packaging & Logistics
PO-103606-7,Mahle GmbH,wooden pallet eur standard,Packaging & Logistics,Packaging & Logistics,10.13,5,EUR,Packaging & Logistics
PO-100794-2,Continental AG,Rubber compound S355 sheet,Raw Materials - Rubber,Raw Materials - Rubber,22.81,10,EUR,Raw Materials - Rubber
PO-103895-2,Mahle GmbH,Laptop 24V business grade,IT EQUIP,IT & Office Equipment,1251.86,100,EUR,IT & Office Equipment
PO-103180-1,ZF Friedrichshafen,RBUBER COMPOUND 70SH-A SHEET,,Raw Materials - Rubber,41.26,10,EUR,Raw Materials - Rubber
PO-103705-1,Faiveley Transport,monitor 27in hd,it/office,IT & Office Equipment,228.55,1,EUR,IT & Office Equipment
PO-102295-5,Schaeffler Technologies,PCB assembly Type-A,Electronic Components,Electronic Components,103.35,10,EUR,Electronic Components
PO-102127-5,Voith Turbo,Wiring harness connector v3,ELEC COMP,Electronic Components,71.56,200,EUR,Electronic Components
PO-100806-7,Faiveley Transport,Forged stele billet S355,Steel,Raw Materials - Steel,498.45,5,EUR,Raw Materials - Steel
PO-103604-5,Wabco Holdings,order ref pending - Hydraulic hosef itting v2,MRO - Maintenance Supplies,MRO - Maintenance Supplies,48.88,50,EUR,MRO - Maintenance Supplies
PO-103914-7,Schaeffler Technologies,PO item: WOODEN PALLET EUR STANDADR,Pack & Log,Packaging & Logistics,19.21,10,EUR,Packaging & Logistics
PO-102638-5,Trelleborg Sealing,Wiring harness connector 230V,electronics,Electronic Components,38.95,50,EUR,Electronic Components
PO-102190-5,Elringklinger AG,Steel coil hot-rolled DC01,raw materials/steel,Raw Materials - Steel,365.56,20,EUR,Raw Materials - Steel
PO-102003-7,Schaeffler Technologies,Industrial lubricant std 20L drum,MRO - Maintenance Supplies,MRO - Maintenance Supplies,151.88,20,EUR,MRO - Maintenance Supplies
PO-101071-6,Bilstein GmbH,EPDM rubber seal stock 60Sh-A,,Raw Materials - Rubber,59.3,10,EUR,Raw Materials - Rubber
PO-101356-4,Bosch Rexroth,BEARING ASSEMBLY CMOPACT,MRO - Maintenance Supplies,MRO - Maintenance Supplies,193.88,200,EUR,MRO - Maintenance Supplies
PO-100122-2,Voith Turbo,misc / Rubber compound 70Sh-A sheet,Raw Mat. Rubber,Raw Materials - Rubber,21.44,1,EUR,Raw Materials - Rubber
PO-101564-2,SKF Group,PCB assembly M12,Electronic Components,Electronic Components,183.01,5,EUR,Electronic Components
PO-101395-1,Haldex AB,Bearing assembly compact,MRO - Maintenance Supplies,MRO - Maintenance Supplies,161.9,5,EUR,MRO - Maintenance Supplies
PO-103530-1,SKF Group,Office chair ergonomic Rev.B,IT & Office Equipment,IT & Office Equipment,193.18,2,EUR,IT & Office Equipment
PO-102628-2,ZF Friedrichshafen,Rubber compound X5CrNi sheet,Raw Materials - Rubber,Raw Materials - Rubber,30.47,10,EUR,Raw Materials - Rubber
PO-102793-6,Wabco Holdings,Connector assembly v3 sealed,Elec. Components,Electronic Components,21.16,50,EUR,Electronic Components
PO-102659-5,Schaeffler Technologies,Office chair ergonomic v2,IT & Office,IT & Office Equipment,353.62,10,EUR,IT & Office Equipment
PO-102818-3,Haldex AB,PO item: Sealing gasket sheet NBR-70,Raw Materials - Rubber,Raw Materials - Rubber,20.71,10,EUR,Raw Materials - Rubber
PO-103903-3,ZF Friedrichshafen,Steel coil hot-rolled 60Sh-A,raw materials/steel,Raw Materials - Steel,248.11,20,EUR,Raw Materials - Steel
PO-101326-2,Bosch Rexroth,PO item: Monitor 27in 230V,it/office,IT & Office Equipment,167.93,10,EUR,IT & Office Equipment
PO-104156-4,Trelleborg Sealing,order ref pending - Industrial lubricantT ype-A 20L drum,MRO - Maintenance Supplies,MRO - Maintenance Supplies,85.59,2,EUR,MRO - Maintenance Supplies
PO-102415-6,Wabco Holdings,Laptop Rev.B business grade,IT & Office,IT & Office Equipment,751.42,200,EUR,IT & Office Equipment
PO-101377-4,SKF Group,order ref pending - Steels heet X5CrNi 8.0mm,Raw Materials - Steel,Raw Materials - Steel,313.51,2,EUR,Raw Materials - Steel
PO-100940-1,ZF Friedrichshafen,PCB assembly 24V,Electronic Components,Electronic Components,174.52,100,EUR,Electronic Components
PO-101585-2,Wabco Holdings,Steel coil hot-rolled NBR-70,RAW MAT-STEEL,Raw Materials - Steel,350.1,10,EUR,Raw Materials - Steel
PO-100014-6,Voith Turbo,Office chair ergonomic 24V,IT & Office Equipment,IT & Office Equipment,272.99,1,EUR,IT & Office Equipment
PO-100329-6,Freudenberg Sealing,Steel coil hot-rolled 70Sh-A,Raw Materials - Steel,Raw Materials - Steel,352.42,5,EUR,Raw Materials - Steel
PO-100741-5,Freudenberg Sealing,Sealing gasket she,RAW MAT-RUBBER,Raw Materials - Rubber,24.72,5,EUR,Raw Materials - Rubber
PO-100997-2,Continental AG,pcb sasembly type-a,Elec. Components,Electronic Components,20.97,10,EUR,Electronic Components
PO-100739-3,Bosch Rexroth,Bearing assembly v2,MRO - Maintenance Supplies,MRO - Maintenance Supplies,96.32,1,EUR,MRO - Maintenance Supplies
PO-103117-1,Trelleborg Sealing,Hydraulic hose fitting Rev.B,MRO - Maintenance Supplies,MRO - Maintenance Supplies,17.1,5,EUR,MRO - Maintenance Supplies
PO-103654-6,Elringklinger AG,Protective foam sheet 230V,Packaging & Logistics,Packaging & Logistics,9.61,20,EUR,Packaging & Logistics
PO-104109-6,ZF Friedrichshafen,Wooden pallet EUR standard,Packaging & Logistics,Packaging & Logistics,15.08,50,EUR,Packaging & Logistics
PO-103868-3,Wabco Holdings,Forged steel billet 4,,Raw Materials - Steel,859.99,2,EUR,Raw Materials - Steel
PO-101154-5,Elringklinger AG,Seal kit connector housing HD,MRO - Maintenance Supplies,MRO - Maintenance Supplies,35.43,10,EUR,MRO - Maintenance Supplies
PO-101983-1,SKF Group,Connector assembly 24V sea,ELEC COMP,Electronic Components,57.54,10,EUR,Electronic Components
PO-102076-3,ZF Friedrichshafen,Bearing assembly Rev.B,MRO - Maintenance Supplies,MRO - Maintenance Supplies,216.51,10,EUR,MRO - Maintenance Supplies
PO-103866-1,Voith Turbo,Office chaire rgonomic compact,IT & Office,IT & Office Equipment,321.98,20,EUR,IT & Office Equipment
PO-100597-1,Bilstein GmbH,Forged steel billet NBR-70,raw materials/steel,Raw Materials - Steel,808.53,5,EUR,Raw Materials - Steel
PO-100656-4,Bilstein GmbH,EPDM rubber seal stokc S355,Raw Materials - Rubber,Raw Materials - Rubber,45.72,2,EUR,Raw Materials - Rubber
PO-102684-2,Hella GmbH,Stretch wrap film v2 roll,Packaging & Logistics,Packaging & Logistics,18.27,2,EUR,Packaging & Logistics
PO-103508-7,ZF Friedrichshafen,Rubber compound 60Sh-A sheet,Raw Materials - Rubber,Raw Materials - Rubber,33.36,50,EUR,Raw Materials - Rubber
PO-103707-3,Bilstein GmbH,Vulcanized rubber block 60Sh-A,RAW MAT-RUBBER,Raw Materials - Rubber,53.74,1,EUR,Raw Materials - Rubber
PO-102877-6,SKF Group,Stretch wrap flim std roll,packaging/logistics,Packaging & Logistics,28.63,100,EUR,Packaging & Logistics
PO-102161-4,Faiveley Transport,laptop 230v business grade,IT & Office Equipment,IT & Office Equipment,1277.43,1,EUR,IT & Office Equipment
PO-103349-2,Faiveley Transport,Bearing assembly std,MRO - Maintenance Supplies,MRO - Maintenance Supplies,188.21,50,EUR,MRO - Maintenance Supplies
PO-101380-7,Schaeffler Technologies,Vulcanized rubber block S355,Raw Materials - Rubber,Raw Materials - Rubber,31.55,20,EUR,Raw Materials - Rubber
PO-103765-5,Bilstein GmbH,sealing gasket sheet dc01,Raw Materials - Rubber,Raw Materials - Rubber,32.89,200,EUR,Raw Materials - Rubber
PO-103392-3,Elringklinger AG,Wiring harness connector DH,Electronic Components,Electronic Components,84.99,100,EUR,Electronic Components
PO-101397-3,Voith Turbo,Office chair ergonomic std,IT & Office Equipment,IT & Office Equipment,339.83,2,EUR,IT & Office Equipment
PO-104168-2,Wabco Holdings,Sealing gasket sheet DC01,Raw Materials - Rubber,Raw Materials - Rubber,16.08,200,EUR,Raw Materials - Rubber
PO-101510-4,Elringklinger AG,STEEL SHEET S355 1.5MM,RAW MAT-STEEL,Raw Materials - Steel,270.75,20,EUR,Raw Materials - Steel
PO-100881-5,Freudenberg Sealing,Rubber compound 42CrMo4 sheet,RAW MAT-RUBBER,Raw Materials - Rubber,36.86,10,EUR,Raw Materials - Rubber
PO-103265-2,Continental AG,Bearing assembly v3,MRO - Maintenance Supplies,MRO - Maintenance Supplies,94.4,2,EUR,MRO - Maintenance Supplies
PO-102297-7,Schaeffler Technologies,misc / Industrial lubricant Rev.B 20L drum,MRO/Maint,MRO - Maintenance Supplies,65.46,200,EUR,MRO - Maintenance Supplies
PO-100262-2,Hella GmbH,EPDM rubber seal stock S235,RAW MAT-RUBBER,Raw Materials - Rubber,35.26,100,EUR,Raw Materials - Rubber
PO-102989-6,Freudenberg Sealing,Industrial lubricant Type-A 20L drum,MRO - Maintenance Supplies,MRO - Maintenance Supplies,154.97,20,EUR,MRO - Maintenance Supplies
PO-102488-2,Wabco Holdings,Hydraulic hose fit,,MRO - Maintenance Supplies,25.54,50,EUR,MRO - Maintenance Supplies
PO-103419-2,Haldex AB,bearing assembly rev.b,MRO - Maintenance Supplies,MRO - Maintenance Supplies,56.54,100,EUR,MRO - Maintenance Supplies
PO-100627-3,Bilstein GmbH,EPDM rubber seal stock X5CrNi,RAW MAT-RUBBER,Raw Materials - Rubber,31.91,50,EUR,Raw Materials - Rubber
PO-102728-4,Haldex AB,SEAL KIT CONNECTOR HOUSING M12,maintenance,MRO - Maintenance Supplies,50.06,5,EUR,MRO - Maintenance Supplies
PO-102905-6,Elringklinger AG,Laptop 230V business grade,IT & Office Equipment,IT & Office Equipment,1149.34,200,EUR,IT & Office Equipment
PO-100576-1,Hella GmbH,Industrial lubricant std 20L drum,MRO - Maintenance Supplies,MRO - Maintenance Supplies,142.2,200,EUR,MRO - Maintenance Supplies
PO-100472-2,Voith Turbo,PCB assembly std,Electronic Components,Electronic Components,204.24,1,EUR,Electronic Components
PO-101568-6,Bilstein GmbH,order ref pending - Corrugated shipping crate HD,PACKAGING,Packaging & Logistics,28.4,5,EUR,Packaging & Logistics
PO-102331-6,Haldex AB,EPDM rubber seal stock S235,,Raw Materials - Rubber,27.64,100,EUR,Raw Materials - Rubber
PO-102362-2,ZF Friedrichshafen,Sealing gasket sheet 70Sh-A,Raw Materials - Rubber,Raw Materials - Rubber,18.54,200,EUR,Raw Materials - Rubber
PO-102747-2,SKF Group,PO item: Forged steel billet S355,Raw Materials - Steel,Raw Materials - Steel,829.13,5,EUR,Raw Materials - Steel
PO-100890-7,Faiveley Transport,Bearing assembly compact,maintenance,MRO - Maintenance Supplies,195.06,200,EUR,MRO - Maintenance Supplies
PO-102271-2,Elringklinger AG,Laptop Type-A buisness grade,IT & Office Equipment,IT & Office Equipment,673.02,10,EUR,IT & Office Equipment
PO-103124-1,Faiveley Transport,Protective foam sheet Type-A,PACKAGING,Packaging & Logistics,16.83,200,EUR,Packaging & Logistics
PO-102995-5,Elringklinger AG,misc / Stretch wrap film v3 roll,Pack & Log,Packaging & Logistics,13.38,100,EUR,Packaging & Logistics
PO-101987-5,Bosch Rexroth,seal kit connector housin,MRO - Maintenance Supplies,MRO - Maintenance Supplies,39.78,100,EUR,MRO - Maintenance Supplies
PO-100424-3,SKF Group,Laptop Type-A business grade,IT EQUIP,IT & Office Equipment,1263.63,2,EUR,IT & Office Equipment
PO-101939-6,Hella GmbH,Wooden pallet EUR standard,packaging/logistics,Packaging & Logistics,20.85,10,EUR,Packaging & Logistics
PO-100177-1,Haldex AB,Steel sheet NBR-70 1.5mm,Raw Materials - Steel,Raw Materials - Steel,183.78,100,EUR,Raw Materials - Steel
PO-103026-1,Faiveley Transport,Wiring harness connector yTpe-A,Electronic Components,Electronic Components,22.27,50,EUR,Electronic Components
PO-101745-1,Trelleborg Sealing,order ref pending - Steel sheet X5CrNi 3.0mm,Raw Materials - Steel,Raw Materials - Steel,285.61,10,EUR,Raw Materials - Steel
PO-103647-6,Haldex AB,Sealing gasket sheet S355,Raw Materials - Rubber,Raw Materials - Rubber,35.19,5,EUR,Raw Materials - Rubber
PO-103038-6,Bosch Rexroth,Forged steel billet X5CrNi,raw materials/steel,Raw Materials - Steel,534.5,1,EUR,Raw Materials - Steel
PO-103068-1,ZF Friedrichshafen,Steel sheet 60Sh-A 3.0mm,RAW MAT-STEEL,Raw Materials - Steel,418.56,20,EUR,Raw Materials - Steel
PO-100742-6,Haldex AB,forged steel billet dc01,Raw Materials - Steel,Raw Materials - Steel,850.02,100,EUR,Raw Materials - Steel
PO-103742-3,Wabco Holdings,Corrugated shipping crate 24V,Packaging & Logistics,Packaging & Logistics,47.37,2,EUR,Packaging & Logistics
PO-100151-3,SKF Group,Corrugated shipping crate v2,PACKAGING,Packaging & Logistics,47.28,2,EUR,Packaging & Logistics
PO-100653-1,Faiveley Transport,Rubber compound NBR-70 sheet,Raw Materials - Rubber,Raw Materials - Rubber,40.24,100,EUR,Raw Materials - Rubber
PO-103875-3,Schaeffler Technologies,Steel coil hot-rol,RAW MAT-STEEL,Raw Materials - Steel,450.59,10,EUR,Raw Materials - Steel
PO-100376-4,Bosch Rexroth,Vulcanized rubbe,Raw Materials - Rubber,Raw Materials - Rubber,41.71,2,EUR,Raw Materials - Rubber
PO-102538-3,Faiveley Transport,Office chair ergonomic Rev.B,IT & Office,IT & Office Equipment,315.71,2,EUR,IT & Office Equipment
PO-103401-5,Continental AG,PO item: Office chair ergonomic 230V,IT & Office Equipment,IT & Office Equipment,171.3,50,EUR,IT & Office Equipment
PO-100948-2,Haldex AB,Vulcanized rubber block 42CrMo4,Raw Materials - Rubber,Raw Materials - Rubber,51.96,50,EUR,Raw Materials - Rubber
PO-101840-5,Bilstein GmbH,EPDM rubber seal sto,,Raw Materials - Rubber,20.67,1,EUR,Raw Materials - Rubber
PO-102853-3,SKF Group,Steel coil hot-rolled S235,raw materials/steel,Raw Materials - Steel,436.01,10,EUR,Raw Materials - Steel
PO-103465-6,Freudenberg Sealing,Hydraulic hose fittin gstd,MRO - Maintenance Supplies,MRO - Maintenance Supplies,40.0,1,EUR,MRO - Maintenance Supplies
PO-102086-6,Elringklinger AG,Laptop std business grade,IT EQUIP,IT & Office Equipment,1297.5,100,EUR,IT & Office Equipment
PO-101717-1,Voith Turbo,misc / Corrugated shipping crate HD,Packaging & Logistics,Packaging & Logistics,53.7,50,EUR,Packaging & Logistics
PO-103591-6,Bosch Rexroth,Monito r27in M12,IT & Office Equipment,IT & Office Equipment,234.44,5,EUR,IT & Office Equipment
PO-104008-3,Freudenberg Sealing,Connector assembly Type-A sealed,Electronic Components,Electronic Components,51.88,200,EUR,Electronic Components
PO-103047-1,Bilstein GmbH,Wiring harness connector HD,Elec. Components,Electronic Components,85.93,2,EUR,Electronic Components
PO-102446-2,Haldex AB,misc / Industrial lubricant v3 20L drum,MRO - Maintenance Supplies,MRO - Maintenance Supplies,114.45,5,EUR,MRO - Maintenance Supplies
PO-103784-3,Hella GmbH,Wooden pallet EU,PACKAGING,Packaging & Logistics,17.3,20,EUR,Packaging & Logistics
PO-104053-6,Bilstein GmbH,Steel coil hot-rolled 60Sh-A,RAW MAT-STEEL,Raw Materials - Steel,276.09,10,EUR,Raw Materials - Steel
PO-103085-4,Haldex AB,Steel sheet 42CrMo4 6.0mm,Steel,Raw Materials - Steel,385.87,20,EUR,Raw Materials - Steel
PO-102263-1,Elringklinger AG,Industrial lubricant M12 20L drum,,MRO - Maintenance Supplies,87.67,5,EUR,MRO - Maintenance Supplies
PO-101009-7,Bilstein GmbH,Corrugated shipping crate 24V,PACKAGING,Packaging & Logistics,30.93,5,EUR,Packaging & Logistics
PO-103728-3,Bosch Rexroth,Industrial lubricant compact 20L drum,MRO - Maintenance Supplies,MRO - Maintenance Supplies,96.88,200,EUR,MRO - Maintenance Supplies
PO-100277-3,Bosch Rexroth,PO item: Wooden pallet EUR standar,Packaging & Logistics,Packaging & Logistics,21.89,50,EUR,Packaging & Logistics
PO-103095-7,Trelleborg Sealing,Steel sheet 60Sh-A 3.0mm,raw materials/steel,Raw Materials - Steel,403.69,2,EUR,Raw Materials - Steel
PO-101708-6,Freudenberg Sealing,EPDM RUBBER SEAL STOCK S235,Raw Materials - Rubber,Raw Materials - Rubber,56.38,10,EUR,Raw Materials - Rubber
PO-103737-5,Voith Turbo,forged steel billet nbr-70,Steel,Raw Materials - Steel,403.46,100,EUR,Raw Materials - Steel
PO-100208-4,Freudenberg Sealing,Rubber compound 70Sh-A sheet,Raw Materials - Rubber,Raw Materials - Rubber,20.82,2,EUR,Raw Materials - Rubber
PO-101276-1,Schaeffler Technologies,Steel coil hot-rolled 60Sh-A,Raw Materials - Steel,Raw Materials - Steel,334.94,100,EUR,Raw Materials - Steel
PO-102064-5,Faiveley Transport,Monitor 27in compact,IT & Office Equipment,IT & Office Equipment,176.86,10,EUR,IT & Office Equipment
PO-102622-3,SKF Group,Wiring harness connector Rev.B,ELEC COMP,Electronic Components,72.52,200,EUR,Electronic Components
PO-103091-3,Elringklinger AG,PO item: Seal kit connector housing std,maintenance,MRO - Maintenance Supplies,66.27,20,EUR,MRO - Maintenance Supplies
PO-103615-2,Bilstein GmbH,misc / Monitor 27i nst,IT & Office Equipment,IT & Office Equipment,209.41,10,EUR,IT & Office Equipment
PO-101199-1,ZF Friedrichshafen,PCB ASSEMBLY STD,,Electronic Components,188.84,1,EUR,Electronic Components
PO-104066-5,Haldex AB,MONITOR 27,IT & Office Equipment,IT & Office Equipment,187.66,100,EUR,IT & Office Equipment
PO-103074-7,Schaeffler Technologies,order ref pending - PCB assembly v3,Electronic Components,Electronic Components,73.51,1,EUR,Electronic Components
PO-101467-3,Trelleborg Sealing,EPDM rubber seal stock S235,Raw Materials - Rubber,Raw Materials - Rubber,59.09,2,EUR,Raw Materials - Rubber
PO-100601-5,Continental AG,EPDM RUBBER SEAL STOCK NBR-70,Raw Materials - Rubber,Raw Materials - Rubber,32.28,5,EUR,Raw Materials - Rubber
PO-100761-4,Continental AG,Laptop std business grade,IT & Office,IT & Office Equipment,688.44,2,EUR,IT & Office Equipment
PO-100636-5,SKF Group,Sealing gasket sheet X5CrNi,Raw Materials - Rubber,Raw Materials - Rubber,17.64,2,EUR,Raw Materials - Rubber
PO-102592-1,Wabco Holdings,misc / sealing gasket shee tx5crni,Raw Materials - Rubber,Raw Materials - Rubber,34.54,2,EUR,Raw Materials - Rubber
PO-102107-6,Schaeffler Technologies,PCB assembly Type-A,Electronic Components,Electronic Components,192.05,100,EUR,Electronic Components
PO-103716-5,Trelleborg Sealing,Forged steel billet S235,,Raw Materials - Steel,501.39,5,EUR,Raw Materials - Steel
PO-103073-6,Haldex AB,Corrugated shipping crate std,Packaging & Logistics,Packaging & Logistics,35.53,50,EUR,Packaging & Logistics
PO-102218-5,SKF Group,PCB assembly 230V,electronics,Electronic Components,165.23,1,EUR,Electronic Components
PO-103563-6,Elringklinger AG,Forged steel billet DC01,RAW MAT-STEEL,Raw Materials - Steel,870.3,20,EUR,Raw Materials - Steel
PO-101242-2,Haldex AB,Stretch wrap film,Packaging & Logistics,Packaging & Logistics,24.01,2,EUR,Packaging & Logistics
PO-104025-6,Haldex AB,Hydraulic hose fitting v3,MRO/Maint,MRO - Maintenance Supplies,22.58,1,EUR,MRO - Maintenance Supplies
PO-102568-5,Bosch Rexroth,order ref pending - Wooden pallet EUR standard,packaging/logistics,Packaging & Logistics,9.66,100,EUR,Packaging & Logistics
PO-103956-7,Mahle GmbH,Stretch wrap film v3 roll,Packaging & Logistics,Packaging & Logistics,15.65,20,EUR,Packaging & Logistics
PO-102990-7,Continental AG,Laptop Type-A business grade,it/office,IT & Office Equipment,732.5,5,EUR,IT & Office Equipment
PO-102061-2,ZF Friedrichshafen,Industrial lubricant M12 20L drum,maintenance,MRO - Maintenance Supplies,142.57,100,EUR,MRO - Maintenance Supplies
PO-100753-3,Mahle GmbH,RUBBER COMPOUND 70SH-A SHEET,Raw Materials - Rubber,Raw Materials - Rubber,40.03,5,EUR,Raw Materials - Rubber
PO-100811-5,Trelleborg Sealing,Corrugated shipping crate Type-A,Pack & Log,Packaging & Logistics,19.59,200,EUR,Packaging & Logistics
PO-100635-4,Faiveley Transport,Hydraulic hose fitting HD,MRO - Maintenance Supplies,MRO - Maintenance Supplies,38.71,1,EUR,MRO - Maintenance Supplies
PO-101322-5,Haldex AB,Laptop 230V bus,IT & Office Equipment,IT & Office Equipment,778.12,200,EUR,IT & Office Equipment
PO-102480-1,Continental AG,Pressure sensor unit HD,electronics,Electronic Components,186.42,5,EUR,Electronic Components
PO-102759-7,Trelleborg Sealing,Pressure sensor unit compact,Electronic Components,Electronic Components,304.1,20,EUR,Electronic Components
PO-104009-4,Wabco Holdings,OFFICE CHAIR ERGONOMIC HD,it/office,IT & Office Equipment,323.47,200,EUR,IT & Office Equipment
PO-101665-5,Haldex AB,PO item: Bearing assembly v,MRO - Maintenance Supplies,MRO - Maintenance Supplies,94.8,100,EUR,MRO - Maintenance Supplies
PO-103158-7,Trelleborg Sealing,HYDRAULIC HOSE FITTING V3,MRO - Maintenance Supplies,MRO - Maintenance Supplies,37.82,200,EUR,MRO - Maintenance Supplies
PO-103817-1,Bosch Rexroth,rubber compound 60sh-a sheet,Raw Materials - Rubber,Raw Materials - Rubber,42.49,10,EUR,Raw Materials - Rubber
PO-100549-2,Freudenberg Sealing,LAPTOP COMPACT BUSINESS GRADE,it/office,IT & Office Equipment,743.88,100,EUR,IT & Office Equipment
PO-102486-7,ZF Friedrichshafen,Wiring harness connector compact,Electronic Components,Electronic Components,70.74,5,EUR,Electronic Components
PO-100816-3,Bilstein GmbH,EPDM RUBBER SEAL STOCK 70SH-A,Raw Mat. Rubber,Raw Materials - Rubber,44.13,20,EUR,Raw Materials - Rubber
PO-102959-4,Bosch Rexroth,protective foam sheet v2,Packaging & Logistics,Packaging & Logistics,17.03,100,EUR,Packaging & Logistics
PO-104172-6,Freudenberg Sealing,Office chair ergonomic compact,IT & Office Equipment,IT & Office Equipment,366.62,5,EUR,IT & Office Equipment
PO-100808-2,Bilstein GmbH,SEALING GASKET SHEET NBR-70,RAW MAT-RUBBER,Raw Materials - Rubber,12.48,10,EUR,Raw Materials - Rubber
PO-101081-2,Faiveley Transport,PO item: Laptop v3 business grdae,IT & Office Equipment,IT & Office Equipment,906.32,10,EUR,IT & Office Equipment
PO-103514-6,Elringklinger AG,order ref pending - Laptop 230V business grade,IT & Office Equipment,IT & Office Equipment,882.82,200,EUR,IT & Office Equipment
PO-101954-7,Freudenberg Sealing,order ref pending - Bearing assembly v3,MRO - Maintenance Supplies,MRO - Maintenance Supplies,259.45,5,EUR,MRO - Maintenance Supplies
PO-101675-1,Continental AG,Sealing gasket sheet 42CrMo4,RAW MAT-RUBBER,Raw Materials - Rubber,23.42,100,EUR,Raw Materials - Rubber
PO-103976-6,Wabco Holdings,Sealing gasket sheet 4C2rM,Raw Mat. Rubber,Raw Materials - Rubber,34.65,50,EUR,Raw Materials - Rubber
PO-100650-5,Freudenberg Sealing,Bearing assembly compact,MRO - Maintenance Supplies,MRO - Maintenance Supplies,201.31,200,EUR,MRO - Maintenance Supplies
PO-103997-6,Voith Turbo,Office chair ergonomic 230V,IT EQUIP,IT & Office Equipment,238.15,200,EUR,IT & Office Equipment
PO-102832-3,Faiveley Transport,Office chair ergonomic 230V,IT & Office Equipment,IT & Office Equipment,205.07,100,EUR,IT & Office Equipment
PO-104030-4,Continental AG,Stele sheet 42CrMo4 6.0mm,RAW MAT-STEEL,Raw Materials - Steel,396.51,10,EUR,Raw Materials - Steel
PO-101292-3,Haldex AB,Monitor 27in copmact,IT & Office Equipment,IT & Office Equipment,182.47,100,EUR,IT & Office Equipment
PO-102195-3,ZF Friedrichshafen,Sealing gasket sheet 60Sh-A,Raw Materials - Rubber,Raw Materials - Rubber,17.81,5,EUR,Raw Materials - Rubber
PO-103885-6,Freudenberg Sealing,PO item: Wiring harness connector 230V,electronics,Electronic Components,84.48,50,EUR,Electronic Components
PO-101638-6,Freudenberg Sealing,Lpatop 24V business grade,IT & Office Equipment,IT & Office Equipment,754.5,100,EUR,IT & Office Equipment
PO-101104-4,Voith Turbo,MONITOR 27IN V2,IT & Office Equipment,IT & Office Equipment,310.99,5,EUR,IT & Office Equipment
PO-100162-7,Hella GmbH,BEARING ASSEMBLY TY,MRO - Maintenance Supplies,MRO - Maintenance Supplies,236.73,200,EUR,MRO - Maintenance Supplies
PO-103411-1,Bilstein GmbH,Pressure sensor unit v2,electronics,Electronic Components,130.51,200,EUR,Electronic Components
PO-101423-1,Haldex AB,Protective foams heet compact,packaging/logistics,Packaging & Logistics,10.01,20,EUR,Packaging & Logistics
PO-101786-7,Continental AG,Laptop 24V business grade,IT EQUIP,IT & Office Equipment,1134.01,2,EUR,IT & Office Equipment
PO-101238-5,Faiveley Transport,wooden pallet eur s,Packaging & Logistics,Packaging & Logistics,14.87,10,EUR,Packaging & Logistics
PO-101506-7,Faiveley Transport,Steel sheet 42CrMo4 2.0mm,Raw Materials - Steel,Raw Materials - Steel,291.06,200,EUR,Raw Materials - Steel
PO-100826-6,Voith Turbo,OFFICE HCAIR ERGONOMIC TYPE-A,IT & Office Equipment,IT & Office Equipment,331.04,100,EUR,IT & Office Equipment
PO-102641-1,ZF Friedrichshafen,Rubber compound S355 shee,Raw Materials - Rubber,Raw Materials - Rubber,40.56,5,EUR,Raw Materials - Rubber
PO-102514-7,Haldex AB,Seal kit connector housing v3,,MRO - Maintenance Supplies,17.25,10,EUR,MRO - Maintenance Supplies
PO-103065-5,Bilstein GmbH,corrugated shipping crate hd,Packaging & Logistics,Packaging & Logistics,22.35,10,EUR,Packaging & Logistics
PO-103244-2,Wabco Holdings,Connector assembly std sealed,Elec. Components,Electronic Components,66.8,2,EUR,Electronic Components
PO-102887-2,ZF Friedrichshafen,EPDM rubber seal stock S355,Raw Materials - Rubber,Raw Materials - Rubber,19.08,2,EUR,Raw Materials - Rubber
PO-103937-2,Continental AG,Steel coil hot-rolled DC01,Raw Materials - Steel,Raw Materials - Steel,323.38,2,EUR,Raw Materials - Steel
PO-102327-2,Bosch Rexroth,Corrugated shipping crate M12,Packaging & Logistics,Packaging & Logistics,26.47,200,EUR,Packaging & Logistics
PO-102737-6,Trelleborg Sealing,stretch wrap film v3 roll,Pack & Log,Packaging & Logistics,23.31,1,EUR,Packaging & Logistics
PO-103164-6,Faiveley Transport,PO item: Steel coil hot-rolled ,Steel,Raw Materials - Steel,237.85,1,EUR,Raw Materials - Steel
PO-102645-5,Hella GmbH,Mnoitor 27,IT EQUIP,IT & Office Equipment,290.95,20,EUR,IT & Office Equipment
PO-101168-5,Faiveley Transport,INDUSTRIAL LUBRICANT REV.B 20L DRUM,MRO - Maintenance Supplies,MRO - Maintenance Supplies,166.45,100,EUR,MRO - Maintenance Supplies
PO-103825-2,Faiveley Transport,pcb assembly re,ELEC COMP,Electronic Components,203.08,1,EUR,Electronic Components
PO-100596-7,Haldex AB,Steel sheet DC01 ,Raw Materials - Steel,Raw Materials - Steel,180.5,50,EUR,Raw Materials - Steel
PO-101070-5,Wabco Holdings,PCB assembly 230V,Elec. Components,Electronic Components,72.29,5,EUR,Electronic Components
PO-104006-1,Bilstein GmbH,Steel sheet 70Sh-A 8.0mm,Raw Materials - Steel,Raw Materials - Steel,382.33,2,EUR,Raw Materials - Steel
PO-102181-3,Schaeffler Technologies,Seal kit connector housing std,MRO/Maint,MRO - Maintenance Supplies,53.35,200,EUR,MRO - Maintenance Supplies
PO-100243-4,Trelleborg Sealing,PCB assembly 24V,electronics,Electronic Components,59.12,1,EUR,Electronic Components
PO-102823-1,Haldex AB,Steel coil hot-rolled S235,Steel,Raw Materials - Steel,387.03,2,EUR,Raw Materials - Steel
PO-101297-1,Trelleborg Sealing,Stretch wrap film Rev.B roll,Packaging & Logistics,Packaging & Logistics,13.52,2,EUR,Packaging & Logistics
PO-101644-5,Freudenberg Sealing,Hydraulic hose fitting 230V,MRO - Maintenance Supplies,MRO - Maintenance Supplies,12.01,1,EUR,MRO - Maintenance Supplies
PO-100790-5,Haldex AB,Laptop v3 business grade,IT & Office Equipment,IT & Office Equipment,1391.76,2,EUR,IT & Office Equipment
PO-103289-5,Faiveley Transport,PCB assembly std,Electronic Components,Electronic Components,112.66,1,EUR,Electronic Components
PO-101454-4,Haldex AB,Forged steel billet 70Sh-A,Raw Materials - Steel,Raw Materials - Steel,527.8,5,EUR,Raw Materials - Steel
PO-103041-2,Bilstein GmbH,Office chair ergonomic M12,IT & Office Equipment,IT & Office Equipment,285.08,20,EUR,IT & Office Equipment
PO-103955-6,Schaeffler Technologies,Office chair ergonomic M12,,IT & Office Equipment,121.48,100,EUR,IT & Office Equipment
PO-101741-4,ZF Friedrichshafen,PRESSURE SENSOR UNIT 24V,electronics,Electronic Components,184.11,200,EUR,Electronic Components
PO-103208-1,ZF Friedrichshafen,industrail lubricant compact 20l drum,MRO,MRO - Maintenance Supplies,115.24,50,EUR,MRO - Maintenance Supplies
PO-101776-4,Faiveley Transport,Monitor 27in Rev.B,IT & Office Equipment,IT & Office Equipment,193.48,5,EUR,IT & Office Equipment
PO-103299-1,Schaeffler Technologies,Wooden pallet EUR standard,packaging/logistics,Packaging & Logistics,11.03,2,EUR,Packaging & Logistics
PO-103089-1,Wabco Holdings,Bearing assembly ,MRO - Maintenance Supplies,MRO - Maintenance Supplies,40.22,200,EUR,MRO - Maintenance Supplies
PO-102308-4,Elringklinger AG,Seal kit connector ho,MRO - Maintenance Supplies,MRO - Maintenance Supplies,39.93,100,EUR,MRO - Maintenance Supplies
PO-103144-7,Wabco Holdings,Rubber compound S355 sheet,Raw Materials - Rubber,Raw Materials - Rubber,35.15,100,EUR,Raw Materials - Rubber
PO-102472-7,Haldex AB,Industrial lubricant 24V 20L drum,maintenance,MRO - Maintenance Supplies,108.6,2,EUR,MRO - Maintenance Supplies
PO-103777-3,Continental AG,PO item: Hydraulic hose fitting Type-A,MRO - Maintenance Supplies,MRO - Maintenance Supplies,15.2,10,EUR,MRO - Maintenance Supplies
PO-102590-6,Voith Turbo,Steel coil hot-rolled DC01,Steel,Raw Materials - Steel,256.59,20,EUR,Raw Materials - Steel
PO-104081-6,Mahle GmbH,LAPTOP COMPACT BUSINESS GARDE,it/office,IT & Office Equipment,1037.75,1,EUR,IT & Office Equipment
PO-101663-3,Faiveley Transport,misc / Bearing assembly Rev.B,MRO - Maintenance Supplies,MRO - Maintenance Supplies,233.32,100,EUR,MRO - Maintenance Supplies
PO-103577-6,Haldex AB,Connector assembyl Rev.B sealed,ELEC COMP,Electronic Components,8.15,5,EUR,Electronic Components
PO-103280-3,Mahle GmbH,Pressure sensor unit Rev.B,Electronic Components,Electronic Components,78.81,20,EUR,Electronic Components
PO-103783-2,Trelleborg Sealing,Steel coil hot-rolled 42CrMo4,Raw Materials - Steel,Raw Materials - Steel,400.97,5,EUR,Raw Materials - Steel
PO-100814-1,ZF Friedrichshafen,Hydraulic hose fitting 24V,MRO/Maint,MRO - Maintenance Supplies,19.88,1,EUR,MRO - Maintenance Supplies
PO-102289-6,Continental AG,PO item: Monitor 27in std,IT & Office,IT & Office Equipment,187.46,2,EUR,IT & Office Equipment
PO-101065-7,Freudenberg Sealing,Corrugated shipping crate Type-A,Packaging & Logistics,Packaging & Logistics,31.35,200,EUR,Packaging & Logistics
PO-103924-3,Wabco Holdings,Protective foam sheet compact,Packaging & Logistics,Packaging & Logistics,13.53,2,EUR,Packaging & Logistics
PO-102384-3,Mahle GmbH,Vulcanized rubber block DC01,Raw Materials - Rubber,Raw Materials - Rubber,42.95,1,EUR,Raw Materials - Rubber
PO-101825-4,Mahle GmbH,misc / PCB assembly M21,Electronic Components,Electronic Components,100.08,50,EUR,Electronic Components
PO-101339-1,Voith Turbo,Wooden pallet EUR standard,Packaging & Logistics,Packaging & Logistics,10.77,10,EUR,Packaging & Logistics
PO-100837-3,Continental AG,Connector assembly 203,,Electronic Components,86.82,50,EUR,Electronic Components
PO-103151-7,SKF Group,Bearing assembly std,MRO,MRO - Maintenance Supplies,190.08,5,EUR,MRO - Maintenance Supplies
PO-101474-3,Voith Turbo,Wooden pallet EUR standard,PACKAGING,Packaging & Logistics,18.14,2,EUR,Packaging & Logistics
PO-100990-2,SKF Group,Industrial lubricant Type-A 20L drum,maintenance,MRO - Maintenance Supplies,123.88,10,EUR,MRO - Maintenance Supplies
PO-102389-1,Bosch Rexroth,CONNECTOR ASSEMBLY TYPE-A SEALED,Electronic Components,Electronic Components,61.19,200,EUR,Electronic Components
PO-101604-7,Elringklinger AG,PCB assembly 24V,Electronic Components,Electronic Components,185.26,50,EUR,Electronic Components
PO-100952-6,Elringklinger AG,Seal kit connector housing Rev.B,MRO,MRO - Maintenance Supplies,13.36,20,EUR,MRO - Maintenance Supplies
PO-103962-6,Haldex AB,Industrial lubricant compact 20L drum,,MRO - Maintenance Supplies,85.94,2,EUR,MRO - Maintenance Supplies
PO-104208-2,Haldex AB,Stretch wrap film M12 roll ,PACKAGING,Packaging & Logistics,19.22,10,EUR,Packaging & Logistics
PO-101399-5,Schaeffler Technologies,misc / Hydraulic hose fitting std,maintenance,MRO - Maintenance Supplies,27.08,5,EUR,MRO - Maintenance Supplies
PO-101289-7,Freudenberg Sealing,Seal kit connector ho,MRO - Maintenance Supplies,MRO - Maintenance Supplies,43.1,5,EUR,MRO - Maintenance Supplies
PO-103987-3,Haldex AB,PO item: PCB assebmly 230V,electronics,Electronic Components,111.48,5,EUR,Electronic Components
PO-100315-6,Wabco Holdings,Office chair ergono,IT EQUIP,IT & Office Equipment,225.98,200,EUR,IT & Office Equipment
PO-102266-4,Continental AG,misc / Seal kit connector housing v3,MRO - Maintenance Supplies,MRO - Maintenance Supplies,55.22,1,EUR,MRO - Maintenance Supplies
PO-100220-2,SKF Group,Sealing gasket sheet 60Sh-A,Raw Materials - Rubber,Raw Materials - Rubber,38.02,5,EUR,Raw Materials - Rubber
PO-100809-3,Haldex AB,Laptop v3 busi,it/office,IT & Office Equipment,733.63,10,EUR,IT & Office Equipment
PO-102240-6,SKF Group,order ref pending - forged steel billet x5crni,Raw Materials - Steel,Raw Materials - Steel,806.77,200,EUR,Raw Materials - Steel
PO-103723-5,Bosch Rexroth,Corrugated shipping crate HD,Pack & Log,Packaging & Logistics,23.15,1,EUR,Packaging & Logistics
PO-101838-3,Trelleborg Sealing,Forged steel billet NBR-70,Raw Materials - Steel,Raw Materials - Steel,381.62,2,EUR,Raw Materials - Steel
PO-102498-5,Freudenberg Sealing,Wiring harness connector Rev.B,Electronic Components,Electronic Components,61.84,100,EUR,Electronic Components
PO-103287-3,Faiveley Transport,PCB assem,Elec. Components,Electronic Components,19.77,1,EUR,Electronic Components
PO-103881-2,Schaeffler Technologies,Steel sheet DC01 8.0mm,,Raw Materials - Steel,362.87,1,EUR,Raw Materials - Steel
PO-102017-7,Freudenberg Sealing,INDUSTRIAL LUBRICANT HD 20L DRUM,MRO/Maint,MRO - Maintenance Supplies,174.87,50,EUR,MRO - Maintenance Supplies
PO-103477-4,ZF Friedrichshafen,Steel coil hot-rolled X5CrNi,Raw Materials - Steel,Raw Materials - Steel,312.52,200,EUR,Raw Materials - Steel
PO-102239-5,Trelleborg Sealing,pressure sensor unit 230v,electronics,Electronic Components,284.85,50,EUR,Electronic Components
PO-101849-7,Bosch Rexroth,Laptop 24V business grade,IT & Office Equipment,IT & Office Equipment,845.75,10,EUR,IT & Office Equipment
PO-100543-3,Bosch Rexroth,Industrial lubricant std 20L dru,MRO/Maint,MRO - Maintenance Supplies,169.91,50,EUR,MRO - Maintenance Supplies
PO-101911-6,Haldex AB,Bearing assembly v3,MRO - Maintenance Supplies,MRO - Maintenance Supplies,59.45,100,EUR,MRO - Maintenance Supplies
PO-102209-3,Wabco Holdings,Industrial lubricant v2 2,MRO/Maint,MRO - Maintenance Supplies,68.85,20,EUR,MRO - Maintenance Supplies
PO-101558-3,Schaeffler Technologies,laptop v2 business grade,IT & Office Equipment,IT & Office Equipment,966.82,2,EUR,IT & Office Equipment
PO-100471-1,Elringklinger AG,Sealing gasket sheet 70Sh-A,RAW MAT-RUBBER,Raw Materials - Rubber,16.4,1,EUR,Raw Materials - Rubber
PO-100139-5,Continental AG,Vulcanized rubber block 70Sh-A,Raw Materials - Rubber,Raw Materials - Rubber,29.05,100,EUR,Raw Materials - Rubber
PO-100186-3,ZF Friedrichshafen,Wiring harness connector v3,ELEC COMP,Electronic Components,20.93,200,EUR,Electronic Components
PO-101556-1,Freudenberg Sealing,forged steel billet nbr-70,RAW MAT-STEEL,Raw Materials - Steel,595.58,100,EUR,Raw Materials - Steel
PO-102439-2,Faiveley Transport,Pressuer sensor unit 24V,Electronic Components,Electronic Components,225.27,200,EUR,Electronic Components
PO-103788-7,ZF Friedrichshafen,Connector assembly H Dsealed,Electronic Components,Electronic Components,85.12,200,EUR,Electronic Components
PO-100216-5,Hella GmbH,hydraulic hose fitting v3,maintenance,MRO - Maintenance Supplies,23.47,100,EUR,MRO - Maintenance Supplies
PO-100367-2,Schaeffler Technologies,pressure sensor unit v2,Elec. Components,Electronic Components,37.29,200,EUR,Electronic Components
PO-103617-4,Bosch Rexroth,Pressure sensor unit 230V,electronics,Electronic Components,114.42,200,EUR,Electronic Components
PO-102729-5,Voith Turbo,WOODEN PALLET EUR STANDARD,Packaging & Logistics,Packaging & Logistics,8.54,50,EUR,Packaging & Logistics
PO-100562-1,Schaeffler Technologies,Monitor 27in Type-A,IT & Office Equipment,IT & Office Equipment,311.34,100,EUR,IT & Office Equipment
PO-102473-1,Hella GmbH,Rubber compound 42CrMo4 shete,Raw Materials - Rubber,Raw Materials - Rubber,33.02,10,EUR,Raw Materials - Rubber
PO-103201-1,Continental AG,Laptop 24V business grade,,IT & Office Equipment,739.18,10,EUR,IT & Office Equipment
PO-101804-4,Schaeffler Technologies,PRESSURE SENSOR UNIT 230V,Elec. Components,Electronic Components,153.36,5,EUR,Electronic Components
PO-102908-2,Faiveley Transport,SEALING GASKET SHEET 60SH-A,Raw Materials - Rubber,Raw Materials - Rubber,32.44,1,EUR,Raw Materials - Rubber
PO-100728-6,Haldex AB,Steel sheet 60Sh-A 6.0mm,RAW MAT-STEEL,Raw Materials - Steel,194.72,100,EUR,Raw Materials - Steel
PO-102660-6,Haldex AB,Monitor 27in v3,IT & Office Equipment,IT & Office Equipment,208.15,200,EUR,IT & Office Equipment
PO-102984-1,Mahle GmbH,PCB assembly Type-A,Electronic Components,Electronic Components,91.05,50,EUR,Electronic Components
PO-103435-4,Mahle GmbH,Rubber compound 42CrMo4 sheet,Raw Materials - Rubber,Raw Materials - Rubber,41.57,50,EUR,Raw Materials - Rubber
PO-104075-7,Mahle GmbH,STEEL SHEET NBR-70 2.0MM,raw materials/steel,Raw Materials - Steel,280.67,200,EUR,Raw Materials - Steel
PO-101933-7,ZF Friedrichshafen,PCB assembly 24V,Electronic Components,Electronic Components,157.36,10,EUR,Electronic Components
PO-103850-6,Wabco Holdings,Connector assembly compact sealed,Electronic Components,Electronic Components,10.35,200,EUR,Electronic Components
PO-100848-7,Wabco Holdings,order ref pending - Steel coil hot-rolled S235,Raw Materials - Steel,Raw Materials - Steel,256.14,1,EUR,Raw Materials - Steel
PO-101854-5,Schaeffler Technologies,EPDM rubber seal stock ,Raw Materials - Rubber,Raw Materials - Rubber,44.36,200,EUR,Raw Materials - Rubber
PO-101671-4,SKF Group,seal kit connector housing v3,maintenance,MRO - Maintenance Supplies,51.66,1,EUR,MRO - Maintenance Supplies
PO-103437-6,Voith Turbo,Forged steel billet X5CrNi,RAW MAT-STEEL,Raw Materials - Steel,711.64,1,EUR,Raw Materials - Steel
PO-101536-2,Faiveley Transport,seal kit connector housing ,MRO - Maintenance Supplies,MRO - Maintenance Supplies,32.87,10,EUR,MRO - Maintenance Supplies
PO-103066-6,Freudenberg Sealing,Rubber compound DC01 sheet,,Raw Materials - Rubber,35.22,50,EUR,Raw Materials - Rubber
PO-101163-7,Continental AG,HYDRAULIC HOSE FITTING TYPE-A,MRO,MRO - Maintenance Supplies,22.92,200,EUR,MRO - Maintenance Supplies
PO-103084-3,Faiveley Transport,Connector assembly 230V sea,ELEC COMP,Electronic Components,45.63,1,EUR,Electronic Components
PO-102695-6,Freudenberg Sealing,Bearing assembly M12,MRO - Maintenance Supplies,MRO - Maintenance Supplies,53.1,50,EUR,MRO - Maintenance Supplies
PO-103878-6,Hella GmbH,Laptop v3 business garde,IT EQUIP,IT & Office Equipment,1299.49,50,EUR,IT & Office Equipment
PO-100050-7,Wabco Holdings,Pressure sensor unit Type-A,Electronic Components,Electronic Components,187.84,10,EUR,Electronic Components
PO-103111-2,Faiveley Transport,Connector assembly Type-A sealed,,Electronic Components,92.69,10,EUR,Electronic Components
PO-104069-1,Bosch Rexroth,Seal kit connecotr housing Type-A,maintenance,MRO - Maintenance Supplies,27.34,100,EUR,MRO - Maintenance Supplies
PO-102457-6,Haldex AB,Sealing gakset sheet S235,Raw Materials - Rubber,Raw Materials - Rubber,24.42,1,EUR,Raw Materials - Rubber
PO-102896-4,Haldex AB,order ref pending - Office chair ergonomic M12,IT EQUIP,IT & Office Equipment,244.24,200,EUR,IT & Office Equipment
PO-102875-4,Freudenberg Sealing,Protective foam sheet HD,Packaging & Logistics,Packaging & Logistics,25.65,10,EUR,Packaging & Logistics
PO-101031-1,Mahle GmbH,Connector assembly HD sealed,electronics,Electronic Components,79.64,10,EUR,Electronic Components
PO-101106-6,Bosch Rexroth,EPDM rubber seal stock NBR-70,Raw Materials - Rubber,Raw Materials - Rubber,34.68,5,EUR,Raw Materials - Rubber
PO-104131-7,SKF Group,Wiring harness connector v2,Electronic Components,Electronic Components,19.69,2,EUR,Electronic Components
PO-100154-6,Haldex AB,Seal kit connector housing ,MRO/Maint,MRO - Maintenance Supplies,69.37,200,EUR,MRO - Maintenance Supplies
PO-102997-7,Haldex AB,Vulcanized rubber block 42CrMo4,rubber,Raw Materials - Rubber,64.31,10,EUR,Raw Materials - Rubber
PO-102187-2,Wabco Holdings,Wooden pallet EUR stan,Packaging & Logistics,Packaging & Logistics,21.66,10,EUR,Packaging & Logistics
PO-102664-3,Continental AG,Pressure sensor unit M12,Electronic Components,Electronic Components,193.55,100,EUR,Electronic Components
PO-101338-7,ZF Friedrichshafen,laptop v3 business grade,IT & Office Equipment,IT & Office Equipment,753.6,5,EUR,IT & Office Equipment
PO-100098-6,Wabco Holdings,PO item: Forged steel billet NBR-70,raw materials/steel,Raw Materials - Steel,869.93,5,EUR,Raw Materials - Steel
PO-101689-1,Bosch Rexroth,PCB assembly 24V,ELEC COMP,Electronic Components,78.45,100,EUR,Electronic Components
PO-101259-5,Faiveley Transport,monitor 27in std,IT & Office Equipment,IT & Office Equipment,305.0,10,EUR,IT & Office Equipment
PO-102283-7,Bosch Rexroth,Vulcanized rubber block S355,Raw Materials - Rubber,Raw Materials - Rubber,41.17,50,EUR,Raw Materials - Rubber
PO-103480-7,Hella GmbH,Rubber compound ,Raw Materials - Rubber,Raw Materials - Rubber,35.96,200,EUR,Raw Materials - Rubber
PO-103810-1,Bilstein GmbH,protective foam sheet ocmpact,PACKAGING,Packaging & Logistics,23.13,50,EUR,Packaging & Logistics
PO-100114-1,Schaeffler Technologies,EPDM rubber seal stock 42CrMo4,Raw Materials - Rubber,Raw Materials - Rubber,53.75,20,EUR,Raw Materials - Rubber
PO-100435-7,Bilstein GmbH,Rubber compound NBR-70 shee,Raw Materials - Rubber,Raw Materials - Rubber,37.29,200,EUR,Raw Materials - Rubber
PO-100018-3,Haldex AB,Wooden pallet EUR standard,Pack & Log,Packaging & Logistics,14.74,100,EUR,Packaging & Logistics
PO-101702-7,Elringklinger AG,Vulcanized rubber block 4C2rMo4,Raw Mat. Rubber,Raw Materials - Rubber,44.96,10,EUR,Raw Materials - Rubber
PO-102313-2,Mahle GmbH,Steel shee tS235 8.0mm,RAW MAT-STEEL,Raw Materials - Steel,320.5,10,EUR,Raw Materials - Steel
PO-102428-5,Haldex AB,Wooedn pallet EUR standar,Packaging & Logistics,Packaging & Logistics,11.92,10,EUR,Packaging & Logistics
PO-102144-1,Continental AG,sealing gasket sheet s235,rubber,Raw Materials - Rubber,19.94,1,EUR,Raw Materials - Rubber
PO-100141-7,ZF Friedrichshafen,wiring harness connector hd,electronics,Electronic Components,37.84,200,EUR,Electronic Components
PO-100136-2,Elringklinger AG,Protective foam sheet M12,Packaging & Logistics,Packaging & Logistics,22.01,20,EUR,Packaging & Logistics
PO-101244-4,Bosch Rexroth,PCB assembly 24V,,Electronic Components,177.11,10,EUR,Electronic Components
PO-103137-7,Trelleborg Sealing,Wiring harness connector Rev.B,Electronic Components,Electronic Components,17.66,1,EUR,Electronic Components
PO-101091-5,Freudenberg Sealing,Protective foam sheet,PACKAGING,Packaging & Logistics,17.15,2,EUR,Packaging & Logistics
PO-103071-4,Faiveley Transport,Forged steel billet S355,RAW MAT-STEEL,Raw Materials - Steel,359.81,2,EUR,Raw Materials - Steel
PO-100729-7,Bosch Rexroth,PCB assembly HD,ELEC COMP,Electronic Components,16.67,1,EUR,Electronic Components
PO-103239-4,Schaeffler Technologies,CORRUGATED SHIPPING CRATE COMPACT,PACKAGING,Packaging & Logistics,16.78,200,EUR,Packaging & Logistics
PO-103184-5,Bosch Rexroth,Steel coil hot-rolled S355,Raw Materials - Steel,Raw Materials - Steel,424.72,10,EUR,Raw Materials - Steel
PO-100467-4,Haldex AB,oCnnector assembly M12 sealed,Electronic Components,Electronic Components,40.6,20,EUR,Electronic Components
PO-101609-5,Trelleborg Sealing,Office chair ergonomic compact,it/office,IT & Office Equipment,206.92,100,EUR,IT & Office Equipment
PO-103629-2,Bosch Rexroth,MONITOR 27IN TYPE-A,IT & Office Equipment,IT & Office Equipment,246.64,200,EUR,IT & Office Equipment
PO-100825-5,Trelleborg Sealing,Forged steel billet 70Sh-A,,Raw Materials - Steel,877.19,5,EUR,Raw Materials - Steel
PO-100188-5,Haldex AB,monitor 27in 230v,IT & Office Equipment,IT & Office Equipment,166.27,5,EUR,IT & Office Equipment
PO-103097-2,Continental AG,Hydraulic hose fitting v2,MRO - Maintenance Supplies,MRO - Maintenance Supplies,26.14,2,EUR,MRO - Maintenance Supplies
PO-103429-5,Elringklinger AG,Baering assemb,MRO - Maintenance Supplies,MRO - Maintenance Supplies,205.26,20,EUR,MRO - Maintenance Supplies
PO-103011-7,Voith Turbo,Hydraulic hose fitting std,maintenance,MRO - Maintenance Supplies,27.72,1,EUR,MRO - Maintenance Supplies
PO-101153-4,SKF Group,Seal kit connector housing 24V,MRO - Maintenance Supplies,MRO - Maintenance Supplies,30.68,200,EUR,MRO - Maintenance Supplies
PO-100600-4,Hella GmbH,Steel sheet S355 6.0mm,Raw Materials - Steel,Raw Materials - Steel,307.65,1,EUR,Raw Materials - Steel
PO-100379-7,Schaeffler Technologies,Vulcanized rubber block 70Sh-A,rubber,Raw Materials - Rubber,31.98,20,EUR,Raw Materials - Rubber
PO-103385-3,Freudenberg Sealing,Pressure sensor unit Type-A,electronics,Electronic Components,35.02,200,EUR,Electronic Components
PO-104155-3,Haldex AB,Connector assembly v3 sealed,ELEC COMP,Electronic Components,6.14,1,EUR,Electronic Components
PO-104145-7,Faiveley Transport,OFFICE CHAIR ERGONOMIC V3,IT & Office Equipment,IT & Office Equipment,212.18,2,EUR,IT & Office Equipment
PO-100427-6,Freudenberg Sealing,Office chaire rgonomic v3,IT EQUIP,IT & Office Equipment,277.48,5,EUR,IT & Office Equipment
PO-101348-3,Trelleborg Sealing,Steel sheet S355 3.0mm,Steel,Raw Materials - Steel,288.35,100,EUR,Raw Materials - Steel
PO-102610-5,Schaeffler Technologies,Pressure sensor unit HD,Elec. Components,Electronic Components,274.34,100,EUR,Electronic Components
PO-103042-3,Bilstein GmbH,laptop 230v business grade,IT & Office Equipment,IT & Office Equipment,997.47,2,EUR,IT & Office Equipment
PO-102007-4,Faiveley Transport,Corrugated shipping crate 230V,packaging/logistics,Packaging & Logistics,34.11,10,EUR,Packaging & Logistics
PO-100911-7,Bosch Rexroth,MONITOR 27IN T,IT & Office,IT & Office Equipment,165.8,200,EUR,IT & Office Equipment
PO-100251-5,Faiveley Transport,RPESSURE SENSOR UNIT V3,Electronic Components,Electronic Components,301.5,100,EUR,Electronic Components
PO-101956-2,Elringklinger AG,bearing assembly std,MRO/Maint,MRO - Maintenance Supplies,117.6,2,EUR,MRO - Maintenance Supplies
PO-103190-4,Voith Turbo,MONITOR 27IN HD,IT & Office,IT & Office Equipment,219.86,200,EUR,IT & Office Equipment
PO-103681-5,Mahle GmbH,Corrugated shipping crate v2,packaging/logistics,Packaging & Logistics,54.89,10,EUR,Packaging & Logistics
PO-100625-1,Schaeffler Technologies,Steel sheet 42CrMo4 4.0mm,Raw Materials - Steel,Raw Materials - Steel,366.12,5,EUR,Raw Materials - Steel
PO-100468-5,Trelleborg Sealing,Industrial lubricant HD 20L drum,MRO/Maint,MRO - Maintenance Supplies,140.08,200,EUR,MRO - Maintenance Supplies
PO-101944-4,Wabco Holdings,Stretch wrap film M12 roll,packaging/logistics,Packaging & Logistics,18.2,200,EUR,Packaging & Logistics
PO-101196-5,Continental AG,Protective foam sheet 24V,Packaging & Logistics,Packaging & Logistics,18.44,10,EUR,Packaging & Logistics
PO-103301-3,Faiveley Transport,Industrial lubricant HD 20L drum,maintenance,MRO - Maintenance Supplies,112.57,100,EUR,MRO - Maintenance Supplies
PO-103169-4,Freudenberg Sealing,SEAL KIT CONNECTOR HOUSING COMPACT,MRO - Maintenance Supplies,MRO - Maintenance Supplies,39.7,50,EUR,MRO - Maintenance Supplies
PO-101243-3,Wabco Holdings,misc / PCB ASSEMBLY COMPA,Electronic Components,Electronic Components,195.79,100,EUR,Electronic Components
PO-100212-1,Elringklinger AG,Wiring harness connector 24V,ELEC COMP,Electronic Components,9.11,2,EUR,Electronic Components
PO-102721-4,Hella GmbH,RUBBER COMPOUND 60SH-A SHEET,Raw Materials - Rubber,Raw Materials - Rubber,29.57,1,EUR,Raw Materials - Rubber
PO-100842-1,Freudenberg Sealing,SEALING GASKET SHEET 60HS-A,Raw Mat. Rubber,Raw Materials - Rubber,28.94,1,EUR,Raw Materials - Rubber
PO-100413-6,Freudenberg Sealing,order ref pending - Wooden pallet EUR standard,Pack & Log,Packaging & Logistics,20.55,10,EUR,Packaging & Logistics
PO-102866-2,ZF Friedrichshafen,Hydraulic hose fitting 230V,MRO - Maintenance Supplies,MRO - Maintenance Supplies,48.1,10,EUR,MRO - Maintenance Supplies
PO-102151-1,Bilstein GmbH,Corrugated shipping crate std,Packaging & Logistics,Packaging & Logistics,17.15,50,EUR,Packaging & Logistics
PO-102342-3,Mahle GmbH,misc / Corrugated shipping crate M12,,Packaging & Logistics,47.09,200,EUR,Packaging & Logistics
PO-100796-4,Freudenberg Sealing,Hydraulic hose fitting Rev.B,MRO - Maintenance Supplies,MRO - Maintenance Supplies,45.69,20,EUR,MRO - Maintenance Supplies
PO-103175-3,Mahle GmbH,Wiring harness connector v3,electronics,Electronic Components,80.9,200,EUR,Electronic Components
PO-102911-5,Wabco Holdings,Industrial lubricant Type-A 20L drum,MRO - Maintenance Supplies,MRO - Maintenance Supplies,70.42,20,EUR,MRO - Maintenance Supplies
PO-102909-3,Freudenberg Sealing,misc / Stretch wrap film v2 roll,Packaging & Logistics,Packaging & Logistics,23.46,200,EUR,Packaging & Logistics
PO-100701-7,Schaeffler Technologies,LAPTOP 24V BUSINESS GRADE,it/office,IT & Office Equipment,1221.0,2,EUR,IT & Office Equipment
PO-104089-7,Continental AG,FORGED STEE LBILLET 60SH-A,RAW MAT-STEEL,Raw Materials - Steel,808.93,50,EUR,Raw Materials - Steel
PO-102258-3,Bosch Rexroth,epdm rubber seal stock 42cr,Raw Materials - Rubber,Raw Materials - Rubber,20.31,10,EUR,Raw Materials - Rubber
PO-100149-1,Trelleborg Sealing,Bearing assembly HD,maintenance,MRO - Maintenance Supplies,159.5,100,EUR,MRO - Maintenance Supplies
PO-103325-6,Trelleborg Sealing,misc / industrial lubricant hd 20l drum,maintenance,MRO - Maintenance Supplies,135.04,100,EUR,MRO - Maintenance Supplies
PO-102251-3,Bosch Rexroth,Office chair ergonomic M12,it/office,IT & Office Equipment,232.13,5,EUR,IT & Office Equipment
PO-102570-7,Hella GmbH,Bearing assembly HD,MRO,MRO - Maintenance Supplies,96.76,2,EUR,MRO - Maintenance Supplies
PO-100595-6,Wabco Holdings,PCB assembly v3,Electronic Components,Electronic Components,218.1,20,EUR,Electronic Components
PO-102420-4,SKF Group,Hydraulic hose fitting Rev.B,MRO/Maint,MRO - Maintenance Supplies,46.71,200,EUR,MRO - Maintenance Supplies
PO-103171-6,Voith Turbo,FORGED STEEL BILLET X5CRN,RAW MAT-STEEL,Raw Materials - Steel,668.21,10,EUR,Raw Materials - Steel
PO-104132-1,Freudenberg Sealing,Hydraulic hose fitting copmact,,MRO - Maintenance Supplies,38.81,5,EUR,MRO - Maintenance Supplies
PO-103395-6,ZF Friedrichshafen,Prtoective foam sh,packaging/logistics,Packaging & Logistics,22.47,100,EUR,Packaging & Logistics
PO-103399-3,Haldex AB,WIRING HARNESS CONNECTOR COMPACT,Electronic Components,Electronic Components,63.21,20,EUR,Electronic Components
PO-102694-5,Freudenberg Sealing,epdm rubber seal stock x5crni,Raw Materials - Rubber,Raw Materials - Rubber,51.61,2,EUR,Raw Materials - Rubber
PO-100275-1,Hella GmbH,Monitor 27in std,IT EQUIP,IT & Office Equipment,172.95,50,EUR,IT & Office Equipment
PO-101298-2,Faiveley Transport,Seal kit connector housing M12,MRO - Maintenance Supplies,MRO - Maintenance Supplies,39.7,5,EUR,MRO - Maintenance Supplies
PO-100539-6,Hella GmbH,Steel sheet S235 3.0mm,Raw Materials - Steel,Raw Materials - Steel,281.49,5,EUR,Raw Materials - Steel
PO-101003-1,Voith Turbo,Corrugated shipping ,packaging/logistics,Packaging & Logistics,25.18,5,EUR,Packaging & Logistics
PO-100689-2,ZF Friedrichshafen,Vulcanized rubber blo,Raw Mat. Rubber,Raw Materials - Rubber,50.78,5,EUR,Raw Materials - Rubber
PO-100685-5,ZF Friedrichshafen,PRESSURE SENSOR UNIT 24V,Electronic Components,Electronic Components,117.87,200,EUR,Electronic Components
PO-103007-3,Trelleborg Sealing,Steel coil hot-rolled 60Sh-A,raw materials/steel,Raw Materials - Steel,213.11,50,EUR,Raw Materials - Steel
PO-103311-6,SKF Group,Wiring harness connector Rev.B,Electronic Components,Electronic Components,81.36,2,EUR,Electronic Components
PO-102697-1,Hella GmbH,PCB assembly v2,ELEC COMP,Electronic Components,130.38,10,EUR,Electronic Components
PO-104084-2,ZF Friedrichshafen,stretch wrap film hd roll,Packaging & Logistics,Packaging & Logistics,15.44,100,EUR,Packaging & Logistics
PO-100007-6,SKF Group,Steel sheet S355 4.0mm,Raw Materials - Steel,Raw Materials - Steel,231.03,200,EUR,Raw Materials - Steel
PO-100956-3,Continental AG,Connector assembly v3 sealed,ELEC COMP,Electronic Components,61.08,5,EUR,Electronic Components
PO-100095-3,Bosch Rexroth,Monitor 27in v2,IT & Office Equipment,IT & Office Equipment,296.58,100,EUR,IT & Office Equipment
PO-103573-2,Hella GmbH,Monitor 27in Type-A,IT & Office Equipment,IT & Office Equipment,276.22,1,EUR,IT & Office Equipment
PO-102774-1,Continental AG,CONNECTOR ASSEMBLY V3 SEALED,electronics,Electronic Components,78.9,1,EUR,Electronic Components
PO-100197-7,Elringklinger AG,Sealing gasket sheet 70Sh-A,rubber,Raw Materials - Rubber,31.32,1,EUR,Raw Materials - Rubber
PO-104033-7,Bilstein GmbH,Protective foam sheet 24V,Packaging & Logistics,Packaging & Logistics,18.34,50,EUR,Packaging & Logistics
PO-103593-1,Bilstein GmbH,Rubber compound S355 sheet,rubber,Raw Materials - Rubber,27.81,5,EUR,Raw Materials - Rubber
PO-102861-4,Faiveley Transport,Wooden pallet EUR standard,Packaging & Logistics,Packaging & Logistics,14.19,1,EUR,Packaging & Logistics
PO-101620-2,Faiveley Transport,Laptop 230V business grade,IT & Office Equipment,IT & Office Equipment,1425.46,5,EUR,IT & Office Equipment
PO-102265-3,Schaeffler Technologies,misc / Rubber compound S355 sheet,RAW MAT-RUBBER,Raw Materials - Rubber,33.76,50,EUR,Raw Materials - Rubber
PO-100398-5,Bilstein GmbH,EPDM rubber sela stock 42CrMo4,Raw Materials - Rubber,Raw Materials - Rubber,40.6,10,EUR,Raw Materials - Rubber
PO-100787-2,Wabco Holdings,Steel coil hot-rolled DC01,Steel,Raw Materials - Steel,434.45,5,EUR,Raw Materials - Steel
PO-100775-4,Bilstein GmbH,Connector assembly M12 sealed,ELEC COMP,Electronic Components,56.76,1,EUR,Electronic Components
PO-100130-3,Schaeffler Technologies,Laptop std business grade,it/office,IT & Office Equipment,829.39,10,EUR,IT & Office Equipment
PO-103492-5,Haldex AB,Corrugated shipping crate v3,Packaging & Logistics,Packaging & Logistics,28.12,5,EUR,Packaging & Logistics
PO-101067-2,Freudenberg Sealing,VULCANIZED RUBBER BLOCK DC01,,Raw Materials - Rubber,55.01,20,EUR,Raw Materials - Rubber
PO-100746-3,Hella GmbH,Hydraulic hose fitting Type-A,MRO,MRO - Maintenance Supplies,49.55,100,EUR,MRO - Maintenance Supplies
PO-103362-1,Wabco Holdings,Steel sheet 60Sh-A 8.0mm,raw materials/steel,Raw Materials - Steel,364.36,10,EUR,Raw Materials - Steel
PO-101648-2,Faiveley Transport,order ref pending - Laptop HD business grade,IT & Office Equipment,IT & Office Equipment,1404.76,20,EUR,IT & Office Equipment
PO-103900-7,Bosch Rexroth,Steel coil hot-rolled 42CrMo4,Raw Materials - Steel,Raw Materials - Steel,352.7,100,EUR,Raw Materials - Steel
PO-102978-2,Bilstein GmbH,PCB assembly M12,Electronic Components,Electronic Components,166.06,50,EUR,Electronic Components
PO-100227-2,Faiveley Transport,CPB assembly Type-A,Elec. Components,Electronic Components,203.09,5,EUR,Electronic Components
PO-100309-7,Bosch Rexroth,PCB assembl yM12,Electronic Components,Electronic Components,118.37,5,EUR,Electronic Components
PO-101442-6,SKF Group,Industrial lubricant HD 20L drum,MRO - Maintenance Supplies,MRO - Maintenance Supplies,175.99,20,EUR,MRO - Maintenance Supplies
PO-100776-5,Mahle GmbH,Corrugated shipping crate 230V,Packaging & Logistics,Packaging & Logistics,48.15,50,EUR,Packaging & Logistics
PO-103583-5,ZF Friedrichshafen,Bearing assembly 24V,MRO - Maintenance Supplies,MRO - Maintenance Supplies,89.69,10,EUR,MRO - Maintenance Supplies
PO-102440-3,Freudenberg Sealing,industrail lubricant m12 20l drum,MRO - Maintenance Supplies,MRO - Maintenance Supplies,70.36,10,EUR,MRO - Maintenance Supplies
PO-103143-6,Wabco Holdings,Corrugated shipping crate HD,Packaging & Logistics,Packaging & Logistics,27.25,100,EUR,Packaging & Logistics
PO-100530-4,Faiveley Transport,laptop m12 business grade,it/office,IT & Office Equipment,811.41,2,EUR,IT & Office Equipment
PO-101043-6,Haldex AB,Hydraulic hose fitting 230V,MRO - Maintenance Supplies,MRO - Maintenance Supplies,52.48,2,EUR,MRO - Maintenance Supplies
PO-104187-7,ZF Friedrichshafen,Rubber compound X5CrNi sheet,Raw Materials - Rubber,Raw Materials - Rubber,13.24,200,EUR,Raw Materials - Rubber
PO-100396-3,Freudenberg Sealing,Connector assembly 230V ,Electronic Components,Electronic Components,64.33,20,EUR,Electronic Components
PO-101645-6,Wabco Holdings,Office chair ergonomic 24V,IT & Office Equipment,IT & Office Equipment,221.01,1,EUR,IT & Office Equipment
PO-100944-5,Haldex AB,Steel coil hot-rolled S235,Steel,Raw Materials - Steel,392.92,10,EUR,Raw Materials - Steel
PO-103210-3,Voith Turbo,Connector assembly compact sealed,Electronic Components,Electronic Components,30.85,5,EUR,Electronic Components
PO-100364-6,Schaeffler Technologies,Corrugated shipping crate compact,Packaging & Logistics,Packaging & Logistics,52.73,1,EUR,Packaging & Logistics
PO-100850-2,Faiveley Transport,Wooden pallet ERU standard,Packaging & Logistics,Packaging & Logistics,14.69,10,EUR,Packaging & Logistics
PO-103388-6,Continental AG,Seal kit connectorh ousing 230V,MRO,MRO - Maintenance Supplies,44.93,100,EUR,MRO - Maintenance Supplies
PO-103384-2,Mahle GmbH,order ref pending - Steel coil hot-rolled 42CrMo4,,Raw Materials - Steel,227.35,100,EUR,Raw Materials - Steel
PO-103098-3,SKF Group,FORGED STEEL BILLET NBR-70,Steel,Raw Materials - Steel,770.83,10,EUR,Raw Materials - Steel
PO-100605-2,Freudenberg Sealing,INDUSTRIAL LUBRICANT V2 20L DRUM,maintenance,MRO - Maintenance Supplies,141.01,10,EUR,MRO - Maintenance Supplies
PO-102724-7,Wabco Holdings,Protecitve foam sheet Type-A,Packaging & Logistics,Packaging & Logistics,13.05,10,EUR,Packaging & Logistics
PO-103153-2,Freudenberg Sealing,Connector assembly Rev.B sealed,electronics,Electronic Components,40.9,50,EUR,Electronic Components
PO-103001-4,Elringklinger AG,FORGED STEEL BILLET NBR-70,Raw Materials - Steel,Raw Materials - Steel,826.5,5,EUR,Raw Materials - Steel
PO-104142-4,ZF Friedrichshafen,Steel coil hot-rolled S235,RAW MAT-STEEL,Raw Materials - Steel,248.53,2,EUR,Raw Materials - Steel
PO-101877-7,Hella GmbH,Steel sheet 60Sh-A 8.0m,Raw Materials - Steel,Raw Materials - Steel,225.27,100,EUR,Raw Materials - Steel
PO-100451-2,Elringklinger AG,STRETCH WRAP FILM V2 ROLL,Packaging & Logistics,Packaging & Logistics,28.96,1,EUR,Packaging & Logistics
PO-103657-2,Continental AG,Pressure sensor unit std,ELEC COMP,Electronic Components,187.9,100,EUR,Electronic Components
PO-101116-2,Mahle GmbH,order ref pending - Steel coil hot-rolled S235,raw materials/steel,Raw Materials - Steel,252.66,200,EUR,Raw Materials - Steel
PO-102311-7,Bosch Rexroth,Wiring harness connector M12,electronics,Electronic Components,45.41,2,EUR,Electronic Components
PO-100929-4,Continental AG,Bearing assembly v3,MRO,MRO - Maintenance Supplies,136.58,200,EUR,MRO - Maintenance Supplies
PO-102859-2,Hella GmbH,Steel sheet S235 4.0mm,Steel,Raw Materials - Steel,358.83,5,EUR,Raw Materials - Steel
PO-102886-1,Voith Turbo,Steel sheet NBR-70 1.5mm,Steel,Raw Materials - Steel,385.59,200,EUR,Raw Materials - Steel
PO-102150-7,Schaeffler Technologies,Wooden pallet EUR standrad,packaging/logistics,Packaging & Logistics,16.22,50,EUR,Packaging & Logistics
PO-100818-5,Haldex AB,PCB ASSEMBLY V2,ELEC COMP,Electronic Components,31.19,1,EUR,Electronic Components
PO-100565-4,Haldex AB,INDUSTRIAL LUBRICANT HD 20L DRUM,MRO/Maint,MRO - Maintenance Supplies,141.17,5,EUR,MRO - Maintenance Supplies
PO-100089-4,Bosch Rexroth,Sela kit connector housing M12,MRO - Maintenance Supplies,MRO - Maintenance Supplies,27.95,50,EUR,MRO - Maintenance Supplies
PO-101541-7,Voith Turbo,Vulcanized rubbre block S235,Raw Materials - Rubber,Raw Materials - Rubber,34.91,200,EUR,Raw Materials - Rubber
PO-100665-6,Voith Turbo,PCB assembly HD,ELEC COMP,Electronic Components,177.91,10,EUR,Electronic Components
PO-102341-2,Bosch Rexroth,Laptop HD business grade,IT & Office Equipment,IT & Office Equipment,1178.53,1,EUR,IT & Office Equipment
PO-103774-7,Bosch Rexroth,PO item: office chair ergonomic 230v,IT & Office Equipment,IT & Office Equipment,263.44,5,EUR,IT & Office Equipment
PO-103051-5,ZF Friedrichshafen,monitor 27in v2,IT & Office Equipment,IT & Office Equipment,250.78,20,EUR,IT & Office Equipment
PO-102529-1,ZF Friedrichshafen,Sealing gaskte sheet DC01,RAW MAT-RUBBER,Raw Materials - Rubber,22.88,200,EUR,Raw Materials - Rubber
PO-103916-2,Bosch Rexroth,pcb assembly type-a,Electronic Components,Electronic Components,169.13,1,EUR,Electronic Components
PO-103978-1,Haldex AB,pressure sensor unit 24v,Elec. Components,Electronic Components,246.68,5,EUR,Electronic Components
PO-101957-3,Trelleborg Sealing,Office chair ergonomic compact,IT & Office Equipment,IT & Office Equipment,353.05,100,EUR,IT & Office Equipment
PO-102648-1,Mahle GmbH,Corrugated shipping crate v3,,Packaging & Logistics,35.7,20,EUR,Packaging & Logistics
PO-100169-7,Haldex AB,Connector assembly 24V sealed,,Electronic Components,87.41,100,EUR,Electronic Components
PO-101463-6,Bilstein GmbH,Monitor 27in v3,it/office,IT & Office Equipment,141.84,5,EUR,IT & Office Equipment
PO-100927-2,Schaeffler Technologies,PO item: Monitor 27in v3,IT & Office Equipment,IT & Office Equipment,258.5,5,EUR,IT & Office Equipment
PO-102451-7,Elringklinger AG,Forged steel billet S355,Steel,Raw Materials - Steel,763.95,50,EUR,Raw Materials - Steel
PO-100533-7,Mahle GmbH,Connector assembly v2 sealed,Electronic Components,Electronic Components,72.06,200,EUR,Electronic Components
PO-101206-1,Wabco Holdings,STEEL COIL HOT-ROLLED 70SH-A,RAW MAT-STEEL,Raw Materials - Steel,386.15,5,EUR,Raw Materials - Steel
PO-102095-1,Faiveley Transport,Vulcanized rubber block X5CrNi,rubber,Raw Materials - Rubber,44.63,20,EUR,Raw Materials - Rubber
PO-101333-2,Bosch Rexroth,Protective foam sheet Type-A,Pack & Log,Packaging & Logistics,13.5,100,EUR,Packaging & Logistics
PO-101623-5,Freudenberg Sealing,EPDM RUBBER SEAL STOCK 42CRMO4,Raw Materials - Rubber,Raw Materials - Rubber,31.0,5,EUR,Raw Materials - Rubber
PO-103496-2,Mahle GmbH,Wooden palletE UR standard,Pack & Log,Packaging & Logistics,16.31,1,EUR,Packaging & Logistics
PO-101669-2,Freudenberg Sealing,Steel sheet DC01 8.0mm,Raw Materials - Steel,Raw Materials - Steel,398.98,1,EUR,Raw Materials - Steel
PO-103767-7,Faiveley Transport,EPDM rubber seal stock 42CrMo4,Raw Materials - Rubber,Raw Materials - Rubber,52.16,5,EUR,Raw Materials - Rubber
PO-101035-5,Hella GmbH,Sealing gasket sheet X5CrNi,Raw Materials - Rubber,Raw Materials - Rubber,25.24,100,EUR,Raw Materials - Rubber
PO-103416-6,Bosch Rexroth,Protective foam sheet 24V,packaging/logistics,Packaging & Logistics,19.25,2,EUR,Packaging & Logistics
PO-100704-3,Freudenberg Sealing,Stretch wrap film Rev.B roll,PACKAGING,Packaging & Logistics,24.38,10,EUR,Packaging & Logistics
PO-103795-7,SKF Group,steel sheet nbr-70 1.5mm,RAW MAT-STEEL,Raw Materials - Steel,321.06,2,EUR,Raw Materials - Steel
PO-100356-5,Bosch Rexroth,EPDM rubber seal stock X5CrNi,Raw Materials - Rubber,Raw Materials - Rubber,51.6,5,EUR,Raw Materials - Rubber
PO-101421-6,ZF Friedrichshafen,Wooden pallet EUR standard,Packaging & Logistics,Packaging & Logistics,14.45,200,EUR,Packaging & Logistics
PO-103086-5,Continental AG,Monitor 2i7n compact,IT & Office Equipment,IT & Office Equipment,310.97,50,EUR,IT & Office Equipment
PO-102356-3,Hella GmbH,wiring harness connector std,Electronic Components,Electronic Components,73.03,20,EUR,Electronic Components
PO-100003-2,SKF Group,sealing gasket sheet 70sh-a,rubber,Raw Materials - Rubber,35.42,20,EUR,Raw Materials - Rubber
PO-100860-5,Bilstein GmbH,Pressure sensor unit HD,ELEC COMP,Electronic Components,241.91,2,EUR,Electronic Components
PO-102520-6,Trelleborg Sealing,Sealing gasket sheet 70Sh-A,Raw Materials - Rubber,Raw Materials - Rubber,26.89,1,EUR,Raw Materials - Rubber
PO-101725-2,Hella GmbH,monitor 27in rev.b,IT & Office Equipment,IT & Office Equipment,172.45,1,EUR,IT & Office Equipment
PO-100469-6,Freudenberg Sealing,CORRUGATED SHIPPING CRATE V3,Packaging & Logistics,Packaging & Logistics,17.06,5,EUR,Packaging & Logistics
PO-103087-6,Voith Turbo,Steel coil hot-rolled NBR-70,Raw Materials - Steel,Raw Materials - Steel,412.48,10,EUR,Raw Materials - Steel
PO-101847-5,Faiveley Transport,Pressure sensor unit Type-A,,Electronic Components,161.58,50,EUR,Electronic Components
PO-100851-3,Continental AG,Steel sheet X5CrNi 6.0mm,RAW MAT-STEEL,Raw Materials - Steel,272.91,100,EUR,Raw Materials - Steel
PO-102825-3,Voith Turbo,Steel sheet 42CrMo4 2.0mm,RAW MAT-STEEL,Raw Materials - Steel,377.69,100,EUR,Raw Materials - Steel
PO-102134-5,Hella GmbH,Laptop 230V business grade,,IT & Office Equipment,804.55,2,EUR,IT & Office Equipment
PO-103219-5,Bilstein GmbH,hydraulic hose fitting 230v,MRO - Maintenance Supplies,MRO - Maintenance Supplies,34.93,5,EUR,MRO - Maintenance Supplies
PO-102977-1,ZF Friedrichshafen,Steel coil hot-rolled 60Sh-A,Raw Materials - Steel,Raw Materials - Steel,440.65,10,EUR,Raw Materials - Steel
PO-102044-6,Continental AG,Steel coil hot-rolled 42CrMo4,RAW MAT-STEEL,Raw Materials - Steel,440.53,5,EUR,Raw Materials - Steel
PO-101513-7,Wabco Holdings,Hydraulic hose fitting HD,,MRO - Maintenance Supplies,35.43,5,EUR,MRO - Maintenance Supplies
PO-103356-2,Freudenberg Sealing,misc / PCB assembly compact,Electronic Components,Electronic Components,101.77,20,EUR,Electronic Components
PO-100100-1,Bilstein GmbH,Laptop v2 business grade,IT & Office Equipment,IT & Office Equipment,1162.11,20,EUR,IT & Office Equipment
PO-101048-4,Schaeffler Technologies,Forged steel billet 6S0h-A,RAW MAT-STEEL,Raw Materials - Steel,817.07,50,EUR,Raw Materials - Steel
PO-103079-5,SKF Group,Wooden pallet EUR standard,packaging/logistics,Packaging & Logistics,16.66,20,EUR,Packaging & Logistics
PO-100088-3,Trelleborg Sealing,Forged steel billet X5CrNi,,Raw Materials - Steel,880.21,1,EUR,Raw Materials - Steel
PO-103910-3,Bosch Rexroth,EPDM rubber sela stock 42CrMo4,rubber,Raw Materials - Rubber,38.57,200,EUR,Raw Materials - Rubber
PO-100459-3,Trelleborg Sealing,Pressure sensor unit v,Electronic Components,Electronic Components,68.49,2,EUR,Electronic Components
PO-102355-2,Bilstein GmbH,Connector assembl,ELEC COMP,Electronic Components,43.92,100,EUR,Electronic Components
PO-103655-7,Voith Turbo,Bearing assembly v2,MRO - Maintenance Supplies,MRO - Maintenance Supplies,80.02,10,EUR,MRO - Maintenance Supplies
PO-102885-7,Trelleborg Sealing,Hydraulic hose fitting Type-A,MRO - Maintenance Supplies,MRO - Maintenance Supplies,35.65,2,EUR,MRO - Maintenance Supplies
PO-102540-5,Freudenberg Sealing,Monitor 27in2 4V,IT & Office Equipment,IT & Office Equipment,285.19,100,EUR,IT & Office Equipment
PO-100969-2,ZF Friedrichshafen,INDUSTRIAL LUBRICANT TYPE-A 20L DRUM,,MRO - Maintenance Supplies,92.58,2,EUR,MRO - Maintenance Supplies
PO-103303-5,Bosch Rexroth,PO item: steel sheet 70sh-a 4.0mm,Raw Materials - Steel,Raw Materials - Steel,258.29,20,EUR,Raw Materials - Steel
PO-101942-2,Haldex AB,Steel coil hot-rolled S355,Raw Materials - Steel,Raw Materials - Steel,450.23,2,EUR,Raw Materials - Steel
PO-101948-1,Elringklinger AG,Vulcanized rubber block 42CrMo4,Raw Materials - Rubber,Raw Materials - Rubber,31.27,100,EUR,Raw Materials - Rubber
PO-100269-2,Voith Turbo,Laptop v2 business grad,IT EQUIP,IT & Office Equipment,1192.16,20,EUR,IT & Office Equipment
PO-100210-6,Hella GmbH,Stretch wrap film c,Packaging & Logistics,Packaging & Logistics,20.49,200,EUR,Packaging & Logistics
PO-100135-1,ZF Friedrichshafen,PO item: Corrugated shipping crate 230V,PACKAGING,Packaging & Logistics,17.05,20,EUR,Packaging & Logistics
PO-101142-7,Wabco Holdings,Steel coil hot-rolled NBR-70,Raw Materials - Steel,Raw Materials - Steel,444.93,10,EUR,Raw Materials - Steel
PO-101436-7,Mahle GmbH,Corrugated shipping crate Rev.B,Packaging & Logistics,Packaging & Logistics,28.41,5,EUR,Packaging & Logistics
PO-100829-2,Faiveley Transport,Protective foam sheet 24V,,Packaging & Logistics,17.76,1,EUR,Packaging & Logistics
PO-100019-4,Bilstein GmbH,Sealing gasket sheet S355,Raw Materials - Rubber,Raw Materials - Rubber,39.86,200,EUR,Raw Materials - Rubber
PO-101927-1,Elringklinger AG,Monitor 27in compact,IT & Office,IT & Office Equipment,230.88,5,EUR,IT & Office Equipment
PO-101834-6,Elringklinger AG,Bearing assembly v2,MRO/Maint,MRO - Maintenance Supplies,215.29,10,EUR,MRO - Maintenance Supplies
PO-103673-4,Haldex AB,steel coil hot-rolled 42crmo4,Raw Materials - Steel,Raw Materials - Steel,256.02,2,EUR,Raw Materials - Steel
PO-102843-7,Trelleborg Sealing,monitor 27in m12,IT & Office,IT & Office Equipment,183.37,20,EUR,IT & Office Equipment
PO-103340-7,Bosch Rexroth,Corrugated shipping crate Type-A,Packaging & Logistics,Packaging & Logistics,51.16,100,EUR,Packaging & Logistics
PO-103941-6,SKF Group,Hydraulic hose fittingM 12,MRO - Maintenance Supplies,MRO - Maintenance Supplies,32.63,100,EUR,MRO - Maintenance Supplies
PO-100493-2,Schaeffler Technologies,Vulcanized rubber block 60Sh-A,Raw Materials - Rubber,Raw Materials - Rubber,62.89,200,EUR,Raw Materials - Rubber
PO-104074-6,SKF Group,EPDM rubber seal stock DC01,Raw Mat. Rubber,Raw Materials - Rubber,57.24,10,EUR,Raw Materials - Rubber
PO-100373-1,Voith Turbo,misc / Industrial lubricant Rev.B 20L drum,MRO - Maintenance Supplies,MRO - Maintenance Supplies,106.18,200,EUR,MRO - Maintenance Supplies
PO-100610-7,Hella GmbH,Office chair ergonomic Type-A,IT & Office Equipment,IT & Office Equipment,120.53,200,EUR,IT & Office Equipment
PO-101306-3,Schaeffler Technologies,corrugated shipping crate hd,Packaging & Logistics,Packaging & Logistics,19.78,100,EUR,Packaging & Logistics
PO-102172-1,SKF Group,PO item: Bearing assembly M12,MRO,MRO - Maintenance Supplies,111.75,20,EUR,MRO - Maintenance Supplies
PO-103876-4,Faiveley Transport,Rubber compound S355 sheet,rubber,Raw Materials - Rubber,44.02,50,EUR,Raw Materials - Rubber
PO-100996-1,Continental AG,PCB assembyl std,electronics,Electronic Components,209.68,20,EUR,Electronic Components
PO-100824-4,Mahle GmbH,order ref pending - VULCANIZED RUBBER BLOCK DC01,Raw Materials - Rubber,Raw Materials - Rubber,51.69,1,EUR,Raw Materials - Rubber
PO-100800-1,Freudenberg Sealing,Office chair ergonomic M12,IT & Office Equipment,IT & Office Equipment,175.17,10,EUR,IT & Office Equipment
PO-104177-4,Continental AG,PCB assembly 230V,Electronic Components,Electronic Components,175.35,10,EUR,Electronic Components
PO-102710-7,Bilstein GmbH,PO item: Vulcanized rubber block NBR-70,RAW MAT-RUBBER,Raw Materials - Rubber,44.19,5,EUR,Raw Materials - Rubber
PO-102768-2,Trelleborg Sealing,Steel sheet 60Sh-A 4.0mm,,Raw Materials - Steel,240.33,100,EUR,Raw Materials - Steel
PO-101193-2,Hella GmbH,Industrial lubricant HD 20L drum,MRO/Maint,MRO - Maintenance Supplies,110.07,200,EUR,MRO - Maintenance Supplies
PO-102024-7,SKF Group,Office chair ergonomic v3,IT & Office Equipment,IT & Office Equipment,354.34,200,EUR,IT & Office Equipment
PO-102344-5,Voith Turbo,Seal kit connector housing compact,maintenance,MRO - Maintenance Supplies,13.15,50,EUR,MRO - Maintenance Supplies
PO-103010-6,Bilstein GmbH,Bearing assembly v2,MRO - Maintenance Supplies,MRO - Maintenance Supplies,100.95,100,EUR,MRO - Maintenance Supplies
PO-101130-2,ZF Friedrichshafen,Steel coil hot-rolled NBR-70,Raw Materials - Steel,Raw Materials - Steel,392.31,2,EUR,Raw Materials - Steel
PO-100505-7,Trelleborg Sealing,monitor 27in v3,it/office,IT & Office Equipment,184.06,2,EUR,IT & Office Equipment
PO-101613-2,ZF Friedrichshafen,Pressure sensor unit 24V,Electronic Components,Electronic Components,45.31,1,EUR,Electronic Components
PO-100863-1,Continental AG,Wooden pallet EUR standard,Packaging & Logistics,Packaging & Logistics,14.16,200,EUR,Packaging & Logistics
PO-102606-1,SKF Group,PC Bassembly M12,Electronic Components,Electronic Components,53.58,50,EUR,Electronic Components
PO-100297-2,Faiveley Transport,Wiring harness connector v3,Electronic Components,Electronic Components,14.09,10,EUR,Electronic Components
PO-104045-5,Trelleborg Sealing,Forged steel billet NBR-70,Raw Materials - Steel,Raw Materials - Steel,685.33,2,EUR,Raw Materials - Steel
PO-100349-5,Schaeffler Technologies,PCB assembly Type-A,Electronic Components,Electronic Components,10.06,20,EUR,Electronic Components
PO-103540-4,SKF Group,Monitor 27in comp,it/office,IT & Office Equipment,309.08,100,EUR,IT & Office Equipment
PO-103935-7,Haldex AB,Laptop 24V business grade,IT & Office,IT & Office Equipment,1052.18,1,EUR,IT & Office Equipment
PO-101341-3,SKF Group,Pressure sensor unit ,,Electronic Components,271.46,50,EUR,Electronic Components
PO-103194-1,Freudenberg Sealing,PO item: Steel sheet 70Sh-A 6.0mm,Raw Materials - Steel,Raw Materials - Steel,195.32,50,EUR,Raw Materials - Steel
PO-100622-5,Elringklinger AG,Laptop std business grade,IT & Office Equipment,IT & Office Equipment,1177.78,1,EUR,IT & Office Equipment
PO-102682-7,Freudenberg Sealing,Steel coil hot-roll,Raw Materials - Steel,Raw Materials - Steel,396.51,50,EUR,Raw Materials - Steel
PO-101681-7,Bilstein GmbH,EPDM RUBBER SEAL STOCK 42CRMO4,rubber,Raw Materials - Rubber,35.85,2,EUR,Raw Materials - Rubber
PO-102567-4,Schaeffler Technologies,Stretch wrap film v3 roll,PACKAGING,Packaging & Logistics,30.66,20,EUR,Packaging & Logistics
PO-103458-6,Hella GmbH,PO item: Forged steel billet X5CrNi,Raw Materials - Steel,Raw Materials - Steel,719.92,100,EUR,Raw Materials - Steel
PO-100542-2,ZF Friedrichshafen,Laptop 24V business grade,IT & Office,IT & Office Equipment,1077.93,10,EUR,IT & Office Equipment
PO-100137-3,Bilstein GmbH,Laptop M12 business grade,,IT & Office Equipment,905.45,50,EUR,IT & Office Equipment
PO-103745-6,Bilstein GmbH,office chair ergonomic compact,IT & Office Equipment,IT & Office Equipment,173.83,200,EUR,IT & Office Equipment
PO-102834-5,SKF Group,Corrugated shipping cr,Packaging & Logistics,Packaging & Logistics,52.76,10,EUR,Packaging & Logistics
PO-103957-1,Bilstein GmbH,steel coil hot-rolled dc01,Steel,Raw Materials - Steel,241.13,50,EUR,Raw Materials - Steel
PO-101317-7,Voith Turbo,Steel sheet S355 3.0mm,raw materials/steel,Raw Materials - Steel,211.47,2,EUR,Raw Materials - Steel
PO-102348-2,Freudenberg Sealing,Wiring harness connector ,electronics,Electronic Components,44.5,1,EUR,Electronic Components
PO-103129-6,Bosch Rexroth,Wiring harness connector 24V,Elec. Components,Electronic Components,42.18,10,EUR,Electronic Components
PO-102422-6,SKF Group,Seal kit connector housin,MRO,MRO - Maintenance Supplies,57.75,100,EUR,MRO - Maintenance Supplies
PO-100180-4,ZF Friedrichshafen,Laptop compact business grade,IT EQUIP,IT & Office Equipment,1049.89,100,EUR,IT & Office Equipment
PO-100723-1,Faiveley Transport,Office chair ergonomic Rev.B,it/office,IT & Office Equipment,247.16,200,EUR,IT & Office Equipment
PO-101164-1,Wabco Holdings,Seal kit connector housing 24V,MRO - Maintenance Supplies,MRO - Maintenance Supplies,42.36,100,EUR,MRO - Maintenance Supplies
PO-100903-6,Bilstein GmbH,Sealing gasket sheet NBR-70,Raw Mat. Rubber,Raw Materials - Rubber,39.78,2,EUR,Raw Materials - Rubber
PO-100618-1,Voith Turbo,Seal kit connectorh ousing v2,,MRO - Maintenance Supplies,68.73,100,EUR,MRO - Maintenance Supplies
PO-104130-6,Voith Turbo,Connector assembly 230V sealed,Electronic Components,Electronic Components,56.01,5,EUR,Electronic Components
PO-101963-2,ZF Friedrichshafen,Bearing assembly M12,MRO/Maint,MRO - Maintenance Supplies,234.12,50,EUR,MRO - Maintenance Supplies
PO-100611-1,Elringklinger AG,Steel coil hot-rolled DC01,Raw Materials - Steel,Raw Materials - Steel,445.48,2,EUR,Raw Materials - Steel
PO-101477-6,Faiveley Transport,Connector assembly v2 sealed,Electronic Components,Electronic Components,87.54,20,EUR,Electronic Components
PO-101603-6,Hella GmbH,steel coilh ot-rolled dc01,Raw Materials - Steel,Raw Materials - Steel,318.43,10,EUR,Raw Materials - Steel
PO-100377-5,Haldex AB,Industrial lubricant v2 20L drum,maintenance,MRO - Maintenance Supplies,87.92,50,EUR,MRO - Maintenance Supplies
PO-103205-5,Haldex AB,order ref pending - Steel coil hot-rolled 70Sh-,Raw Materials - Steel,Raw Materials - Steel,458.08,5,EUR,Raw Materials - Steel
PO-101736-6,Wabco Holdings,Corrugated shipping crate std,Packaging & Logistics,Packaging & Logistics,27.0,20,EUR,Packaging & Logistics
PO-102436-6,Elringklinger AG,Wiring harness connector Rev.B,Electronic Components,Electronic Components,71.81,20,EUR,Electronic Components
PO-103204-4,Faiveley Transport,pcb assembl yv2,Electronic Components,Electronic Components,126.09,200,EUR,Electronic Components
PO-102892-7,Bilstein GmbH,Protective faom sheet Rev.B,Packaging & Logistics,Packaging & Logistics,20.72,20,EUR,Packaging & Logistics
PO-103880-1,Elringklinger AG,order ref pending - EPDM rubber seal stock DC01,RAW MAT-RUBBER,Raw Materials - Rubber,28.55,10,EUR,Raw Materials - Rubber
PO-102268-6,Bilstein GmbH,Industrial lubricant Type-A 20L drum,MRO/Maint,MRO - Maintenance Supplies,102.28,50,EUR,MRO - Maintenance Supplies
PO-103459-7,Elringklinger AG,Wooden pallet EUR st,Pack & Log,Packaging & Logistics,22.0,1,EUR,Packaging & Logistics
PO-103268-5,Wabco Holdings,Corrugated shipping crate HD,packaging/logistics,Packaging & Logistics,32.32,200,EUR,Packaging & Logistics
PO-100126-6,Elringklinger AG,office chair ergonomic 24v,IT & Office Equipment,IT & Office Equipment,233.92,5,EUR,IT & Office Equipment
PO-100040-4,Faiveley Transport,Hydraulic hose fitting v3,MRO/Maint,MRO - Maintenance Supplies,27.53,1,EUR,MRO - Maintenance Supplies
PO-101389-2,Freudenberg Sealing,seal kit connector housing rev.b,MRO/Maint,MRO - Maintenance Supplies,47.28,10,EUR,MRO - Maintenance Supplies
PO-100960-7,Haldex AB,EPDM rubber seal stock NBR-70,rubber,Raw Materials - Rubber,54.21,2,EUR,Raw Materials - Rubber
PO-100797-5,Faiveley Transport,Sealing gasket sheet 60Sh-A,Raw Materials - Rubber,Raw Materials - Rubber,22.88,50,EUR,Raw Materials - Rubber
PO-100540-7,SKF Group,Vulcanized rubberb lock NBR-70,RAW MAT-RUBBER,Raw Materials - Rubber,49.56,200,EUR,Raw Materials - Rubber
PO-100260-7,Mahle GmbH,Hydraulic hose fitting Type-A,MRO - Maintenance Supplies,MRO - Maintenance Supplies,38.23,20,EUR,MRO - Maintenance Supplies
PO-100638-7,Wabco Holdings,WIRING HARNESS CONNECTOR V2,electronics,Electronic Components,76.62,2,EUR,Electronic Components
PO-102334-2,Elringklinger AG,Stele coil hot-rolled S355,Raw Materials - Steel,Raw Materials - Steel,271.66,5,EUR,Raw Materials - Steel
PO-101030-7,Bilstein GmbH,Hydraulic hose fitting Rev.B,maintenance,MRO - Maintenance Supplies,21.77,50,EUR,MRO - Maintenance Supplies
PO-101493-1,Mahle GmbH,Corrugated shipping crate v2,Packaging & Logistics,Packaging & Logistics,24.99,50,EUR,Packaging & Logistics
PO-104112-2,Trelleborg Sealing,Pressure sensro unit v3,Electronic Components,Electronic Components,294.9,2,EUR,Electronic Components
PO-103327-1,SKF Group,Wooden pallet EUR,Packaging & Logistics,Packaging & Logistics,15.05,1,EUR,Packaging & Logistics
PO-102775-2,Voith Turbo,Steel coil hot-rolled 42CrMo4,Raw Materials - Steel,Raw Materials - Steel,461.17,1,EUR,Raw Materials - Steel
PO-102934-7,Trelleborg Sealing,PROTECTIVE FOAM SHEET TYPE-A,Packaging & Logistics,Packaging & Logistics,9.97,10,EUR,Packaging & Logistics
PO-103081-7,Freudenberg Sealing,connector assembly m1 2sealed,Electronic Components,Electronic Components,39.74,50,EUR,Electronic Components
PO-103512-4,Faiveley Transport,Monitor 27in compact,it/office,IT & Office Equipment,209.64,20,EUR,IT & Office Equipment
PO-100949-3,Faiveley Transport,Rubber compound 70Sh-A sheet,Raw Materials - Rubber,Raw Materials - Rubber,32.95,50,EUR,Raw Materials - Rubber
PO-100901-4,Bosch Rexroth,Pressure sensor unit v3,Electronic Components,Electronic Components,145.88,200,EUR,Electronic Components
PO-103478-5,Voith Turbo,Corrugated shipping crate Type-A,PACKAGING,Packaging & Logistics,56.66,200,EUR,Packaging & Logistics
PO-102919-6,Voith Turbo,Bearing assembly std,MRO - Maintenance Supplies,MRO - Maintenance Supplies,52.0,20,EUR,MRO - Maintenance Supplies
PO-102837-1,Hella GmbH,Laptop Rev.B business rgade,IT & Office,IT & Office Equipment,894.49,100,EUR,IT & Office Equipment
PO-102536-1,Freudenberg Sealing,Industrial lubricant 24V 20L rdum,MRO,MRO - Maintenance Supplies,126.9,50,EUR,MRO - Maintenance Supplies
PO-102572-2,Wabco Holdings,SEAL KIT CONNECTOR HOUSING 230V,,MRO - Maintenance Supplies,17.18,20,EUR,MRO - Maintenance Supplies
PO-103442-4,Trelleborg Sealing,MONITOR 27IN COMPACT,IT & Office Equipment,IT & Office Equipment,304.67,1,EUR,IT & Office Equipment
PO-100234-2,Elringklinger AG,Wiring harness connector HD,Electronic Components,Electronic Components,54.7,5,EUR,Electronic Components
PO-103127-4,Haldex AB,Hydraulic hsoe fitting HD,MRO,MRO - Maintenance Supplies,29.89,10,EUR,MRO - Maintenance Supplies
PO-102916-3,Trelleborg Sealing,Steel coil hot-rolled DC01,Raw Materials - Steel,Raw Materials - Steel,408.66,2,EUR,Raw Materials - Steel
PO-104068-7,Schaeffler Technologies,EPDM rubber seal stock DC01,RAW MAT-RUBBER,Raw Materials - Rubber,29.5,2,EUR,Raw Materials - Rubber
PO-100670-4,Hella GmbH,Bearing assembly 24V,MRO/Maint,MRO - Maintenance Supplies,81.72,1,EUR,MRO - Maintenance Supplies
PO-103554-4,Wabco Holdings,Laptop copmact business grade,IT & Office Equipment,IT & Office Equipment,1029.36,1,EUR,IT & Office Equipment
PO-100512-7,ZF Friedrichshafen,PCB assmebly Type-A,Electronic Components,Electronic Components,98.06,2,EUR,Electronic Components
PO-102207-1,Elringklinger AG,Connector assembly,Electronic Components,Electronic Components,13.87,10,EUR,Electronic Components
PO-101914-2,Wabco Holdings,Sealing gasket sheet 60Sh-A,Raw Materials - Rubber,Raw Materials - Rubber,11.37,20,EUR,Raw Materials - Rubber
PO-102632-6,Wabco Holdings,Office chair ergonomic 24V,IT EQUIP,IT & Office Equipment,220.92,200,EUR,IT & Office Equipment
PO-101922-3,ZF Friedrichshafen,STRETCH WRAP FILM COMPACT ROLL,Packaging & Logistics,Packaging & Logistics,12.86,200,EUR,Packaging & Logistics
PO-103796-1,Trelleborg Sealing,Stretch wra pfilm M12 roll,Packaging & Logistics,Packaging & Logistics,15.74,2,EUR,Packaging & Logistics
PO-101371-5,Trelleborg Sealing,Pressure sensor unit co,ELEC COMP,Electronic Components,144.49,20,EUR,Electronic Components
PO-102164-7,Faiveley Transport,PCB assembly HD,Electronic Components,Electronic Components,217.19,200,EUR,Electronic Components
PO-101806-6,Schaeffler Technologies,tSretch wrap film HD roll,PACKAGING,Packaging & Logistics,25.69,50,EUR,Packaging & Logistics
PO-101539-5,Bilstein GmbH,STEEL SHEET S235 1.5,RAW MAT-STEEL,Raw Materials - Steel,312.67,1,EUR,Raw Materials - Steel
PO-101287-5,Continental AG,steel coil hot-rolled 42crmo4,Raw Materials - Steel,Raw Materials - Steel,239.44,100,EUR,Raw Materials - Steel
PO-103057-4,Mahle GmbH,Seal kit connector housing Rev,MRO - Maintenance Supplies,MRO - Maintenance Supplies,23.03,5,EUR,MRO - Maintenance Supplies
PO-103174-2,Haldex AB,Hydraulic hose fitting HD,,MRO - Maintenance Supplies,40.18,5,EUR,MRO - Maintenance Supplies
PO-102155-5,Bilstein GmbH,Steel sheet X5CriN 2.0mm,Raw Materials - Steel,Raw Materials - Steel,251.53,100,EUR,Raw Materials - Steel
PO-100166-4,Voith Turbo,order ref pending - Steel sheet S355 6.0mm,Raw Materials - Steel,Raw Materials - Steel,309.54,1,EUR,Raw Materials - Steel
PO-100121-1,Haldex AB,wiring harness connector m12,Electronic Components,Electronic Components,8.14,10,EUR,Electronic Components
PO-102249-1,Bosch Rexroth,oCnnector assembly compact sealed,Electronic Components,Electronic Components,87.74,10,EUR,Electronic Components
PO-103599-7,ZF Friedrichshafen,EPDM rubber seal stock 42CrMo4,Raw Materials - Rubber,Raw Materials - Rubber,45.83,1,EUR,Raw Materials - Rubber
PO-102679-4,Hella GmbH,Corrugated shipping crate Rev.B,PACKAGING,Packaging & Logistics,56.97,10,EUR,Packaging & Logistics
PO-101414-6,Hella GmbH,WIRING HARNESS CONNECTOR M12,Electronic Components,Electronic Components,61.82,100,EUR,Electronic Components
PO-103668-6,Trelleborg Sealing,order ref pending - PRSESURE SENSOR UNIT,Electronic Components,Electronic Components,301.14,2,EUR,Electronic Components
PO-103383-1,Continental AG,EPDM rubber seal ,Raw Materials - Rubber,Raw Materials - Rubber,51.28,5,EUR,Raw Materials - Rubber
PO-103695-5,ZF Friedrichshafen,Steel sheet S,raw materials/steel,Raw Materials - Steel,180.73,5,EUR,Raw Materials - Steel
PO-100961-1,Elringklinger AG,PCB assemblyM 12,electronics,Electronic Components,16.46,100,EUR,Electronic Components
PO-100015-7,Schaeffler Technologies,Laptop 3v business grade,IT & Office Equipment,IT & Office Equipment,755.85,200,EUR,IT & Office Equipment
PO-103487-7,Schaeffler Technologies,Industrial lubricant v2 20L drum,MRO - Maintenance Supplies,MRO - Maintenance Supplies,99.57,5,EUR,MRO - Maintenance Supplies
PO-103616-3,Mahle GmbH,bearing assembly ,MRO - Maintenance Supplies,MRO - Maintenance Supplies,232.43,50,EUR,MRO - Maintenance Supplies
PO-101891-7,Continental AG,PO item: Hydraulic hose fitting v3,MRO - Maintenance Supplies,MRO - Maintenance Supplies,18.31,1,EUR,MRO - Maintenance Supplies
PO-101060-2,Voith Turbo,Steel coil hot-r,RAW MAT-STEEL,Raw Materials - Steel,413.41,1,EUR,Raw Materials - Steel
PO-100841-7,Elringklinger AG,EPDM rubber seal stock S235,Raw Materials - Rubber,Raw Materials - Rubber,56.53,10,EUR,Raw Materials - Rubber
PO-101561-6,Trelleborg Sealing,Corrugated shipping crate Type-A,Packaging & Logistics,Packaging & Logistics,20.13,100,EUR,Packaging & Logistics
PO-102901-2,Faiveley Transport,Vulcanized rubber block,Raw Materials - Rubber,Raw Materials - Rubber,41.81,50,EUR,Raw Materials - Rubber
PO-104179-6,Schaeffler Technologies,Hydraulic hose fitting 230V,MRO - Maintenance Supplies,MRO - Maintenance Supplies,46.97,10,EUR,MRO - Maintenance Supplies
PO-102203-4,Continental AG,steel coil hot-rolled ,Raw Materials - Steel,Raw Materials - Steel,329.46,5,EUR,Raw Materials - Steel
PO-102964-2,Freudenberg Sealing,order ref pending - Stretch wrap fil,PACKAGING,Packaging & Logistics,18.91,1,EUR,Packaging & Logistics
PO-103230-2,Elringklinger AG,Bearing assembly std,maintenance,MRO - Maintenance Supplies,242.62,1,EUR,MRO - Maintenance Supplies
PO-104035-2,Bilstein GmbH,Corrugated shipping crate ,packaging/logistics,Packaging & Logistics,56.03,5,EUR,Packaging & Logistics
PO-100525-6,Trelleborg Sealing,sealing gasket sheet 60sh-a,Raw Materials - Rubber,Raw Materials - Rubber,26.61,200,EUR,Raw Materials - Rubber
PO-100681-1,Trelleborg Sealing,Protective foam sheet HD,,Packaging & Logistics,16.57,1,EUR,Packaging & Logistics
PO-102842-6,Bilstein GmbH,EPDM rubber seal stock DC01,Raw Mat. Rubber,Raw Materials - Rubber,52.77,100,EUR,Raw Materials - Rubber
PO-100891-1,Schaeffler Technologies,Seal kit connector housing v2,MRO,MRO - Maintenance Supplies,56.76,20,EUR,MRO - Maintenance Supplies
PO-100747-4,ZF Friedrichshafen,order ref pending - Laptop Rev.B business grade,IT & Office,IT & Office Equipment,938.39,2,EUR,IT & Office Equipment
PO-103351-4,Bilstein GmbH,Protective foam sheet HD,packaging/logistics,Packaging & Logistics,12.56,20,EUR,Packaging & Logistics
PO-102958-3,Bilstein GmbH,PCB assembly std,Electronic Components,Electronic Components,148.15,50,EUR,Electronic Components
PO-102074-1,ZF Friedrichshafen,Office chair ergonomic compact,IT & Office Equipment,IT & Office Equipment,143.06,10,EUR,IT & Office Equipment
PO-102550-1,Mahle GmbH,Connector assembly Type-A sealed,Electronic Components,Electronic Components,36.87,5,EUR,Electronic Components
PO-102386-5,Wabco Holdings,Froged steel billet DC01,,Raw Materials - Steel,474.35,100,EUR,Raw Materials - Steel
PO-101597-7,Elringklinger AG,Wiring harness connector std,ELEC COMP,Electronic Components,84.83,200,EUR,Electronic Components
PO-102392-4,Elringklinger AG,Forged steel billet 42CrMo4,Raw Materials - Steel,Raw Materials - Steel,723.96,50,EUR,Raw Materials - Steel
PO-102784-4,Freudenberg Sealing,Steel coil hot-rolled NBR-70,raw materials/steel,Raw Materials - Steel,239.08,1,EUR,Raw Materials - Steel
PO-102750-5,Bosch Rexroth,Industrial lubricant HD 20L drum,maintenance,MRO - Maintenance Supplies,108.18,5,EUR,MRO - Maintenance Supplies
PO-101560-5,Faiveley Transport,corrugated shipping crate v2,Packaging & Logistics,Packaging & Logistics,57.01,10,EUR,Packaging & Logistics
PO-100593-4,Haldex AB,Connector assembly std sealed,electronics,Electronic Components,71.12,100,EUR,Electronic Components
PO-103015-4,Haldex AB,WOODEN PALLET EUR STANDARD,Packaging & Logistics,Packaging & Logistics,13.4,20,EUR,Packaging & Logistics
PO-100441-6,Continental AG,Monitor 27in v3,IT & Office Equipment,IT & Office Equipment,276.27,5,EUR,IT & Office Equipment
PO-100673-7,Bilstein GmbH,PCB assembly compact,Electronic Components,Electronic Components,151.4,5,EUR,Electronic Components
PO-102851-1,Faiveley Transport,pcb assembly v3,electronics,Electronic Components,110.59,1,EUR,Electronic Components
PO-101107-7,Wabco Holdings,Monitor 27in std,IT & Office,IT & Office Equipment,200.21,50,EUR,IT & Office Equipment
PO-100053-3,Haldex AB,laptop v3 business grade,,IT & Office Equipment,871.2,20,EUR,IT & Office Equipment
PO-102028-4,Elringklinger AG,Protective foam sheet 24V,PACKAGING,Packaging & Logistics,20.59,10,EUR,Packaging & Logistics
PO-101240-7,ZF Friedrichshafen,Steel sheet S355 1.5mm,,Raw Materials - Steel,345.11,200,EUR,Raw Materials - Steel
PO-101460-3,Bosch Rexroth,Pressure sensor unit 24V,Elec. Components,Electronic Components,174.84,200,EUR,Electronic Components
PO-100037-1,Hella GmbH,PO item: Laptop compact business grade,IT & Office Equipment,IT & Office Equipment,1328.67,200,EUR,IT & Office Equipment
PO-100201-4,Wabco Holdings,Protective foam sheet HD,PACKAGING,Packaging & Logistics,26.45,2,EUR,Packaging & Logistics
PO-101734-4,Voith Turbo,misc / Seal kit connector housing 24V,MRO - Maintenance Supplies,MRO - Maintenance Supplies,57.82,20,EUR,MRO - Maintenance Supplies
PO-101422-7,Elringklinger AG,STEEL COIL HOT-ROLLED DC01,Raw Materials - Steel,Raw Materials - Steel,433.74,5,EUR,Raw Materials - Steel
PO-103949-7,Faiveley Transport,Protective foam sheet compcat,Packaging & Logistics,Packaging & Logistics,9.76,10,EUR,Packaging & Logistics
PO-103513-5,ZF Friedrichshafen,Protective foam sheet 230V,Packaging & Logistics,Packaging & Logistics,27.75,20,EUR,Packaging & Logistics
PO-100215-4,Continental AG,Steel ciol hot-rolled S235,,Raw Materials - Steel,394.77,2,EUR,Raw Materials - Steel
PO-101179-2,Haldex AB,Hydraulic hose fitting M12,MRO,MRO - Maintenance Supplies,51.75,100,EUR,MRO - Maintenance Supplies
PO-102607-2,Faiveley Transport,Perssure sensor unit v3,electronics,Electronic Components,291.65,5,EUR,Electronic Components
PO-101580-4,Elringklinger AG,PO item: Office chair ergonomic 24V,IT & Office Equipment,IT & Office Equipment,322.31,2,EUR,IT & Office Equipment
PO-100917-6,Continental AG,OFFICE CHAIR ERGONOMIC V2,,IT & Office Equipment,344.43,200,EUR,IT & Office Equipment
PO-103004-7,SKF Group,Vulcanized rubber block S253,Raw Materials - Rubber,Raw Materials - Rubber,27.06,5,EUR,Raw Materials - Rubber
PO-100124-4,ZF Friedrichshafen,stretch wrap film compact roll,Packaging & Logistics,Packaging & Logistics,13.84,20,EUR,Packaging & Logistics
PO-100237-5,Bosch Rexroth,Rubber compound 60Sh-A sheet,rubber,Raw Materials - Rubber,16.01,1,EUR,Raw Materials - Rubber
PO-103988-4,Continental AG,Office chair ergonomic compact,IT & Office Equipment,IT & Office Equipment,336.9,5,EUR,IT & Office Equipment
PO-100043-7,Haldex AB,Wooden pallet EUR standard,Packaging & Logistics,Packaging & Logistics,12.58,100,EUR,Packaging & Logistics
PO-100570-2,Haldex AB,Steel sheet DC01 4.0mm,RAW MAT-STEEL,Raw Materials - Steel,252.67,50,EUR,Raw Materials - Steel
PO-103297-6,Wabco Holdings,Hydraulic hose fitting 230V,MRO/Maint,MRO - Maintenance Supplies,45.33,1,EUR,MRO - Maintenance Supplies
PO-102530-2,Bosch Rexroth,Rubber compound S235 shee,Raw Mat. Rubber,Raw Materials - Rubber,40.49,10,EUR,Raw Materials - Rubber
PO-102856-6,Mahle GmbH,Corrugated shipping ,Packaging & Logistics,Packaging & Logistics,54.13,10,EUR,Packaging & Logistics
PO-103709-5,Faiveley Transport,INDUSTRIAL LUBRICANT STD 20L DRUM,MRO - Maintenance Supplies,MRO - Maintenance Supplies,155.24,10,EUR,MRO - Maintenance Supplies
PO-101177-7,Bosch Rexroth,PCB assembly 24V,Electronic Components,Electronic Components,204.32,50,EUR,Electronic Components
PO-101155-6,Freudenberg Sealing,Bearing assembly std,MRO - Maintenance Supplies,MRO - Maintenance Supplies,93.7,2,EUR,MRO - Maintenance Supplies
PO-103126-3,SKF Group,Wooden pallet EUR standard,Packaging & Logistics,Packaging & Logistics,10.07,5,EUR,Packaging & Logistics
PO-102426-3,Continental AG,BEARING ASSEMBLY ,MRO,MRO - Maintenance Supplies,89.59,10,EUR,MRO - Maintenance Supplies
PO-102045-7,Bosch Rexroth,Laptop Type-A business grade,IT & Office Equipment,IT & Office Equipment,1135.1,2,EUR,IT & Office Equipment
PO-100916-5,Continental AG,Pressure sensor unit 230V,ELEC COMP,Electronic Components,201.86,1,EUR,Electronic Components
PO-103753-7,Voith Turbo,Laptop v2 business grade,IT & Office Equipment,IT & Office Equipment,1174.18,200,EUR,IT & Office Equipment
PO-101874-4,Hella GmbH,Office chair ergonomic 230V,IT & Office Equipment,IT & Office Equipment,163.05,2,EUR,IT & Office Equipment
PO-103432-1,Mahle GmbH,Steel sheet S235 6.0mm,Raw Materials - Steel,Raw Materials - Steel,332.94,5,EUR,Raw Materials - Steel
PO-100036-7,Faiveley Transport,Steel sheet NBR-70 1.5mm,Raw Materials - Steel,Raw Materials - Steel,298.65,10,EUR,Raw Materials - Steel
PO-100590-1,Continental AG,Wiring harness connector v3,electronics,Electronic Components,43.52,10,EUR,Electronic Components
PO-102702-6,Bosch Rexroth,PO item: Connector assembly Type-A sealed,Electronic Components,Electronic Components,84.45,20,EUR,Electronic Components
PO-102053-1,Wabco Holdings,Steel sheet 70Sh-A 4.0mm,Raw Materials - Steel,Raw Materials - Steel,182.04,10,EUR,Raw Materials - Steel
PO-100345-1,Faiveley Transport,Laptop Tpye-A busi,IT & Office Equipment,IT & Office Equipment,974.36,10,EUR,IT & Office Equipment
PO-102214-1,Mahle GmbH,PCB ASSEMBLY STD,electronics,Electronic Components,216.44,10,EUR,Electronic Components
PO-104125-1,Voith Turbo,Sealing gasket sheet S355,Raw Materials - Rubber,Raw Materials - Rubber,25.62,10,EUR,Raw Materials - Rubber
PO-100815-2,Faiveley Transport,Stretch wrap film ,Packaging & Logistics,Packaging & Logistics,14.33,20,EUR,Packaging & Logistics
PO-103262-6,SKF Group,STEEL COIL HOT-ROLLED NBR-70,Raw Materials - Steel,Raw Materials - Steel,319.59,200,EUR,Raw Materials - Steel
PO-100391-5,Freudenberg Sealing,Office chair ergonomic Rev.B,it/office,IT & Office Equipment,286.99,1,EUR,IT & Office Equipment
PO-100386-7,Elringklinger AG,Protective foam sheet 230V,Packaging & Logistics,Packaging & Logistics,12.43,100,EUR,Packaging & Logistics
PO-102122-7,Faiveley Transport,Industrial lubricant 24V 20L drum,MRO - Maintenance Supplies,MRO - Maintenance Supplies,140.55,100,EUR,MRO - Maintenance Supplies
PO-101437-1,SKF Group,Wiring harness connector M12,,Electronic Components,34.96,50,EUR,Electronic Components
PO-103276-6,SKF Group,INDUSTRIAL LUBRICANT 230V 20L DRUM,MRO,MRO - Maintenance Supplies,85.08,2,EUR,MRO - Maintenance Supplies
PO-102786-6,Voith Turbo,Steel sheet 70Sh-A 8.0mm,Raw Materials - Steel,Raw Materials - Steel,214.05,20,EUR,Raw Materials - Steel
PO-100192-2,Wabco Holdings,Corrugated shipping crate 24V,packaging/logistics,Packaging & Logistics,52.41,2,EUR,Packaging & Logistics
PO-102814-6,Continental AG,Vulcanized rubber block X5CrNi,Raw Materials - Rubber,Raw Materials - Rubber,35.58,200,EUR,Raw Materials - Rubber
PO-103863-5,Bosch Rexroth,Idnustrial lubricant v2 20L dr,maintenance,MRO - Maintenance Supplies,66.32,5,EUR,MRO - Maintenance Supplies
PO-101487-2,Voith Turbo,Laptop M12 business grade,IT & Office Equipment,IT & Office Equipment,805.98,1,EUR,IT & Office Equipment
PO-101820-6,SKF Group,Steel coil hot-rolled DC01,Raw Materials - Steel,Raw Materials - Steel,435.97,50,EUR,Raw Materials - Steel
PO-101202-4,Trelleborg Sealing,EPDM rubber seal stock 70Sh-A,Raw Mat. Rubber,Raw Materials - Rubber,32.76,50,EUR,Raw Materials - Rubber
PO-100853-5,Mahle GmbH,PO item: Wooden pallet EUR standard,Packaging & Logistics,Packaging & Logistics,18.08,1,EUR,Packaging & Logistics
PO-103109-7,Schaeffler Technologies,misc / MONITOR 27IN 24V,IT & Office Equipment,IT & Office Equipment,300.14,100,EUR,IT & Office Equipment
PO-102681-6,Bilstein GmbH,Rubber compound DC01 sheet,Raw Materials - Rubber,Raw Materials - Rubber,14.52,50,EUR,Raw Materials - Rubber
PO-100143-2,SKF Group,steel sheet dc014 .0mm,RAW MAT-STEEL,Raw Materials - Steel,219.0,20,EUR,Raw Materials - Steel
PO-101246-6,Bosch Rexroth,Seal kit connector housing v2,maintenance,MRO - Maintenance Supplies,15.74,20,EUR,MRO - Maintenance Supplies
PO-103754-1,Elringklinger AG,Steel sheet 60Sh-A 1.5mm,Raw Materials - Steel,Raw Materials - Steel,186.95,10,EUR,Raw Materials - Steel
PO-101075-3,Haldex AB,Protective foam sheet HD,Packaging & Logistics,Packaging & Logistics,15.05,5,EUR,Packaging & Logistics
PO-101821-7,Voith Turbo,INDUSTRIAL LUBRICANT HD 20L DRUM,maintenance,MRO - Maintenance Supplies,74.92,1,EUR,MRO - Maintenance Supplies
PO-100559-5,Continental AG,Pressure sensor unit 24V,Electronic Components,Electronic Components,179.65,5,EUR,Electronic Components
PO-101264-3,Freudenberg Sealing,Sealin ggasket sheet S355,Raw Materials - Rubber,Raw Materials - Rubber,12.65,1,EUR,Raw Materials - Rubber
PO-103323-4,Schaeffler Technologies,Laptop HD business grade,,IT & Office Equipment,673.15,10,EUR,IT & Office Equipment
PO-100059-2,Faiveley Transport,Connector assembly Type-A sealed,ELEC COMP,Electronic Components,16.22,10,EUR,Electronic Components
PO-103460-1,Voith Turbo,Pressure sensor unit ocmpact,Electronic Components,Electronic Components,189.55,20,EUR,Electronic Components
PO-101218-6,Trelleborg Sealing,bearing assembly type-a,MRO/Maint,MRO - Maintenance Supplies,93.41,200,EUR,MRO - Maintenance Supplies
PO-101763-5,Hella GmbH,Vulcanized rubber block 60Sh-A,Raw Materials - Rubber,Raw Materials - Rubber,25.26,5,EUR,Raw Materials - Rubber
PO-103739-7,Elringklinger AG,Monitor 27i,IT & Office Equipment,IT & Office Equipment,294.05,2,EUR,IT & Office Equipment
PO-101462-5,Haldex AB,Vulcanized rubber block DC01,rubber,Raw Materials - Rubber,69.43,10,EUR,Raw Materials - Rubber
PO-101676-2,Schaeffler Technologies,Steel sheet DC01 6.0m,RAW MAT-STEEL,Raw Materials - Steel,187.55,5,EUR,Raw Materials - Steel
PO-103594-2,Bilstein GmbH,Mnoitor 2,IT & Office Equipment,IT & Office Equipment,170.61,5,EUR,IT & Office Equipment
PO-100553-6,Trelleborg Sealing,PCB assemb,Electronic Components,Electronic Components,213.05,1,EUR,Electronic Components
PO-100438-3,Haldex AB,Laptop 24V business grade,IT & Office Equipment,IT & Office Equipment,957.05,50,EUR,IT & Office Equipment
PO-104110-7,Continental AG,PCB asesmbly std,electronics,Electronic Components,22.13,100,EUR,Electronic Components
PO-100084-6,Mahle GmbH,steel coil hot-rolled 70sh-a,RAW MAT-STEEL,Raw Materials - Steel,430.77,2,EUR,Raw Materials - Steel
PO-102248-7,Mahle GmbH,pcb assembl yhd,Elec. Components,Electronic Components,46.64,20,EUR,Electronic Components
PO-101501-2,ZF Friedrichshafen,misc / Office chair ergonomic 24V,IT & Office Equipment,IT & Office Equipment,177.14,100,EUR,IT & Office Equipment
PO-100821-1,Bilstein GmbH,Hydraulic hose fitting H,MRO,MRO - Maintenance Supplies,14.02,100,EUR,MRO - Maintenance Supplies
PO-102548-6,Hella GmbH,SEALING GASKET SHEET NBR-70,Raw Materials - Rubber,Raw Materials - Rubber,13.44,5,EUR,Raw Materials - Rubber
PO-103565-1,ZF Friedrichshafen,Laptop compact business grade,it/office,IT & Office Equipment,756.83,2,EUR,IT & Office Equipment
PO-101912-7,Faiveley Transport,laptop 24v business grade,it/office,IT & Office Equipment,735.95,50,EUR,IT & Office Equipment
PO-102662-1,Hella GmbH,WOODEN PALLET EUR STANDARD,Packaging & Logistics,Packaging & Logistics,13.26,200,EUR,Packaging & Logistics
PO-102033-2,Haldex AB,PCB assembly 24V,electronics,Electronic Components,134.48,10,EUR,Electronic Components
PO-100922-4,Freudenberg Sealing,Hydraulic hosef itting std,MRO - Maintenance Supplies,MRO - Maintenance Supplies,51.86,2,EUR,MRO - Maintenance Supplies
PO-100134-7,Freudenberg Sealing,Vulcanized rubber block 42CrMo4,RAW MAT-RUBBER,Raw Materials - Rubber,49.01,5,EUR,Raw Materials - Rubber
PO-103778-4,Trelleborg Sealing,Bearing assembly Rev.B,MRO - Maintenance Supplies,MRO - Maintenance Supplies,46.11,50,EUR,MRO - Maintenance Supplies
PO-103220-6,Mahle GmbH,order ref pending - Stele coil hot-rolled S355,raw materials/steel,Raw Materials - Steel,352.17,20,EUR,Raw Materials - Steel
PO-103221-7,Voith Turbo,Corrugated shipping crate Type-A,Packaging & Logistics,Packaging & Logistics,39.47,2,EUR,Packaging & Logistics
PO-101964-3,SKF Group,CORRUGATED SHIPPING CRATE V3,Packaging & Logistics,Packaging & Logistics,22.37,100,EUR,Packaging & Logistics
PO-101694-6,Trelleborg Sealing,PO item: Protective foam sheet HD,Packaging & Logistics,Packaging & Logistics,21.47,50,EUR,Packaging & Logistics
PO-100998-3,Bosch Rexroth,office chair ergonomic 230v,IT & Office Equipment,IT & Office Equipment,312.91,5,EUR,IT & Office Equipment
PO-101187-3,Wabco Holdings,Office chair ergonomic compact,IT & Office,IT & Office Equipment,363.73,10,EUR,IT & Office Equipment
PO-102363-3,Freudenberg Sealing,WOODEN PALLET EUR STANDARD,PACKAGING,Packaging & Logistics,12.62,1,EUR,Packaging & Logistics
PO-100247-1,Bosch Rexroth,stretch wrap film hd roll,packaging/logistics,Packaging & Logistics,34.44,100,EUR,Packaging & Logistics
PO-103307-2,Continental AG,Bearing assembly M12,maintenance,MRO - Maintenance Supplies,179.8,50,EUR,MRO - Maintenance Supplies
PO-102474-2,Faiveley Transport,Pressure sensor unit Type-A,ELEC COMP,Electronic Components,216.07,2,EUR,Electronic Components
PO-101281-6,Trelleborg Sealing,MONITOR 27IN 230V,IT & Office,IT & Office Equipment,190.36,1,EUR,IT & Office Equipment
PO-101245-5,Trelleborg Sealing,PCB ASSEMBLY STD,Electronic Components,Electronic Components,107.59,100,EUR,Electronic Components
PO-101053-2,Haldex AB,industrail lubricant rev.b 20l drum,MRO - Maintenance Supplies,MRO - Maintenance Supplies,67.98,50,EUR,MRO - Maintenance Supplies
PO-101365-6,Mahle GmbH,Forged steel billet S355,,Raw Materials - Steel,801.19,2,EUR,Raw Materials - Steel
PO-102968-6,Trelleborg Sealing,laptop 24v business grade,it/office,IT & Office Equipment,813.62,200,EUR,IT & Office Equipment
PO-100644-6,Faiveley Transport,Steel sheet DC01 6.0mm,Raw Materials - Steel,Raw Materials - Steel,229.01,100,EUR,Raw Materials - Steel
PO-101504-5,Haldex AB,PCB assembly 230V,Electronic Components,Electronic Components,83.84,5,EUR,Electronic Components
PO-101165-2,Faiveley Transport,Hydraulic hose fitting Type-A,MRO - Maintenance Supplies,MRO - Maintenance Supplies,27.22,20,EUR,MRO - Maintenance Supplies
PO-103497-3,Haldex AB,misc / Monitor 27in 230V,IT & Office Equipment,IT & Office Equipment,282.98,20,EUR,IT & Office Equipment
PO-104136-5,Wabco Holdings,hydraulic hose fitting std,MRO - Maintenance Supplies,MRO - Maintenance Supplies,24.48,100,EUR,MRO - Maintenance Supplies
PO-102406-4,Voith Turbo,Wooden pallet EUR standard,Packaging & Logistics,Packaging & Logistics,13.91,50,EUR,Packaging & Logistics
PO-102021-4,Bosch Rexroth,Forged steel billet 4C2rMo4,Raw Materials - Steel,Raw Materials - Steel,439.13,10,EUR,Raw Materials - Steel
PO-103224-3,Bosch Rexroth,Wooden pallet EUR standard,Packaging & Logistics,Packaging & Logistics,100.16,20,EUR,Packaging & Logistics
PO-103791-3,Haldex AB,Forged steel billet S235,Raw Materials - Steel,Raw Materials - Steel,605.01,100,EUR,Raw Materials - Steel
PO-102850-7,Mahle GmbH,Steel coil hot-ro,RAW MAT-STEEL,Raw Materials - Steel,310.59,10,EUR,Raw Materials - Steel
PO-100372-7,Mahle GmbH,Vulcanized rubber block 60Sh-A,Raw Materials - Rubber,Raw Materials - Rubber,58.78,5,EUR,Raw Materials - Rubber
PO-101930-4,Continental AG,PCB assembly v,Electronic Components,Electronic Components,150.53,2,EUR,Electronic Components
PO-103152-1,Voith Turbo,Bearing assembly std,MRO,MRO - Maintenance Supplies,245.05,200,EUR,MRO - Maintenance Supplies
PO-102666-5,Continental AG,Monitor 27in v3,IT & Office Equipment,IT & Office Equipment,318.17,10,EUR,IT & Office Equipment
PO-100840-6,Faiveley Transport,Hydraulic hose fitting Rev.B,MRO/Maint,MRO - Maintenance Supplies,13.04,1,EUR,MRO - Maintenance Supplies
PO-101764-6,Hella GmbH,PO item: Office chair ergonomic std,IT & Office Equipment,IT & Office Equipment,160.61,10,EUR,IT & Office Equipment
PO-103534-5,Wabco Holdings,Stretch wrap film HD roll,Packaging & Logistics,Packaging & Logistics,26.22,50,EUR,Packaging & Logistics
PO-101726-3,Freudenberg Sealing,EPDM rubber seal stock X5CrNi,Raw Materials - Rubber,Raw Materials - Rubber,47.49,100,EUR,Raw Materials - Rubber
PO-103693-3,SKF Group,Industrial lubricant 230V 20L drum,,MRO - Maintenance Supplies,165.9,200,EUR,MRO - Maintenance Supplies
PO-101120-6,Trelleborg Sealing,corrugated shipping crate hd,Pack & Log,Packaging & Logistics,52.44,5,EUR,Packaging & Logistics
PO-103852-1,SKF Group,Steel coil hot-rolled 70Sh-A,Raw Materials - Steel,Raw Materials - Steel,244.93,5,EUR,Raw Materials - Steel
PO-104086-4,Continental AG,Bearing assembly M12,MRO - Maintenance Supplies,MRO - Maintenance Supplies,191.21,50,EUR,MRO - Maintenance Supplies
PO-103037-5,Continental AG,wooden pallet eur standard,Packaging & Logistics,Packaging & Logistics,10.01,50,EUR,Packaging & Logistics
PO-101909-4,Mahle GmbH,vulcanized rubber block nbr-70,rubber,Raw Materials - Rubber,53.48,100,EUR,Raw Materials - Rubber
PO-101621-3,Mahle GmbH,HYDRAULIC HOSE FITTING STD,MRO,MRO - Maintenance Supplies,49.15,2,EUR,MRO - Maintenance Supplies
PO-103862-4,Continental AG,order ref pending - Laptop compact business grade,IT & Office Equipment,IT & Office Equipment,1040.13,10,EUR,IT & Office Equipment
PO-102471-6,Trelleborg Sealing,Laptop Rev.B business grade,IT & Office Equipment,IT & Office Equipment,1414.44,1,EUR,IT & Office Equipment
PO-101918-6,Trelleborg Sealing,Pressure sensor unit Type-A,Electronic Components,Electronic Components,61.45,2,EUR,Electronic Components
PO-102257-2,Bosch Rexroth,Rubber compound NBR-70 sheet,Raw Materials - Rubber,Raw Materials - Rubber,44.53,100,EUR,Raw Materials - Rubber
PO-103858-7,ZF Friedrichshafen,Wiring harness connector M12,Electronic Components,Electronic Components,31.54,2,EUR,Electronic Components
PO-102732-1,Bilstein GmbH,Wiring harness connector 230V,Elec. Components,Electronic Components,16.92,50,EUR,Electronic Components
PO-100571-3,Voith Turbo,Mnoitor 27in std,IT & Office Equipment,IT & Office Equipment,294.62,10,EUR,IT & Office Equipment
PO-103398-2,Mahle GmbH,Wooden pallet EUR standard,Pack & Log,Packaging & Logistics,20.91,2,EUR,Packaging & Logistics
PO-103947-5,ZF Friedrichshafen,Connector assmebly M12 sealed,ELEC COMP,Electronic Components,49.88,200,EUR,Electronic Components
PO-103685-2,Freudenberg Sealing,Hydraulic hose fitting v2,MRO - Maintenance Supplies,MRO - Maintenance Supplies,39.17,50,EUR,MRO - Maintenance Supplies
PO-100867-5,Mahle GmbH,PCB assem,ELEC COMP,Electronic Components,152.38,2,EUR,Electronic Components
PO-100799-7,SKF Group,Steel sheet 70Sh-A 2.m0m,RAW MAT-STEEL,Raw Materials - Steel,209.35,50,EUR,Raw Materials - Steel
PO-101340-2,Elringklinger AG,Corrugated hsipping crate compact,Packaging & Logistics,Packaging & Logistics,28.57,2,EUR,Packaging & Logistics
PO-102907-1,Bilstein GmbH,Steel sheet 42CrMo4 4.0mm,raw materials/steel,Raw Materials - Steel,310.41,2,EUR,Raw Materials - Steel
PO-100477-7,Continental AG,Steel sheet 70Sh-A 2.0mm,Steel,Raw Materials - Steel,205.06,1,EUR,Raw Materials - Steel
PO-100421-7,Freudenberg Sealing,HYDRAULIC HOSE FITTING 230,MRO - Maintenance Supplies,MRO - Maintenance Supplies,52.03,20,EUR,MRO - Maintenance Supplies
PO-102465-7,Hella GmbH,misc / Office chair ergonomic 230V,IT & Office Equipment,IT & Office Equipment,355.79,1,EUR,IT & Office Equipment
PO-100241-2,Voith Turbo,Seal kti connector housing v2,,MRO - Maintenance Supplies,48.58,1,EUR,MRO - Maintenance Supplies
PO-100688-1,Faiveley Transport,Office chair ergonomi,it/office,IT & Office Equipment,290.02,100,EUR,IT & Office Equipment
PO-101815-1,Freudenberg Sealing,MONITOR 27I,IT EQUIP,IT & Office Equipment,173.41,1,EUR,IT & Office Equipment
PO-103597-5,Trelleborg Sealing,Corrugated shipping crate 230V,PACKAGING,Packaging & Logistics,51.9,200,EUR,Packaging & Logistics
PO-102796-2,Schaeffler Technologies,STEEL SHEET NBR-70 2.0MM,Raw Materials - Steel,Raw Materials - Steel,242.06,50,EUR,Raw Materials - Steel
PO-102039-1,Wabco Holdings,Office chair ergonomic HD,it/office,IT & Office Equipment,349.57,5,EUR,IT & Office Equipment
PO-102429-6,Faiveley Transport,INDUSTRIAL LUBRICANT M12 20L DRUM,MRO,MRO - Maintenance Supplies,103.9,100,EUR,MRO - Maintenance Supplies
PO-101486-1,Mahle GmbH,monitor 27in v2,it/office,IT & Office Equipment,261.81,100,EUR,IT & Office Equipment
PO-100303-1,Trelleborg Sealing,Monitor 27in v3,IT & Office,IT & Office Equipment,274.62,20,EUR,IT & Office Equipment
PO-103888-2,Freudenberg Sealing,order ref pending - Connector assembly v2 ,Elec. Components,Electronic Components,70.94,100,EUR,Electronic Components
PO-102935-1,Wabco Holdings,PEDM rubber seal stoc,Raw Materials - Rubber,Raw Materials - Rubber,35.03,1,EUR,Raw Materials - Rubber
PO-101453-3,Haldex AB,order ref pending - Monitor 27in 24V,IT EQUIP,IT & Office Equipment,179.59,5,EUR,IT & Office Equipment
PO-103920-6,Schaeffler Technologies,Protective foam sheet v2,Packaging & Logistics,Packaging & Logistics,26.87,20,EUR,Packaging & Logistics
PO-104101-5,Hella GmbH,Monitor 27in Type-A,IT & Office Equipment,IT & Office Equipment,203.4,1,EUR,IT & Office Equipment
PO-101254-7,Freudenberg Sealing,pressure sensor unit type-a,Electronic Components,Electronic Components,121.65,2,EUR,Electronic Components
PO-100693-6,Bilstein GmbH,Office chair ergonomic HD,IT & Office,IT & Office Equipment,311.29,5,EUR,IT & Office Equipment
PO-101643-4,Trelleborg Sealing,Forged steel billet S355,Raw Materials - Steel,Raw Materials - Steel,433.75,10,EUR,Raw Materials - Steel
PO-101025-2,Hella GmbH,Connector assembly compact sealed,,Electronic Components,38.17,5,EUR,Electronic Components
PO-103509-1,SKF Group,Forged steel billet S235,raw materials/steel,Raw Materials - Steel,792.5,10,EUR,Raw Materials - Steel
PO-101069-4,SKF Group,WOODEN PALLET E,,Packaging & Logistics,10.84,5,EUR,Packaging & Logistics
PO-102222-2,Elringklinger AG,Forged steel billet DC01,Raw Materials - Steel,Raw Materials - Steel,428.7,10,EUR,Raw Materials - Steel
PO-104082-7,Mahle GmbH,Wooden pallet EUR standard,Packaging & Logistics,Packaging & Logistics,15.43,2,EUR,Packaging & Logistics
PO-100238-6,Hella GmbH,EPDM RUBBER SEAL STOCK X5CRNI,,Raw Materials - Rubber,52.14,1,EUR,Raw Materials - Rubber
PO-101678-4,Faiveley Transport,Bearing assembyl std,MRO - Maintenance Supplies,MRO - Maintenance Supplies,176.34,2,EUR,MRO - Maintenance Supplies
PO-100623-6,Voith Turbo,Seal kit connector housing HD,MRO,MRO - Maintenance Supplies,18.26,1,EUR,MRO - Maintenance Supplies
PO-100703-2,Trelleborg Sealing,pcb assembly v3,Electronic Components,Electronic Components,8.02,20,EUR,Electronic Components
PO-103228-7,Haldex AB,VULCANIZED RUBEBR BLOCK S355,Raw Materials - Rubber,Raw Materials - Rubber,50.75,10,EUR,Raw Materials - Rubber
PO-103854-3,Trelleborg Sealing,Steel coil hot-rolled NBR-70,Raw Materials - Steel,Raw Materials - Steel,361.16,5,EUR,Raw Materials - Steel
PO-104162-3,Wabco Holdings,Steel sheet 60Sh-A 4.0mm,Raw Materials - Steel,Raw Materials - Steel,257.96,5,EUR,Raw Materials - Steel
PO-102522-1,Schaeffler Technologies,Vulcanized rubber block 70Sh-A,Raw Materials - Rubber,Raw Materials - Rubber,25.52,1,EUR,Raw Materials - Rubber
PO-102691-2,Hella GmbH,PO item: INDUSTRIAL LUBRICANT STD 20L DRUM,MRO - Maintenance Supplies,MRO - Maintenance Supplies,128.48,2,EUR,MRO - Maintenance Supplies
PO-103665-3,ZF Friedrichshafen,Rubber compound NBR-70 sheet,Raw Materials - Rubber,Raw Materials - Rubber,16.46,20,EUR,Raw Materials - Rubber
PO-100454-5,Trelleborg Sealing,Seal kit connector housing M12,MRO - Maintenance Supplies,MRO - Maintenance Supplies,27.33,2,EUR,MRO - Maintenance Supplies
PO-102980-4,Continental AG,Forged steel billet 70Sh-A,raw materials/steel,Raw Materials - Steel,803.14,10,EUR,Raw Materials - Steel
PO-103215-1,Hella GmbH,Bearing assembly Rev.B,MRO - Maintenance Supplies,MRO - Maintenance Supplies,55.72,5,EUR,MRO - Maintenance Supplies
PO-103471-5,Voith Turbo,PCB assembly HD,electronics,Electronic Components,21.61,2,EUR,Electronic Components
PO-101349-4,Bosch Rexroth,PCB assembly M12,Electronic Components,Electronic Components,208.5,20,EUR,Electronic Components
PO-103786-5,Hella GmbH,Hydraulic hose fitting 230V,MRO - Maintenance Supplies,MRO - Maintenance Supplies,33.21,1,EUR,MRO - Maintenance Supplies
PO-101878-1,Hella GmbH,Stee lcoil hot-rolled 60Sh-A,raw materials/steel,Raw Materials - Steel,267.34,5,EUR,Raw Materials - Steel
PO-103232-4,Bilstein GmbH,RUBBER COMPOUND 70SH-A SHEET,Raw Materials - Rubber,Raw Materials - Rubber,44.19,50,EUR,Raw Materials - Rubber
PO-100889-6,Hella GmbH,PO item: Vulcanized rubber block NBR-70,Raw Materials - Rubber,Raw Materials - Rubber,65.36,20,EUR,Raw Materials - Rubber
PO-101323-6,SKF Group,corrugated shipping crate compact,Packaging & Logistics,Packaging & Logistics,36.6,50,EUR,Packaging & Logistics
PO-103382-7,Mahle GmbH,Wiring harness connector compact,electronics,Electronic Components,83.89,50,EUR,Electronic Components
PO-101478-7,Mahle GmbH,Seal kit connector housing HD,MRO/Maint,MRO - Maintenance Supplies,27.71,100,EUR,MRO - Maintenance Supplies
PO-102068-2,Hella GmbH,Forged steel billet DC01,RAW MAT-STEEL,Raw Materials - Steel,381.71,50,EUR,Raw Materials - Steel
PO-100657-5,Voith Turbo,Connector assembly 230V ,Electronic Components,Electronic Components,23.8,1,EUR,Electronic Components
PO-102571-1,Haldex AB,Hydraulic hose fitting Type-A,MRO - Maintenance Supplies,MRO - Maintenance Supplies,27.99,100,EUR,MRO - Maintenance Supplies
PO-101807-7,Trelleborg Sealing,Corrugated shipping crate std,Packaging & Logistics,Packaging & Logistics,31.69,2,EUR,Packaging & Logistics
PO-103329-3,SKF Group,Steel sheet S355 2.0mm,Raw Materials - Steel,Raw Materials - Steel,392.41,20,EUR,Raw Materials - Steel
PO-101543-2,Mahle GmbH,EPDM rubber seal stock S355,Raw Materials - Rubber,Raw Materials - Rubber,18.78,200,EUR,Raw Materials - Rubber
PO-100694-7,Elringklinger AG,Office chair ergonomic Rev.B,IT & Office Equipment,IT & Office Equipment,221.75,2,EUR,IT & Office Equipment
PO-100023-1,SKF Group,Wooden pallte EUR standard,packaging/logistics,Packaging & Logistics,11.99,200,EUR,Packaging & Logistics
PO-103925-4,Haldex AB,Stretch wrap iflm v3 roll,PACKAGING,Packaging & Logistics,19.83,10,EUR,Packaging & Logistics
PO-103600-1,Freudenberg Sealing,PROTECTIVE FOMA SHEET TYPE-A,,Packaging & Logistics,21.72,1,EUR,Packaging & Logistics
PO-100368-3,Hella GmbH,Bearing assembly compact,MRO - Maintenance Supplies,MRO - Maintenance Supplies,163.32,100,EUR,MRO - Maintenance Supplies
PO-102956-1,Haldex AB,Hydraulic hose fitting std,MRO - Maintenance Supplies,MRO - Maintenance Supplies,38.83,1,EUR,MRO - Maintenance Supplies
PO-103003-6,Elringklinger AG,order ref pending - Seal kit connector housing v3,,MRO - Maintenance Supplies,15.31,10,EUR,MRO - Maintenance Supplies
PO-103826-3,Wabco Holdings,Wooden pallet EUR standard,packaging/logistics,Packaging & Logistics,18.89,50,EUR,Packaging & Logistics
PO-100305-3,Bilstein GmbH,Steel coil hot-rolled4 2,Raw Materials - Steel,Raw Materials - Steel,381.19,100,EUR,Raw Materials - Steel
PO-101279-4,Mahle GmbH,industrial lubricant 3v 20l drum,MRO - Maintenance Supplies,MRO - Maintenance Supplies,176.34,1,EUR,MRO - Maintenance Supplies
PO-103531-2,Wabco Holdings,Laptop 24V business grade,IT & Office,IT & Office Equipment,1189.89,2,EUR,IT & Office Equipment
PO-104061-7,Elringklinger AG,EPDM rubber seal stock NBR-70,Raw Materials - Rubber,Raw Materials - Rubber,40.23,50,EUR,Raw Materials - Rubber
PO-103930-2,SKF Group,Monitor 72in compact,IT EQUIP,IT & Office Equipment,298.22,1,EUR,IT & Office Equipment
PO-100449-7,Schaeffler Technologies,Steel coil hot-rolled S235,RAW MAT-STEEL,Raw Materials - Steel,423.47,20,EUR,Raw Materials - Steel
PO-102625-6,Schaeffler Technologies,Protective foam sheet 230V,PACKAGING,Packaging & Logistics,19.94,50,EUR,Packaging & Logistics
PO-102241-7,Bosch Rexroth,Forged steel billet DC01,Raw Materials - Steel,Raw Materials - Steel,540.2,2,EUR,Raw Materials - Steel
PO-101771-6,Freudenberg Sealing,Industrial lubricant 230V 20L drum,MRO,MRO - Maintenance Supplies,169.04,5,EUR,MRO - Maintenance Supplies
PO-101862-6,Schaeffler Technologies,Industrial lubricant HD 20L drum,,MRO - Maintenance Supplies,153.95,10,EUR,MRO - Maintenance Supplies
PO-102291-1,ZF Friedrichshafen,PO item: hyrdaulic hose fitting v3,MRO - Maintenance Supplies,MRO - Maintenance Supplies,52.47,2,EUR,MRO - Maintenance Supplies
PO-102931-4,Bilstein GmbH,Hydraulic hose fitting std,MRO - Maintenance Supplies,MRO - Maintenance Supplies,28.6,2,EUR,MRO - Maintenance Supplies
PO-103968-5,Bosch Rexroth,steel sheet 42crmo4 3,Raw Materials - Steel,Raw Materials - Steel,267.07,100,EUR,Raw Materials - Steel
PO-101520-7,Continental AG,rubber compound s355 sheet,Raw Mat. Rubber,Raw Materials - Rubber,27.8,20,EUR,Raw Materials - Rubber
PO-100171-2,SKF Group,Industrial lubricant Type-A 20L drum,MRO - Maintenance Supplies,MRO - Maintenance Supplies,96.38,1,EUR,MRO - Maintenance Supplies
PO-103099-4,Bosch Rexroth,Monitor 27in Type-A,IT EQUIP,IT & Office Equipment,277.78,50,EUR,IT & Office Equipment
PO-102923-3,Wabco Holdings,BEARING SASEMBLY REV.B,MRO - Maintenance Supplies,MRO - Maintenance Supplies,232.06,100,EUR,MRO - Maintenance Supplies
PO-100958-5,SKF Group,EPDM rubber seal stock NBR-70,Raw Mat. Rubber,Raw Materials - Rubber,23.57,2,EUR,Raw Materials - Rubber
PO-102270-1,ZF Friedrichshafen,Steel sheet NBR-70 8.0mm,Raw Materials - Steel,Raw Materials - Steel,341.58,20,EUR,Raw Materials - Steel
PO-104029-3,Trelleborg Sealing,Forged steel billet NBR-70,Raw Materials - Steel,Raw Materials - Steel,617.85,20,EUR,Raw Materials - Steel
PO-101018-2,Elringklinger AG,MONITOR 27IN COMPACT,IT & Office Equipment,IT & Office Equipment,227.4,200,EUR,IT & Office Equipment
PO-101342-4,SKF Group,Vulcanized rubber block 60Sh-A,rubber,Raw Materials - Rubber,57.47,2,EUR,Raw Materials - Rubber
PO-101376-3,Bosch Rexroth,Steel sheet S235 8.0mm,raw materials/steel,Raw Materials - Steel,419.66,10,EUR,Raw Materials - Steel
PO-102066-7,Freudenberg Sealing,Seal kit connector housing compact,MRO/Maint,MRO - Maintenance Supplies,34.47,200,EUR,MRO - Maintenance Supplies
PO-100619-2,Hella GmbH,misc / EPDM rubber sea lstock DC0,Raw Materials - Rubber,Raw Materials - Rubber,32.04,20,EUR,Raw Materials - Rubber
PO-103226-5,Bilstein GmbH,misc / EPDM rubber seal stock S355,Raw Materials - Rubber,Raw Materials - Rubber,34.87,10,EUR,Raw Materials - Rubber
PO-104017-5,SKF Group,Steel coil hot-rloled,Raw Materials - Steel,Raw Materials - Steel,327.85,1,EUR,Raw Materials - Steel
PO-103569-5,Freudenberg Sealing,Pressure sensor unit std,electronics,Electronic Components,264.51,200,EUR,Electronic Components
PO-101998-2,Bosch Rexroth,PO item: Laptop v3 business grade,IT EQUIP,IT & Office Equipment,971.06,10,EUR,IT & Office Equipment
PO-100664-5,Elringklinger AG,Laptop 230V business grade,IT EQUIP,IT & Office Equipment,681.69,100,EUR,IT & Office Equipment
PO-103711-7,Hella GmbH,Office chair ergonomic v2,it/office,IT & Office Equipment,369.96,20,EUR,IT & Office Equipment
PO-101219-7,Schaeffler Technologies,Industrial lubricant v2 20L rdum,MRO - Maintenance Supplies,MRO - Maintenance Supplies,94.69,100,EUR,MRO - Maintenance Supplies
PO-101272-4,Continental AG,Rubber compound DC01 sheet,,Raw Materials - Rubber,25.46,1,EUR,Raw Materials - Rubber
PO-101685-4,Haldex AB,Steel sehet S235 4.0mm,Raw Materials - Steel,Raw Materials - Steel,301.61,50,EUR,Raw Materials - Steel
PO-100696-2,Trelleborg Sealing,EPDM rubber seal stock NBR-70,RAW MAT-RUBBER,Raw Materials - Rubber,18.38,2,EUR,Raw Materials - Rubber
PO-102797-3,Wabco Holdings,Industrial lubricant std 20L drum,MRO,MRO - Maintenance Supplies,97.88,10,EUR,MRO - Maintenance Supplies
PO-102247-6,Voith Turbo,Laptop HD business grade,it/office,IT & Office Equipment,692.44,2,EUR,IT & Office Equipment
PO-101162-6,SKF Group,Forged steel billet DC01,Raw Materials - Steel,Raw Materials - Steel,665.63,20,EUR,Raw Materials - Steel
PO-102651-4,Bilstein GmbH,order ref pending - Seal kit connector housing v2,MRO - Maintenance Supplies,MRO - Maintenance Supplies,30.22,1,EUR,MRO - Maintenance Supplies
PO-102938-4,Bilstein GmbH,Bearing assembly 230V,MRO - Maintenance Supplies,MRO - Maintenance Supplies,47.77,5,EUR,MRO - Maintenance Supplies
PO-102757-5,Bilstein GmbH,Steel sheet S23,Raw Materials - Steel,Raw Materials - Steel,227.55,100,EUR,Raw Materials - Steel
PO-101981-6,Mahle GmbH,Wooden pallet EUR standard,Packaging & Logistics,Packaging & Logistics,78.7,20,EUR,Packaging & Logistics
PO-102193-1,SKF Group,connector assembly std sealed,Electronic Components,Electronic Components,30.93,2,EUR,Electronic Components
PO-104092-3,Hella GmbH,Protective foam sheet ,Packaging & Logistics,Packaging & Logistics,23.52,20,EUR,Packaging & Logistics
PO-103761-1,SKF Group,Steel sheet S355 6.0mm,Raw Materials - Steel,Raw Materials - Steel,229.26,1,EUR,Raw Materials - Steel
PO-101288-6,ZF Friedrichshafen,Steel sheet 60Sh-A 3.0mm,Steel,Raw Materials - Steel,275.61,2,EUR,Raw Materials - Steel
PO-100874-5,Haldex AB,Hydraulic hos efitting std,MRO/Maint,MRO - Maintenance Supplies,38.47,10,EUR,MRO - Maintenance Supplies
PO-101353-1,SKF Group,order ref pending - SEAL KIT CONNECTOR HOUSING TYPE-A,MRO - Maintenance Supplies,MRO - Maintenance Supplies,68.26,20,EUR,MRO - Maintenance Supplies
PO-101108-1,Voith Turbo,Industrial lubricant M12 20L drum,MRO - Maintenance Supplies,MRO - Maintenance Supplies,82.18,1,EUR,MRO - Maintenance Supplies
PO-100905-1,Wabco Holdings,MONITOR 27IN REV.B,IT & Office Equipment,IT & Office Equipment,269.59,20,EUR,IT & Office Equipment
PO-101409-1,Bilstein GmbH,PO item: corrugaetd shipping,Packaging & Logistics,Packaging & Logistics,38.49,200,EUR,Packaging & Logistics
PO-101404-3,SKF Group,Hydraulic hose fitting 24,MRO - Maintenance Supplies,MRO - Maintenance Supplies,20.84,2,EUR,MRO - Maintenance Supplies
PO-102339-7,Bosch Rexroth,STRETCH WRAP FILM HD,packaging/logistics,Packaging & Logistics,25.34,100,EUR,Packaging & Logistics
PO-100278-4,Trelleborg Sealing,Protectivef oam sheet HD,Packaging & Logistics,Packaging & Logistics,10.1,200,EUR,Packaging & Logistics
PO-101431-2,Elringklinger AG,Bearing assembly 24V,MRO - Maintenance Supplies,MRO - Maintenance Supplies,182.09,200,EUR,MRO - Maintenance Supplies
PO-103417-7,Voith Turbo,Laptop 230V business grade,it/office,IT & Office Equipment,1257.57,200,EUR,IT & Office Equipment
PO-101557-2,Faiveley Transport,STRETCH WRAP FILMR EV.B ROLL,packaging/logistics,Packaging & Logistics,21.71,1,EUR,Packaging & Logistics
PO-102776-3,Schaeffler Technologies,Monitor 27in M12,IT EQUIP,IT & Office Equipment,200.86,1,EUR,IT & Office Equipment
PO-104191-4,Faiveley Transport,order ref pending - Offcie chair ergonomic v3,it/office,IT & Office Equipment,131.87,10,EUR,IT & Office Equipment
PO-101709-7,Elringklinger AG,PO item: Vulcanized rubber block X5CrNi,Raw Materials - Rubber,Raw Materials - Rubber,41.84,50,EUR,Raw Materials - Rubber
PO-103400-4,Schaeffler Technologies,Forged steel billet NBR-70,Raw Materials - Steel,Raw Materials - Steel,434.47,1,EUR,Raw Materials - Steel
PO-104183-3,Haldex AB,misc / Laptop std business grade,IT & Office,IT & Office Equipment,1122.71,10,EUR,IT & Office Equipment
PO-102431-1,Hella GmbH,Sealing gasket sheet DC01,Raw Mat. Rubber,Raw Materials - Rubber,38.71,20,EUR,Raw Materials - Rubber
PO-100873-4,Bosch Rexroth,Forged steel billet NBR-70,raw materials/steel,Raw Materials - Steel,859.14,10,EUR,Raw Materials - Steel
PO-103154-3,Faiveley Transport,Pressure sensor unit compact,Electronic Components,Electronic Components,106.92,20,EUR,Electronic Components
PO-101234-1,Mahle GmbH,sealing gasket sheet s235,Raw Mat. Rubber,Raw Materials - Rubber,14.99,50,EUR,Raw Materials - Rubber
PO-100648-3,Haldex AB,Monitor 27in Rev.B,,IT & Office Equipment,189.58,1,EUR,IT & Office Equipment
PO-100299-4,Hella GmbH,Corrugated shipping crate v2,PACKAGING,Packaging & Logistics,37.87,5,EUR,Packaging & Logistics
PO-102740-2,Elringklinger AG,Steel shete X5CrNi 3.0mm,Raw Materials - Steel,Raw Materials - Steel,187.0,10,EUR,Raw Materials - Steel
PO-103667-5,Wabco Holdings,PCB ASSEMBLY V2,,Electronic Components,202.51,5,EUR,Electronic Components
PO-103762-2,Hella GmbH,Protective foam sheet Type-A,Packaging & Logistics,Packaging & Logistics,14.2,50,EUR,Packaging & Logistics
PO-101592-2,Voith Turbo,Connectora ssembly,Electronic Components,Electronic Components,88.47,10,EUR,IT & Office Equipment
PO-102274-5,Wabco Holdings,Wiring harness connector v2,Electronic Components,Electronic Components,26.16,2,EUR,Electronic Components
PO-101835-7,Continental AG,corrugated shipping crate 230v,Packaging & Logistics,Packaging & Logistics,40.83,5,EUR,Packaging & Logistics
PO-101379-6,Hella GmbH,Office chair ergonomic v2,it/office,IT & Office Equipment,357.0,2,EUR,IT & Office Equipment
PO-101257-3,Mahle GmbH,Protective foam sheet compact,Packaging & Logistics,Packaging & Logistics,18.97,1,EUR,Packaging & Logistics
PO-101975-7,Schaeffler Technologies,Pressure sensor unit Type-A,Electronic Components,Electronic Components,80.76,100,EUR,Electronic Components
PO-101428-6,Continental AG,Sealing gasket sheet S235,Raw Materials - Rubber,Raw Materials - Rubber,33.59,1,EUR,Raw Materials - Rubber
PO-103845-1,Voith Turbo,Forged steel billet 42CroM4,Raw Materials - Steel,Raw Materials - Steel,560.4,2,EUR,Raw Materials - Steel
PO-102961-6,Haldex AB,Industrial lubricant v2 20L drum,MRO - Maintenance Supplies,MRO - Maintenance Supplies,85.16,50,EUR,MRO - Maintenance Supplies
PO-102324-6,Continental AG,Hydraulic hsoe fitting 24V,,MRO - Maintenance Supplies,42.1,20,EUR,MRO - Maintenance Supplies
PO-101001-6,Trelleborg Sealing,steel sheet nbr-70 4.0mm,Raw Materials - Steel,Raw Materials - Steel,180.17,200,EUR,Raw Materials - Steel
PO-101476-5,Elringklinger AG,Laptop 24V business grade,IT & Office Equipment,IT & Office Equipment,1201.62,2,EUR,IT & Office Equipment
PO-102739-1,Continental AG,Wiring harness connector v2,Electronic Components,Electronic Components,88.27,200,EUR,Electronic Components
PO-100606-3,Bosch Rexroth,Laptop 230V business grade,it/office,IT & Office Equipment,948.64,5,EUR,IT & Office Equipment
PO-100831-4,Wabco Holdings,PO item: Hydraulic hose fitting v2,MRO - Maintenance Supplies,MRO - Maintenance Supplies,47.35,2,EUR,MRO - Maintenance Supplies
PO-100481-4,Hella GmbH,wooden pallet eur standard,packaging/logistics,Packaging & Logistics,12.13,5,EUR,Packaging & Logistics
PO-103017-6,Bilstein GmbH,Monitor 27in Type-A,IT & Office Equipment,IT & Office Equipment,295.71,2,EUR,IT & Office Equipment
PO-102467-2,Bilstein GmbH,Steel sheet 60Sh-A 4.0mm,RAW MAT-STEEL,Raw Materials - Steel,209.79,5,EUR,Raw Materials - Steel
PO-100765-1,Faiveley Transport,Vulcanized rubber block 42CrMo4,,Raw Materials - Rubber,35.76,2,EUR,Raw Materials - Rubber
PO-102354-1,Elringklinger AG,Wooden pallet EUR standard,packaging/logistics,Packaging & Logistics,21.2,20,EUR,Packaging & Logistics
PO-100906-2,Schaeffler Technologies,Stretch wrap film Rev.B roll,Packaging & Logistics,Packaging & Logistics,25.9,200,EUR,Packaging & Logistics
PO-101596-6,ZF Friedrichshafen,Stretch wrap film Ty,PACKAGING,Packaging & Logistics,28.2,100,EUR,Packaging & Logistics
PO-103391-2,Continental AG,HYDRAULIC HOSE FITTING STD,MRO - Maintenance Supplies,MRO - Maintenance Supplies,35.64,200,EUR,MRO - Maintenance Supplies
PO-103546-3,Trelleborg Sealing,BEARING ASSEMBLY 230V,MRO - Maintenance Supplies,MRO - Maintenance Supplies,239.38,1,EUR,MRO - Maintenance Supplies
PO-103176-4,Schaeffler Technologies,Wiring harness connector v3,electronics,Electronic Components,9.43,200,EUR,Electronic Components
PO-102489-3,Wabco Holdings,EPDM rubber seal stock S355,rubber,Raw Materials - Rubber,50.57,1,EUR,Raw Materials - Rubber
PO-102160-3,Haldex AB,Bearing assembly v3,MRO - Maintenance Supplies,MRO - Maintenance Supplies,156.47,100,EUR,MRO - Maintenance Supplies
PO-103048-2,Wabco Holdings,sealing gasket sheet 42crmo4,rubber,Raw Materials - Rubber,32.96,20,EUR,Raw Materials - Rubber
PO-102090-3,Mahle GmbH,Bearin gassembly 230V,maintenance,MRO - Maintenance Supplies,179.98,20,EUR,MRO - Maintenance Supplies
PO-103830-7,SKF Group,misc / Vulcanized rubber block 70Sh-A,rubber,Raw Materials - Rubber,62.26,50,EUR,Raw Materials - Rubber
PO-101277-2,Voith Turbo,Laptop 24V business grade,IT & Office Equipment,IT & Office Equipment,1271.77,100,EUR,IT & Office Equipment
PO-101195-4,ZF Friedrichshafen,Steel coil hot-rolled X5CrNi,Raw Materials - Steel,Raw Materials - Steel,424.67,20,EUR,Raw Materials - Steel
PO-101173-3,Elringklinger AG,SEALING GASKET SHEET 42CRMO4,Raw Mat. Rubber,Raw Materials - Rubber,11.98,200,EUR,Raw Materials - Rubber
PO-102302-5,Mahle GmbH,Rubber compound N,Raw Materials - Rubber,Raw Materials - Rubber,13.72,1,EUR,Raw Materials - Rubber
PO-100094-2,Freudenberg Sealing,PCB assembly 230V,ELEC COMP,Electronic Components,151.1,1,EUR,Electronic Components
PO-103012-1,Voith Turbo,bearing assembly rev.b,MRO - Maintenance Supplies,MRO - Maintenance Supplies,150.24,5,EUR,MRO - Maintenance Supplies
PO-100854-6,Bosch Rexroth,Sealing gasket sheet DC01,RAW MAT-RUBBER,Raw Materials - Rubber,28.18,200,EUR,Raw Materials - Rubber
PO-102425-2,SKF Group,Seal kit connector housing v2,,MRO - Maintenance Supplies,45.8,20,EUR,MRO - Maintenance Supplies
PO-103872-7,SKF Group,Protective foam sheet Rev.B,PACKAGING,Packaging & Logistics,17.04,20,EUR,Packaging & Logistics
PO-100288-7,Trelleborg Sealing,WIRING HARNESS CONNECTOR COMPAC,Elec. Components,Electronic Components,19.49,50,EUR,Electronic Components
PO-102396-1,Bosch Rexroth,Office chair ergonomic std,IT & Office Equipment,IT & Office Equipment,187.19,10,EUR,IT & Office Equipment
PO-103355-1,Bosch Rexroth,Seal kit connector housing std,MRO,MRO - Maintenance Supplies,57.65,10,EUR,MRO - Maintenance Supplies
PO-103843-6,Hella GmbH,Laptop compact business grade,it/office,IT & Office Equipment,891.95,10,EUR,IT & Office Equipment
PO-103551-1,Schaeffler Technologies,Corrugated shipping crate Rev.B,Packaging & Logistics,Packaging & Logistics,26.16,10,EUR,Packaging & Logistics
PO-101882-5,ZF Friedrichshafen,Bearing assembly com,maintenance,MRO - Maintenance Supplies,164.87,50,EUR,MRO - Maintenance Supplies
PO-100669-3,Bilstein GmbH,Industrial lubricant compact 20L drum,MRO - Maintenance Supplies,MRO - Maintenance Supplies,81.08,100,EUR,MRO - Maintenance Supplies
PO-101995-6,Bosch Rexroth,PCB assembly 230V,ELEC COMP,Electronic Components,217.12,100,EUR,Electronic Components
PO-103938-3,SKF Group,Corrugated shipping crate v3,Pack & Log,Packaging & Logistics,53.45,1,EUR,Packaging & Logistics
PO-101382-2,Freudenberg Sealing,order ref pending - Protective foam sheet std,packaging/logistics,Packaging & Logistics,13.96,50,EUR,Packaging & Logistics
PO-100332-2,Continental AG,bearing assembly m12,MRO,MRO - Maintenance Supplies,93.61,5,EUR,MRO - Maintenance Supplies
PO-101180-3,Faiveley Transport,seal kit connector housing std,MRO - Maintenance Supplies,MRO - Maintenance Supplies,61.49,2,EUR,MRO - Maintenance Supplies
PO-104022-3,Wabco Holdings,Bearing assembly compact,MRO - Maintenance Supplies,MRO - Maintenance Supplies,157.66,10,EUR,MRO - Maintenance Supplies
PO-103690-7,Wabco Holdings,order ref pending - Presusre sensor unit M12,,Electronic Components,189.96,2,EUR,Electronic Components
PO-103891-5,Bilstein GmbH,steel coil hot-rolled 60sh-a,Raw Materials - Steel,Raw Materials - Steel,282.81,100,EUR,Raw Materials - Steel
PO-102290-7,Trelleborg Sealing,Wooden pallet EUR standard,packaging/logistics,Packaging & Logistics,16.39,20,EUR,Packaging & Logistics
PO-101152-3,Faiveley Transport,Vulcanized rubber block 60Sh-A,Raw Materials - Rubber,Raw Materials - Rubber,57.06,200,EUR,Raw Materials - Rubber
PO-101045-1,Voith Turbo,Steel coil hot-rolled 70Sh-A,Raw Materials - Steel,Raw Materials - Steel,279.12,5,EUR,Raw Materials - Steel
PO-101037-7,ZF Friedrichshafen,Laptop 230V busniess grade,it/office,IT & Office Equipment,1406.92,100,EUR,IT & Office Equipment
PO-102547-5,Elringklinger AG,aLptop std business grade,IT & Office Equipment,IT & Office Equipment,1038.38,10,EUR,IT & Office Equipment
PO-103775-1,Haldex AB,Protcetive foam s,Packaging & Logistics,Packaging & Logistics,27.79,100,EUR,Packaging & Logistics
PO-102889-4,Trelleborg Sealing,misc / office chair ergonomic compact,IT & Office,IT & Office Equipment,227.44,200,EUR,IT & Office Equipment
PO-103242-7,Faiveley Transport,PCB assembly std,ELEC COMP,Electronic Components,194.16,2,EUR,Electronic Components
PO-103422-5,SKF Group,Rubber compound 70Sh-A sheet,RAW MAT-RUBBER,Raw Materials - Rubber,32.68,100,EUR,Raw Materials - Rubber
PO-103816-7,SKF Group,Office chair erognomic 230V,IT EQUIP,IT & Office Equipment,276.72,5,EUR,IT & Office Equipment
PO-100778-7,Freudenberg Sealing,Monitor 27in v2,IT & Office Equipment,IT & Office Equipment,207.96,50,EUR,IT & Office Equipment
PO-103200-7,Trelleborg Sealing,Laptop std business grade,IT & Office Equipment,IT & Office Equipment,659.51,200,EUR,IT & Office Equipment
PO-100711-3,Continental AG,Hydraulic hose fitting 24V,MRO,MRO - Maintenance Supplies,40.9,5,EUR,MRO - Maintenance Supplies
PO-101612-1,Freudenberg Sealing,PO item: Pressure sensor unit compact,,Electronic Components,309.77,200,EUR,Electronic Components
PO-100217-6,Bilstein GmbH,EPDM rubber seal stock S23,RAW MAT-RUBBER,Raw Materials - Rubber,24.36,100,EUR,Raw Materials - Rubber
PO-101005-3,Bosch Rexroth,STEEL COIL HOT-ROLLE D60SH-A,RAW MAT-STEEL,Raw Materials - Steel,311.09,1,EUR,Raw Materials - Steel
PO-102005-2,Freudenberg Sealing,Saeling gasket sheet X5CrNi,RAW MAT-RUBBER,Raw Materials - Rubber,27.66,2,EUR,Raw Materials - Rubber
PO-101094-1,Bosch Rexroth,Corrugated shippnig crate M12,Packaging & Logistics,Packaging & Logistics,43.06,2,EUR,Packaging & Logistics
PO-102996-6,Freudenberg Sealing,connector assembly v3 sealed,Elec. Components,Electronic Components,15.43,100,EUR,Electronic Components
PO-102599-1,Haldex AB,Steel sheet 60Sh-A 1.5mm,Raw Materials - Steel,Raw Materials - Steel,306.65,20,EUR,Raw Materials - Steel
PO-102940-6,Mahle GmbH,laptop compact business g,IT EQUIP,IT & Office Equipment,1430.48,1,EUR,IT & Office Equipment
PO-100026-4,Bilstein GmbH,vulcanized rubber block dc01,rubber,Raw Materials - Rubber,65.68,1,EUR,Raw Materials - Rubber
PO-100066-2,Mahle GmbH,Corurgated shipping cra,Packaging & Logistics,Packaging & Logistics,21.93,20,EUR,Packaging & Logistics
PO-102562-6,Faiveley Transport,Hydraulic hose fitting std,MRO - Maintenance Supplies,MRO - Maintenance Supplies,35.0,20,EUR,MRO - Maintenance Supplies
PO-100970-3,Voith Turbo,Forged steel billet X5CrNi,Raw Materials - Steel,Raw Materials - Steel,729.3,200,EUR,Raw Materials - Steel
PO-100959-6,Schaeffler Technologies,Sealing gasket sheet NBR-70,Raw Mat. Rubber,Raw Materials - Rubber,29.24,50,EUR,Raw Materials - Rubber
PO-103522-7,Freudenberg Sealing,Industrial lubricant Type-A 20L drum,MRO - Maintenance Supplies,MRO - Maintenance Supplies,137.98,20,EUR,MRO - Maintenance Supplies
PO-101753-2,SKF Group,order ref pending - EPDM rubber seal stock S235,Raw Materials - Rubber,Raw Materials - Rubber,50.55,100,EUR,Raw Materials - Rubber
PO-100010-2,Continental AG,Wooden pallet EUR standard,,Packaging & Logistics,21.35,20,EUR,Packaging & Logistics
PO-102184-6,Elringklinger AG,Forged steel billet DC01,Raw Materials - Steel,Raw Materials - Steel,785.3,100,EUR,Raw Materials - Steel
PO-103506-5,ZF Friedrichshafen,PO item: EPDM rubber seal stock S355,,Raw Materials - Rubber,51.23,20,EUR,Raw Materials - Rubber
PO-101972-4,Bilstein GmbH,Hydraulic hose fitting Type-A,MRO - Maintenance Supplies,MRO - Maintenance Supplies,41.64,50,EUR,MRO - Maintenance Supplies
PO-102096-2,Bosch Rexroth,protective foam sheet std,Packaging & Logistics,Packaging & Logistics,19.54,50,EUR,Packaging & Logistics
PO-101722-6,Bilstein GmbH,Office chair ergonomic std,it/office,IT & Office Equipment,257.1,10,EUR,IT & Office Equipment
PO-104093-4,Haldex AB,Monito r27,it/office,IT & Office Equipment,221.0,2,EUR,IT & Office Equipment
PO-104202-2,Wabco Holdings,Woodenp allet EUR standard ,packaging/logistics,Packaging & Logistics,17.91,200,EUR,Packaging & Logistics
PO-100070-6,Mahle GmbH,Seal kit connector housing M12,MRO - Maintenance Supplies,MRO - Maintenance Supplies,37.54,200,EUR,MRO - Maintenance Supplies
PO-101790-4,Voith Turbo,Wooden pallet EUR standard,PACKAGING,Packaging & Logistics,15.19,100,EUR,Packaging & Logistics
PO-102046-1,Trelleborg Sealing,Wiring harness connector std,Elec. Components,Electronic Components,30.43,100,EUR,Electronic Components
PO-100346-2,Mahle GmbH,Monitor 27in v3,IT & Office Equipment,IT & Office Equipment,189.77,10,EUR,IT & Office Equipment
PO-103983-6,Freudenberg Sealing,Office chair ergonomic 23V0,IT & Office Equipment,IT & Office Equipment,262.27,2,EUR,IT & Office Equipment
PO-103489-2,Elringklinger AG,order ref pending - Monitor 27in v3,IT EQUIP,IT & Office Equipment,225.41,2,EUR,IT & Office Equipment
PO-102277-1,Mahle GmbH,connector assembly v2 sealed,Electronic Components,Electronic Components,31.82,50,EUR,Electronic Components
PO-103443-5,Continental AG,Rubber compound S235 sh,Raw Mat. Rubber,Raw Materials - Rubber,39.82,2,EUR,Raw Materials - Rubber
PO-103263-7,Bilstein GmbH,hyrdaulic hose fitting v2,MRO - Maintenance Supplies,MRO - Maintenance Supplies,23.85,1,EUR,MRO - Maintenance Supplies
PO-101967-6,Freudenberg Sealing,Stretch wrap film v3 roll,Packaging & Logistics,Packaging & Logistics,14.98,100,EUR,Packaging & Logistics
PO-102512-5,Faiveley Transport,Bearing assembly ,MRO - Maintenance Supplies,MRO - Maintenance Supplies,135.77,20,EUR,MRO - Maintenance Supplies
PO-103724-6,Bilstein GmbH,Connector assembly HD sealed,Electronic Components,Electronic Components,68.15,1,EUR,Electronic Components
PO-104166-7,Voith Turbo,order ref pending - Steel sheet 42rCMo4 4.0mm,,Raw Materials - Steel,214.02,1,EUR,Raw Materials - Steel
PO-100508-3,ZF Friedrichshafen,PCBa ssembly std,Electronic Components,Electronic Components,134.94,5,EUR,Electronic Components
PO-101077-5,Wabco Holdings,Wooden pallet EUR standard,Packaging & Logistics,Packaging & Logistics,106.56,50,EUR,Packaging & Logistics
PO-103034-2,Faiveley Transport,pcb sasembly hd,Electronic Components,Electronic Components,152.6,200,EUR,Electronic Components
PO-103128-5,Haldex AB,Office chair ergonmoic std,IT & Office Equipment,IT & Office Equipment,294.35,20,EUR,IT & Office Equipment
PO-103714-3,Voith Turbo,order ref pending - Steel coil hot-rolled S355,Raw Materials - Steel,Raw Materials - Steel,472.1,50,EUR,Raw Materials - Steel
PO-104070-2,Schaeffler Technologies,STRETCH WRAP FILM REV.B ROLL,packaging/logistics,Packaging & Logistics,33.36,20,EUR,Packaging & Logistics
PO-102937-3,Trelleborg Sealing,Sealin ggasket sheet S355,Raw Materials - Rubber,Raw Materials - Rubber,32.11,200,EUR,Raw Materials - Rubber
PO-100950-4,Voith Turbo,Industrial lubricant HD 20L drum,MRO,MRO - Maintenance Supplies,123.87,5,EUR,MRO - Maintenance Supplies
PO-102921-1,ZF Friedrichshafen,Steel sheet 70Sh-A 2.0mm,raw materials/steel,Raw Materials - Steel,322.02,20,EUR,Raw Materials - Steel
PO-104180-7,Faiveley Transport,Monitor 27in Rev.B,IT & Office Equipment,IT & Office Equipment,199.23,20,EUR,IT & Office Equipment
PO-102454-3,Bosch Rexroth,Steel sheet S235 4.0mm,Raw Materials - Steel,Raw Materials - Steel,366.79,10,EUR,Raw Materials - Steel
PO-103578-7,Bosch Rexroth,PCB assemlby Rev.B,Electronic Components,Electronic Components,88.06,200,EUR,Electronic Components
PO-101635-3,ZF Friedrichshafen,PO item: laptop hd business grade,IT & Office Equipment,IT & Office Equipment,1109.98,2,EUR,IT & Office Equipment
PO-104164-5,Trelleborg Sealing,Corrugated shipping crate 230V,Packaging & Logistics,Packaging & Logistics,24.95,5,EUR,Packaging & Logistics
PO-103313-1,Hella GmbH,misc / wooden pallet eu,Packaging & Logistics,Packaging & Logistics,19.55,200,EUR,Packaging & Logistics
PO-103167-2,Haldex AB,Connector assembly Rev.B sealed,Electronic Components,Electronic Components,55.15,5,EUR,Electronic Components
PO-100347-3,ZF Friedrichshafen,Industrial lubricant Rev.B 20L drum,MRO/Maint,MRO - Maintenance Supplies,156.35,20,EUR,MRO - Maintenance Supplies
PO-101809-2,SKF Group,Connector assembly com,,Electronic Components,8.42,50,EUR,Electronic Components
PO-101378-5,Faiveley Transport,Laptop HD business grade,IT & Office,IT & Office Equipment,904.31,1,EUR,IT & Office Equipment
PO-102351-5,Mahle GmbH,Steel coil hot-rolled S235,Raw Materials - Steel,Raw Materials - Steel,436.78,5,EUR,Raw Materials - Steel
PO-100032-3,Bilstein GmbH,Corrugated shipping crate v2,Packaging & Logistics,Packaging & Logistics,48.17,10,EUR,Packaging & Logistics
PO-100047-4,Mahle GmbH,PCB assembly HD,Electronic Components,Electronic Components,97.05,200,EUR,Electronic Components
PO-100178-2,ZF Friedrichshafen,Stretch wrap film v2 roll,Packaging & Logistics,Packaging & Logistics,33.12,5,EUR,Packaging & Logistics
PO-100646-1,ZF Friedrichshafen,Protective foam sheet ,Packaging & Logistics,Packaging & Logistics,17.64,50,EUR,Packaging & Logistics
PO-100344-7,Voith Turbo,Stretch wrap film RevB. roll,PACKAGING,Packaging & Logistics,12.77,10,EUR,Packaging & Logistics
PO-102667-6,Continental AG,STEEL COIL HOT-ROLLED S235,Raw Materials - Steel,Raw Materials - Steel,444.26,5,EUR,Raw Materials - Steel
PO-101845-3,Faiveley Transport,Hydraulic hose fitting v2,MRO - Maintenance Supplies,MRO - Maintenance Supplies,10.05,20,EUR,MRO - Maintenance Supplies
PO-101733-3,ZF Friedrichshafen,Forged steel billet 42CrMo4,Raw Materials - Steel,Raw Materials - Steel,853.47,10,EUR,Raw Materials - Steel
PO-101204-6,Freudenberg Sealing,SEAL KIT CONNECTOR HOUSING HD,MRO,MRO - Maintenance Supplies,32.61,50,EUR,MRO - Maintenance Supplies
PO-100268-1,Bosch Rexroth,Vulcanized rubber block NBR-70,rubber,Raw Materials - Rubber,62.69,20,EUR,Raw Materials - Rubber
PO-101190-6,Schaeffler Technologies,VULCANIZED RUBBER BLOCK 60SH-A,Raw Mat. Rubber,Raw Materials - Rubber,52.18,20,EUR,Raw Materials - Rubber
PO-101595-5,Elringklinger AG,Stretch wrap film compact roll,Packaging & Logistics,Packaging & Logistics,12.67,1,EUR,Packaging & Logistics
PO-101773-1,Mahle GmbH,vulcanized rubber block 60sh-a,Raw Materials - Rubber,Raw Materials - Rubber,61.34,10,EUR,Raw Materials - Rubber
PO-101004-2,SKF Group,Wiring harness connector 230V,ELEC COMP,Electronic Components,40.87,5,EUR,Electronic Components
PO-103050-4,Wabco Holdings,forged steel billet dc01,Raw Materials - Steel,Raw Materials - Steel,846.62,200,EUR,Raw Materials - Steel
PO-104151-6,Faiveley Transport,Office chair ergonomic std,IT & Office Equipment,IT & Office Equipment,186.21,5,EUR,IT & Office Equipment
PO-100102-3,Hella GmbH,bearing assembly typ-ea,maintenance,MRO - Maintenance Supplies,210.77,50,EUR,MRO - Maintenance Supplies
PO-100434-6,Haldex AB,Steel sheet 60Sh-A 2.0mm,Raw Materials - Steel,Raw Materials - Steel,327.92,20,EUR,Raw Materials - Steel
PO-103969-6,Mahle GmbH,PO item: Vulcanized rubber block 60ShA-,rubber,Raw Materials - Rubber,39.7,20,EUR,Raw Materials - Rubber
PO-101157-1,Mahle GmbH,Connector assembly Rev.B sealed,Electronic Components,Electronic Components,9.23,100,EUR,Electronic Components
PO-101006-4,ZF Friedrichshafen,Bearing assembly 230V,MRO - Maintenance Supplies,MRO - Maintenance Supplies,203.89,50,EUR,MRO - Maintenance Supplies
PO-101895-4,Voith Turbo,Hydraulic hose fitting v3,MRO - Maintenance Supplies,MRO - Maintenance Supplies,21.52,20,EUR,MRO - Maintenance Supplies
PO-101391-4,Bilstein GmbH,bearing assembly rev.b,MRO - Maintenance Supplies,MRO - Maintenance Supplies,256.37,2,EUR,MRO - Maintenance Supplies
PO-103260-4,ZF Friedrichshafen,Monitor 27in Tyep-A,IT & Office Equipment,IT & Office Equipment,217.82,10,EUR,IT & Office Equipment
PO-101301-5,Elringklinger AG,Forged steel bille,raw materials/steel,Raw Materials - Steel,896.96,100,EUR,Raw Materials - Steel
PO-100401-1,Hella GmbH,Industrial lubricant M12 20L drum,MRO - Maintenance Supplies,MRO - Maintenance Supplies,145.5,1,EUR,MRO - Maintenance Supplies
PO-100296-1,Haldex AB,Steel sheet NBR-70 6.0mm,Raw Materials - Steel,Raw Materials - Steel,207.37,10,EUR,Raw Materials - Steel
PO-101572-3,Elringklinger AG,Monitor 27in compact,IT & Office,IT & Office Equipment,248.89,100,EUR,IT & Office Equipment
PO-100561-7,Trelleborg Sealing,MONITOR 27IN M12,IT & Office Equipment,IT & Office Equipment,252.03,200,EUR,IT & Office Equipment
PO-103857-6,Bilstein GmbH,Stretch wrap film 230V roll,Packaging & Logistics,Packaging & Logistics,22.62,5,EUR,Packaging & Logistics
PO-101642-3,Elringklinger AG,YHDRAULIC HOSE FITTING COMPACT,MRO - Maintenance Supplies,MRO - Maintenance Supplies,45.02,2,EUR,MRO - Maintenance Supplies
PO-101441-5,Hella GmbH,PCB assembly v2,Electronic Components,Electronic Components,127.97,1,EUR,Electronic Components
PO-101325-1,Bosch Rexroth,Monitor 27,IT & Office Equipment,IT & Office Equipment,151.4,10,EUR,IT & Office Equipment
PO-103846-2,ZF Friedrichshafen,Office chair ergonomic v2,it/office,IT & Office Equipment,165.26,200,EUR,IT & Office Equipment
PO-100236-4,Continental AG,Office chair ergonomic Type-A,it/office,IT & Office Equipment,296.07,20,EUR,IT & Office Equipment
PO-103904-4,Bosch Rexroth,Corrugated shipping crate 230V,PACKAGING,Packaging & Logistics,36.8,1,EUR,Packaging & Logistics
PO-100363-5,Schaeffler Technologies,order ref pending - Monitor 27in Tyep-A,IT & Office Equipment,IT & Office Equipment,277.7,2,EUR,IT & Office Equipment
PO-100730-1,SKF Group,Pressrue sensor unit M12,ELEC COMP,Electronic Components,118.7,2,EUR,Electronic Components
PO-102376-2,Bilstein GmbH,Protective foam sh,,Packaging & Logistics,23.2,1,EUR,Packaging & Logistics
PO-101695-7,Faiveley Transport,Steel coil hot-rolled NBR-70,Raw Materials - Steel,Raw Materials - Steel,438.15,1,EUR,Raw Materials - Steel
PO-102649-2,Faiveley Transport,order ref pending - EPDM rubber seal s,Raw Mat. Rubber,Raw Materials - Rubber,35.27,100,EUR,Raw Materials - Rubber
PO-102722-5,Continental AG,order ref pending - bearing sas,MRO - Maintenance Supplies,MRO - Maintenance Supplies,159.67,200,EUR,MRO - Maintenance Supplies
PO-100351-7,Elringklinger AG,EPDM rubber seal stock X5CrNi,RAW MAT-RUBBER,Raw Materials - Rubber,22.48,2,EUR,Raw Materials - Rubber
PO-101965-4,SKF Group,Sealing gasket she,Raw Materials - Rubber,Raw Materials - Rubber,16.62,10,EUR,Raw Materials - Rubber
PO-104083-1,Schaeffler Technologies,SEALING GASKET SHEET 60SH-A,Raw Materials - Rubber,Raw Materials - Rubber,18.61,50,EUR,Raw Materials - Rubber
PO-103527-5,Faiveley Transport,Sealing gasket sheet NBR-70,Raw Mat. Rubber,Raw Materials - Rubber,38.16,20,EUR,Raw Materials - Rubber
PO-101028-5,Voith Turbo,Industrial lubricant 230V 20L drum,MRO - Maintenance Supplies,MRO - Maintenance Supplies,125.76,20,EUR,MRO - Maintenance Supplies
PO-103974-4,Haldex AB,Office chair ergonomic std,IT & Office Equipment,IT & Office Equipment,357.13,1,EUR,IT & Office Equipment
PO-100009-1,Faiveley Transport,Sealing gasket sheet S235,Raw Materials - Rubber,Raw Materials - Rubber,21.45,200,EUR,Raw Materials - Rubber
PO-103324-5,Continental AG,order ref pending - Hydrauilc hose fitting 24V,MRO - Maintenance Supplies,MRO - Maintenance Supplies,14.2,5,EUR,MRO - Maintenance Supplies
PO-101029-6,Continental AG,EPDM RUBBER SEAL STOCK X5CRNI,rubber,Raw Materials - Rubber,54.02,200,EUR,Raw Materials - Rubber
PO-101314-4,Schaeffler Technologies,Protective foam sheet v2,Pack & Log,Packaging & Logistics,17.4,20,EUR,Packaging & Logistics
PO-103963-7,Faiveley Transport,PO item: Corrugated shipping crate HD,Packaging & Logistics,Packaging & Logistics,43.68,200,EUR,Packaging & Logistics
PO-101484-6,SKF Group,monitor 27in m12,IT & Office Equipment,IT & Office Equipment,271.38,200,EUR,IT & Office Equipment
PO-102665-4,Mahle GmbH,Forged steel billet 70Sh-A,raw materials/steel,Raw Materials - Steel,438.06,1,EUR,Raw Materials - Steel
PO-103619-6,Elringklinger AG,PCB assembly 230V,,Electronic Components,65.52,20,EUR,Electronic Components
PO-102867-3,Faiveley Transport,PCB assembly Rev.B,Elec. Components,Electronic Components,121.24,2,EUR,Electronic Components
PO-102228-1,Faiveley Transport,Rubber compound NBR-70 sheet,Raw Materials - Rubber,Raw Materials - Rubber,42.44,5,EUR,Raw Materials - Rubber
PO-102408-6,Voith Turbo,Woodne pallet EUR standard,packaging/logistics,Packaging & Logistics,11.47,10,EUR,Packaging & Logistics
PO-102718-1,Hella GmbH,PO item: industrial lubricant rev.b 20l drum,MRO - Maintenance Supplies,MRO - Maintenance Supplies,155.09,10,EUR,MRO - Maintenance Supplies
PO-103476-3,Voith Turbo,Forged steel billet X5,Raw Materials - Steel,Raw Materials - Steel,636.05,1,EUR,Raw Materials - Steel
PO-103641-7,Trelleborg Sealing,Laptpo Rev.B business grade,IT & Office Equipment,IT & Office Equipment,1335.0,2,EUR,IT & Office Equipment
PO-102108-7,Schaeffler Technologies,Stertch wrap film v2 roll,Packaging & Logistics,Packaging & Logistics,25.3,50,EUR,Packaging & Logistics
PO-103261-5,Voith Turbo,BEARING ASSEMBLY,MRO,MRO - Maintenance Supplies,247.87,100,EUR,MRO - Maintenance Supplies
PO-102182-4,Freudenberg Sealing,order ref pending - connector assembly v3 sea,electronics,Electronic Components,66.32,1,EUR,Electronic Components
PO-100871-2,Freudenberg Sealing,Steel coil hot-rolled S355,Raw Materials - Steel,Raw Materials - Steel,282.06,10,EUR,Raw Materials - Steel
PO-102456-5,Bilstein GmbH,Bearing assembly HD,MRO - Maintenance Supplies,MRO - Maintenance Supplies,145.51,20,EUR,MRO - Maintenance Supplies
PO-100661-2,Elringklinger AG,Steel coil hot-rolled DC01,Raw Materials - Steel,Raw Materials - Steel,394.24,50,EUR,Raw Materials - Steel
PO-100012-4,Haldex AB,misc / Industrial lubricant HD 20L drum,MRO - Maintenance Supplies,MRO - Maintenance Supplies,157.92,5,EUR,MRO - Maintenance Supplies
PO-102556-7,SKF Group,LAPTOPS TD BUSIN,IT & Office,IT & Office Equipment,763.87,100,EUR,IT & Office Equipment
PO-101390-3,Faiveley Transport,Steel coil hot-rol,RAW MAT-STEEL,Raw Materials - Steel,470.01,200,EUR,Raw Materials - Steel
PO-102819-4,Trelleborg Sealing,PCB assembly M12,electronics,Electronic Components,60.38,10,EUR,Electronic Components
PO-101550-2,ZF Friedrichshafen,Steel sheet S355 3.0mm,Raw Materials - Steel,Raw Materials - Steel,376.54,2,EUR,Raw Materials - Steel
PO-101785-6,Mahle GmbH,Seal kit connector housi,MRO - Maintenance Supplies,MRO - Maintenance Supplies,57.31,50,EUR,MRO - Maintenance Supplies
PO-103314-2,Elringklinger AG,Forged steel billet 70Sh-A,raw materials/steel,Raw Materials - Steel,434.71,100,EUR,Raw Materials - Steel
PO-102552-3,SKF Group,Vulcanized rubber block S235,Raw Materials - Rubber,Raw Materials - Rubber,27.07,10,EUR,Raw Materials - Rubber
PO-100714-6,Schaeffler Technologies,PCB ASSEMLBY V3,,Electronic Components,205.07,1,EUR,Electronic Components
PO-103275-5,Continental AG,Steel coil hot-rolled S235,Raw Materials - Steel,Raw Materials - Steel,476.75,5,EUR,Raw Materials - Steel
PO-100880-4,Hella GmbH,Pressure sensor unit v2,Electronic Components,Electronic Components,204.26,2,EUR,Electronic Components
PO-103961-5,Elringklinger AG,Monitor 27in v2,IT & Office Equipment,IT & Office Equipment,184.72,200,EUR,IT & Office Equipment
PO-101197-6,Trelleborg Sealing,Stretch wrap film Type-A roll,PACKAGING,Packaging & Logistics,21.88,50,EUR,Packaging & Logistics
PO-104205-4,Bosch Rexroth,order ref pending - Monitor 27in v3 ,IT & Office Equipment,IT & Office Equipment,270.2,2,EUR,IT & Office Equipment
PO-101061-3,Voith Turbo,Steel sheet NBR-70 8.0mm,Raw Materials - Steel,Raw Materials - Steel,343.89,20,EUR,Raw Materials - Steel
PO-100578-3,Continental AG,EPDM rubber seal stock NBR-70,Raw Materials - Rubber,Raw Materials - Rubber,33.07,20,EUR,Raw Materials - Rubber
PO-102083-3,Hella GmbH,Wooden pallet EUR standard,packaging/logistics,Packaging & Logistics,18.21,5,EUR,Packaging & Logistics
PO-102254-6,Bilstein GmbH,Pressure sensor unit v3,electronics,Electronic Components,154.04,50,EUR,Electronic Components
PO-103975-5,Mahle GmbH,Connector assembly v2 sealed,Electronic Components,Electronic Components,44.89,100,EUR,Electronic Components
PO-103031-6,Bilstein GmbH,Monitor 27in Type-A,it/office,IT & Office Equipment,309.14,200,EUR,IT & Office Equipment
PO-101774-2,Bilstein GmbH,misc / EPMD rubber seal stock S235,Raw Materials - Rubber,Raw Materials - Rubber,37.59,100,EUR,Raw Materials - Rubber
PO-101255-1,ZF Friedrichshafen,EPDM rubber seal stock S235,Raw Materials - Rubber,Raw Materials - Rubber,40.86,10,EUR,Raw Materials - Rubber
PO-100531-5,ZF Friedrichshafen,Corrugated shipping crate std,PACKAGING,Packaging & Logistics,47.3,2,EUR,Packaging & Logistics
PO-100256-3,ZF Friedrichshafen,Monitor 27in ,IT & Office Equipment,IT & Office Equipment,195.5,100,EUR,IT & Office Equipment
PO-100909-5,Schaeffler Technologies,Wiring harness connector 230V,Electronic Components,Electronic Components,59.54,10,EUR,Electronic Components
PO-103339-6,ZF Friedrichshafen,FORGED STEEL BILLET DC01,Raw Materials - Steel,Raw Materials - Steel,522.94,20,EUR,Raw Materials - Steel
PO-101706-4,Haldex AB,Vulcanized rubber block 70Sh-A,Raw Materials - Rubber,Raw Materials - Rubber,57.53,100,EUR,Raw Materials - Rubber
PO-101351-6,Schaeffler Technologies,OFFICE CHAIR ERGONOMIC V3,IT & Office Equipment,IT & Office Equipment,131.08,1,EUR,IT & Office Equipment
PO-102846-3,ZF Friedrichshafen,Wiring harness connector Type-A,ELEC COMP,Electronic Components,49.21,100,EUR,Electronic Components
PO-100616-6,Hella GmbH,Corrugated shipping crate Type,PACKAGING,Packaging & Logistics,35.43,100,EUR,Packaging & Logistics
PO-100054-4,Schaeffler Technologies,PO item: vulcanized rubber block x5crni,RAW MAT-RUBBER,Raw Materials - Rubber,38.15,5,EUR,Raw Materials - Rubber
PO-102507-7,Trelleborg Sealing,Steel sheet S235 8.0mm,Raw Materials - Steel,Raw Materials - Steel,270.25,5,EUR,Raw Materials - Steel
PO-103919-5,ZF Friedrichshafen,Sealing gasket she,Raw Materials - Rubber,Raw Materials - Rubber,13.15,20,EUR,Raw Materials - Rubber
PO-100879-3,Mahle GmbH,Stretch wrap fil mType-A roll,Packaging & Logistics,Packaging & Logistics,33.35,20,EUR,Packaging & Logistics
PO-101446-3,SKF Group,Stretch wrap film Type-A roll,Pack & Log,Packaging & Logistics,19.96,10,EUR,Packaging & Logistics
PO-100213-2,Hella GmbH,Industrial lubricant Rev.B 20L drum,MRO - Maintenance Supplies,MRO - Maintenance Supplies,75.83,20,EUR,MRO - Maintenance Supplies
PO-102674-6,ZF Friedrichshafen,Stretch wrap film Type-A roll,packaging/logistics,Packaging & Logistics,16.08,5,EUR,Packaging & Logistics
PO-101461-4,Haldex AB,stretch wrap film std roll,Packaging & Logistics,Packaging & Logistics,15.74,1,EUR,Packaging & Logistics
PO-101622-4,Bilstein GmbH,misc / Monitor 27in M12,IT & Office Equipment,IT & Office Equipment,229.05,20,EUR,IT & Office Equipment
PO-102763-4,Haldex AB,Vulcanized rubber block S355,Raw Materials - Rubber,Raw Materials - Rubber,42.44,200,EUR,Raw Materials - Rubber
PO-103350-3,Bosch Rexroth,PRESSURE SENSOR UNIT M12,Electronic Components,Electronic Components,174.8,50,EUR,Electronic Components
PO-103302-4,Mahle GmbH,Seal kit connector housing 230V,MRO/Maint,MRO - Maintenance Supplies,55.28,100,EUR,MRO - Maintenance Supplies
PO-102416-7,Bosch Rexroth,Office chair ergonomic Rev.B,,IT & Office Equipment,257.59,100,EUR,IT & Office Equipment
PO-102159-2,Faiveley Transport,Sealing gasket sheet NBR-70,Raw Materials - Rubber,Raw Materials - Rubber,17.72,10,EUR,Raw Materials - Rubber
PO-100057-7,Bilstein GmbH,Seal kit connector housing std,MRO,MRO - Maintenance Supplies,17.76,10,EUR,MRO - Maintenance Supplies
PO-102773-7,Elringklinger AG,Rubber compound 42CrMo4 sheet,Raw Materials - Rubber,Raw Materials - Rubber,13.25,10,EUR,Raw Materials - Rubber
PO-101370-4,Continental AG,Stretch wrap film 3v roll,Packaging & Logistics,Packaging & Logistics,23.37,10,EUR,Packaging & Logistics
PO-102558-2,Bilstein GmbH,PO item: VULCANIZED RUBBER BLOCK NBR-70,Raw Materials - Rubber,Raw Materials - Rubber,34.27,20,EUR,Raw Materials - Rubber
PO-101524-4,Voith Turbo,STRETCH WRAP FILM V2 ROLL,packaging/logistics,Packaging & Logistics,33.72,20,EUR,Packaging & Logistics
PO-100248-2,Mahle GmbH,Bearing assembly 24V,maintenance,MRO - Maintenance Supplies,78.58,20,EUR,MRO - Maintenance Supplies
PO-102922-2,Mahle GmbH,PCB assembly HD,,Electronic Components,181.1,20,EUR,Electronic Components
PO-101114-7,Bilstein GmbH,Monitor 2,IT & Office Equipment,IT & Office Equipment,240.34,20,EUR,IT & Office Equipment
PO-101469-5,SKF Group,PO item: Seal kit connector hou,,MRO - Maintenance Supplies,35.54,50,EUR,MRO - Maintenance Supplies
PO-103094-6,Mahle GmbH,Steel coil hot-rolled S355,raw materials/steel,Raw Materials - Steel,308.08,100,EUR,Raw Materials - Steel
PO-101012-3,ZF Friedrichshafen,PCB assembly std,Electronic Components,Electronic Components,20.56,100,EUR,Electronic Components
PO-100541-1,Continental AG,Pressure sensor unit M12,ELEC COMP,Electronic Components,266.41,1,EUR,Electronic Components
PO-103104-2,Bosch Rexroth,Stretch wrap film v3 roll,Packaging & Logistics,Packaging & Logistics,15.57,50,EUR,Packaging & Logistics
PO-103556-6,Bilstein GmbH,Steel sheet NBR-70,RAW MAT-STEEL,Raw Materials - Steel,191.16,2,EUR,Raw Materials - Steel
PO-103409-6,Hella GmbH,Vulcanized rubber block DC01,Raw Materials - Rubber,Raw Materials - Rubber,44.46,100,EUR,Raw Materials - Rubber
PO-100989-1,Faiveley Transport,Steel sheet 70Sh-A 6.0mm,RAW MAT-STEEL,Raw Materials - Steel,317.94,1,EUR,Raw Materials - Steel
PO-103666-4,Bilstein GmbH,Foregd steel billet 60Sh-A,Raw Materials - Steel,Raw Materials - Steel,672.53,1,EUR,Raw Materials - Steel
PO-101237-4,Continental AG,Monitor 27in v2,IT & Office Equipment,IT & Office Equipment,231.51,2,EUR,IT & Office Equipment
PO-101429-7,ZF Friedrichshafen,stretch wrap film 230v roll,Packaging & Logistics,Packaging & Logistics,19.24,100,EUR,Packaging & Logistics
PO-101336-5,ZF Friedrichshafen,Sealing gasket shee,Raw Materials - Rubber,Raw Materials - Rubber,16.31,200,EUR,Raw Materials - Rubber
PO-101127-6,ZF Friedrichshafen,STRETCH WRAP FILM V2 R,Packaging & Logistics,Packaging & Logistics,13.91,2,EUR,Packaging & Logistics
PO-102430-7,Continental AG,Connector assembly HD sealed,Elec. Components,Electronic Components,85.3,50,EUR,Electronic Components
PO-102118-3,Voith Turbo,Wiring harness connector Type-A,Elec. Components,Electronic Components,34.07,5,EUR,Electronic Components
PO-103704-7,SKF Group,Rubber compound S355 sheet,Raw Materials - Rubber,Raw Materials - Rubber,17.18,10,EUR,Raw Materials - Rubber
PO-100654-2,Voith Turbo,PCB ASSEMBLY HD,Electronic Components,Electronic Components,159.28,200,EUR,Electronic Components
PO-100756-6,Bosch Rexroth,Vulcanized rubber block NBR-70,RAW MAT-RUBBER,Raw Materials - Rubber,27.7,1,EUR,Raw Materials - Rubber
PO-102336-4,Faiveley Transport,Vulcanized rubber block DC01,rubber,Raw Materials - Rubber,59.54,5,EUR,Raw Materials - Rubber
PO-103932-4,SKF Group,Laptop std business grade,IT & Office Equipment,IT & Office Equipment,921.52,20,EUR,IT & Office Equipment
PO-100244-5,Freudenberg Sealing,Sealing gasket sheet 70Sh-A,Raw Mat. Rubber,Raw Materials - Rubber,10.85,50,EUR,Raw Materials - Rubber
PO-100767-3,Haldex AB,VULCANIZED RUBBER BLOCK DC01,,Raw Materials - Rubber,36.61,200,EUR,Raw Materials - Rubber
PO-101489-4,ZF Friedrichshafen,Sealing gasket sheet DC01,Raw Materials - Rubber,Raw Materials - Rubber,22.76,20,EUR,Raw Materials - Rubber
PO-102030-6,Continental AG,forged steel billet s355,Raw Materials - Steel,Raw Materials - Steel,601.84,20,EUR,Raw Materials - Steel
PO-100476-6,Haldex AB,Monitor 27in std,IT EQUIP,IT & Office Equipment,229.55,5,EUR,IT & Office Equipment
PO-102487-1,SKF Group,Bearing assembly M12,MRO - Maintenance Supplies,MRO - Maintenance Supplies,208.24,5,EUR,MRO - Maintenance Supplies
PO-101102-2,Elringklinger AG,Steel coil hot-rolled DC01,Raw Materials - Steel,Raw Materials - Steel,219.48,100,EUR,Raw Materials - Steel
PO-101358-6,ZF Friedrichshafen,Forged steel billet S355,RAW MAT-STEEL,Raw Materials - Steel,801.3,20,EUR,Raw Materials - Steel
PO-101978-3,Bilstein GmbH,Laptop v3 bsuiness grade,IT & Office Equipment,IT & Office Equipment,1365.66,1,EUR,IT & Office Equipment
PO-101712-3,Continental AG,misc / Monitor 27in v3,it/office,IT & Office Equipment,219.98,50,EUR,IT & Office Equipment
PO-100613-3,Mahle GmbH,Sealing gasket shee,rubber,Raw Materials - Rubber,28.4,20,EUR,Raw Materials - Rubber
PO-102130-1,Continental AG,Stretch wrap film v3 roll,packaging/logistics,Packaging & Logistics,30.6,20,EUR,Packaging & Logistics
PO-100263-3,Faiveley Transport,Protective foam sheet Rev.B,PACKAGING,Packaging & Logistics,25.9,50,EUR,Packaging & Logistics
PO-101295-6,Schaeffler Technologies,Corrugated shipping crate 230V,Packaging & Logistics,Packaging & Logistics,49.77,20,EUR,Packaging & Logistics
PO-100506-1,Bilstein GmbH,Industrial lubricant 230V 20L drum,MRO - Maintenance Supplies,MRO - Maintenance Supplies,158.19,50,EUR,MRO - Maintenance Supplies
PO-101186-2,Wabco Holdings,rubber compoun ds235 sheet,RAW MAT-RUBBER,Raw Materials - Rubber,37.42,50,EUR,Raw Materials - Rubber
PO-100362-4,Mahle GmbH,Protective foam sheet M12,PACKAGING,Packaging & Logistics,9.44,10,EUR,Packaging & Logistics
PO-100445-3,Continental AG,misc / sealing gasket sheet 70sh-a,RAW MAT-RUBBER,Raw Materials - Rubber,14.32,200,EUR,Raw Materials - Rubber
PO-100717-2,Faiveley Transport,Monitor 27i nRev.B,IT & Office Equipment,IT & Office Equipment,170.69,2,EUR,IT & Office Equipment
PO-101548-7,Trelleborg Sealing,Vulcanized rubber block 70Sh-A,RAW MAT-RUBBER,Raw Materials - Rubber,43.39,20,EUR,Raw Materials - Rubber
PO-103598-6,SKF Group,Wiring harness conn,Electronic Components,Electronic Components,35.88,50,EUR,Electronic Components
PO-103172-7,Continental AG,Corrugated shipping crate v2,,Packaging & Logistics,36.71,5,EUR,Packaging & Logistics
PO-102985-2,Bosch Rexroth,STRETCH WRAP FILM 24V ROLL,Packaging & Logistics,Packaging & Logistics,19.32,10,EUR,Packaging & Logistics
PO-103559-2,Elringklinger AG,Steel sheet X5CrNi 6.0mm,Raw Materials - Steel,Raw Materials - Steel,190.32,1,EUR,Raw Materials - Steel
PO-103892-6,Elringklinger AG,Bearing assembly Rev.B,MRO,MRO - Maintenance Supplies,210.59,10,EUR,MRO - Maintenance Supplies
PO-101500-1,Haldex AB,Mnoitor 27in Type-A,IT & Office Equipment,IT & Office Equipment,189.64,10,EUR,IT & Office Equipment
PO-101368-2,Haldex AB,Industrial lubricant 230V 20L ,maintenance,MRO - Maintenance Supplies,140.92,20,EUR,MRO - Maintenance Supplies
PO-103387-5,SKF Group,Forged steel billet 60Sh-A,Raw Materials - Steel,Raw Materials - Steel,666.9,20,EUR,Raw Materials - Steel
PO-102123-1,Freudenberg Sealing,misc / Rubber compound 70Sh-A sheet,rubber,Raw Materials - Rubber,14.24,5,EUR,Raw Materials - Rubber
PO-100939-7,Trelleborg Sealing,Industrial lubricant HD 20L drum,MRO - Maintenance Supplies,MRO - Maintenance Supplies,108.2,1,EUR,MRO - Maintenance Supplies
PO-100705-4,Schaeffler Technologies,Laptop v2 business grade,IT & Office Equipment,IT & Office Equipment,822.83,50,EUR,IT & Office Equipment
PO-100008-7,Hella GmbH,Office chair ergonomic std,IT & Office Equipment,IT & Office Equipment,271.72,50,EUR,IT & Office Equipment
PO-100160-5,Bosch Rexroth,Stretch wrap film 230V r,Packaging & Logistics,Packaging & Logistics,19.55,200,EUR,Packaging & Logistics
PO-100551-4,Voith Turbo,EPDM RUBBER SEAL STOCK 42CRMO4,Raw Materials - Rubber,Raw Materials - Rubber,43.94,10,EUR,Raw Materials - Rubber
PO-104207-4,Schaeffler Technologies,Vulcanized rubber block DC01 ,RAW MAT-RUBBER,Raw Materials - Rubber,40.36,20,EUR,Raw Materials - Rubber
PO-102097-3,Hella GmbH,Pressure sensor unit v2,ELEC COMP,Electronic Components,292.39,50,EUR,Electronic Components
PO-103684-1,Bosch Rexroth,Industrial lubricant v2 20L drum,MRO - Maintenance Supplies,MRO - Maintenance Supplies,138.99,200,EUR,MRO - Maintenance Supplies
PO-104063-2,Hella GmbH,Hydraulic hose fitting Rev.B,MRO - Maintenance Supplies,MRO - Maintenance Supplies,51.16,100,EUR,MRO - Maintenance Supplies
PO-100907-3,Continental AG,pressure sensro unit 24v,Electronic Components,Electronic Components,120.76,10,EUR,Electronic Components
PO-102275-6,SKF Group,mnoitor 27in type-a,IT & Office Equipment,IT & Office Equipment,217.13,10,EUR,IT & Office Equipment
PO-102040-2,Freudenberg Sealing,Steel coil hot-rolled 42CrMo4,Raw Materials - Steel,Raw Materials - Steel,374.0,1,EUR,Raw Materials - Steel
PO-100580-5,Haldex AB,Stretch wrap film 24V roll,,Packaging & Logistics,34.14,2,EUR,Packaging & Logistics
PO-102224-4,Voith Turbo,VULCANIZE DRUBBER BLOCK NBR-70,Raw Materials - Rubber,Raw Materials - Rubber,46.71,1,EUR,Raw Materials - Rubber
PO-104119-2,Haldex AB,Steel sheet DC01 8.0mm,raw materials/steel,Raw Materials - Steel,224.0,10,EUR,Raw Materials - Steel
PO-100569-1,ZF Friedrichshafen,Bearing assembly Rev.B,MRO - Maintenance Supplies,MRO - Maintenance Supplies,135.44,1,EUR,MRO - Maintenance Supplies
PO-100016-1,Continental AG,Seal kit connector housing v3,MRO - Maintenance Supplies,MRO - Maintenance Supplies,51.06,2,EUR,MRO - Maintenance Supplies
PO-101252-5,Hella GmbH,Seal kit connector housing compact,maintenance,MRO - Maintenance Supplies,65.25,10,EUR,MRO - Maintenance Supplies
PO-100712-4,Faiveley Transport,Sealing gasket sheet 42CrMo4,Raw Materials - Rubber,Raw Materials - Rubber,31.2,5,EUR,Raw Materials - Rubber
PO-103687-4,Elringklinger AG,STEEL COIL HOT-ROLLED X5CRNI,Raw Materials - Steel,Raw Materials - Steel,341.4,1,EUR,Raw Materials - Steel
PO-102485-6,Freudenberg Sealing,Monitor 27in M12,IT & Office,IT & Office Equipment,213.77,1,EUR,IT & Office Equipment
PO-101109-2,Freudenberg Sealing,Steel coil hot-rolled X5CrNi,Raw Materials - Steel,Raw Materials - Steel,429.0,50,EUR,Raw Materials - Steel
PO-101666-6,Elringklinger AG,Vulcanized rubber block 42CrMo4,,Raw Materials - Rubber,43.89,1,EUR,Raw Materials - Rubber
PO-103521-6,Faiveley Transport,order ref pending - EPDM rubber seal stock 60Sh-A,RAW MAT-RUBBER,Raw Materials - Rubber,34.65,20,EUR,Raw Materials - Rubber
PO-103802-7,Elringklinger AG,pressure sensor unit compact,Electronic Components,Electronic Components,44.14,5,EUR,Electronic Components
PO-101594-4,Voith Turbo,SEAL KIT CONNECTOR HOUSING REV.B,MRO,MRO - Maintenance Supplies,59.19,5,EUR,MRO - Maintenance Supplies
PO-101068-3,Mahle GmbH,Monitor 27in compact,IT & Office Equipment,IT & Office Equipment,272.92,200,EUR,IT & Office Equipment
PO-102871-7,Bilstein GmbH,Wooden pallet EUR standard,Packaging & Logistics,Packaging & Logistics,13.7,100,EUR,Packaging & Logistics
PO-103622-2,Continental AG,order ref pending - rubber compound ,Raw Materials - Rubber,Raw Materials - Rubber,24.23,200,EUR,Raw Materials - Rubber
PO-100702-1,Bosch Rexroth,Rubber compound DC01 sheet,Raw Materials - Rubber,Raw Materials - Rubber,30.98,5,EUR,Raw Materials - Rubber
PO-100602-6,Elringklinger AG,Stretch wrap fil,,Packaging & Logistics,14.06,20,EUR,Packaging & Logistics
PO-102387-6,Trelleborg Sealing,Stretch wrap film 230V roll,Packaging & Logistics,Packaging & Logistics,13.24,2,EUR,Packaging & Logistics
PO-100515-3,Bosch Rexroth,Corrugated shipping crate v3,,Packaging & Logistics,55.57,1,EUR,Packaging & Logistics
PO-100698-4,Trelleborg Sealing,Monitor 27in Type,it/office,IT & Office Equipment,274.14,2,EUR,IT & Office Equipment
PO-100325-2,Haldex AB,Laptop 230V business grade,IT & Office Equipment,IT & Office Equipment,1173.13,5,EUR,IT & Office Equipment
PO-102169-5,Continental AG,Bearing assembly 230V,maintenance,MRO - Maintenance Supplies,138.08,1,EUR,MRO - Maintenance Supplies
PO-101529-2,SKF Group,LAPTOP M12 BUSINESS,IT & Office Equipment,IT & Office Equipment,696.76,10,EUR,IT & Office Equipment
PO-103222-1,Continental AG,Sealing gasket sheet S355,Raw Mat. Rubber,Raw Materials - Rubber,23.19,200,EUR,Raw Materials - Rubber
PO-104052-5,Hella GmbH,Steel sheet NBR-70 8.0mm,raw materials/steel,Raw Materials - Steel,408.35,20,EUR,Raw Materials - Steel
PO-100440-5,Trelleborg Sealing,PO item: Protective foam sheet 24V,Packaging & Logistics,Packaging & Logistics,24.47,100,EUR,Packaging & Logistics
PO-102142-6,Haldex AB,Forged steel billet X5CrNi,RAW MAT-STEEL,Raw Materials - Steel,421.23,5,EUR,Raw Materials - Steel
PO-101140-5,Wabco Holdings,INDUSTRIAL LUBRICANTV 3 20L DRU,MRO - Maintenance Supplies,MRO - Maintenance Supplies,115.74,50,EUR,MRO - Maintenance Supplies
PO-101784-5,ZF Friedrichshafen,seal kit connector housing m12,MRO,MRO - Maintenance Supplies,65.53,1,EUR,MRO - Maintenance Supplies
PO-100928-3,SKF Group,Bearing assembly 230V,MRO - Maintenance Supplies,MRO - Maintenance Supplies,231.25,1,EUR,MRO - Maintenance Supplies
PO-100410-3,Bilstein GmbH,Bearing assebmly Type-A,MRO - Maintenance Supplies,MRO - Maintenance Supplies,165.83,1,EUR,MRO - Maintenance Supplies
PO-103686-3,Trelleborg Sealing,SEAL KIT CONNECTOR HOUSING COMPACT,MRO,MRO - Maintenance Supplies,14.14,1,EUR,MRO - Maintenance Supplies
PO-101754-3,Freudenberg Sealing,HYDRAULIC HOSE FITTING 230V,MRO - Maintenance Supplies,MRO - Maintenance Supplies,33.87,20,EUR,MRO - Maintenance Supplies
PO-104041-1,Hella GmbH,office chair ergonomic v3,IT EQUIP,IT & Office Equipment,292.94,10,EUR,IT & Office Equipment
PO-100517-5,Wabco Holdings,Sealing gasket sheet S235,Raw Materials - Rubber,Raw Materials - Rubber,26.71,1,EUR,Raw Materials - Rubber
PO-104146-1,Voith Turbo,Stretch wrap film Type-A roll,Packaging & Logistics,Packaging & Logistics,13.8,50,EUR,Packaging & Logistics
PO-101962-1,Mahle GmbH,EPDM rubber seal stock X5CrNi,Raw Materials - Rubber,Raw Materials - Rubber,33.96,10,EUR,Raw Materials - Rubber
PO-103336-3,Schaeffler Technologies,order ref pending - Laptop 230V busienss grade,IT & Office Equipment,IT & Office Equipment,869.39,100,EUR,IT & Office Equipment
PO-102434-4,Faiveley Transport,Office chair ergonomic Re.vB,IT & Office Equipment,IT & Office Equipment,318.91,20,EUR,IT & Office Equipment
PO-100446-4,Haldex AB,Rubber compound DC01 sheet,Raw Materials - Rubber,Raw Materials - Rubber,28.81,200,EUR,Raw Materials - Rubber
PO-100333-3,Freudenberg Sealing,EPDM rubber seal sto,Raw Mat. Rubber,Raw Materials - Rubber,44.78,20,EUR,Raw Materials - Rubber
PO-103347-7,Hella GmbH,Rubber compound NBR-70,Raw Materials - Rubber,Raw Materials - Rubber,15.5,200,EUR,Raw Materials - Rubber
PO-102194-2,Bosch Rexroth,order ref pending - Steel coil hot-rolled 70Sh-A,RAW MAT-STEEL,Raw Materials - Steel,216.22,2,EUR,Raw Materials - Steel
PO-100290-2,Hella GmbH,Laptop Rev.B business grade,IT & Office Equipment,IT & Office Equipment,1122.6,200,EUR,IT & Office Equipment
PO-100473-3,Freudenberg Sealing,misc / omnitor 27in rev.b,IT EQUIP,IT & Office Equipment,299.64,100,EUR,IT & Office Equipment
PO-103626-6,Haldex AB,Vulcanized rubber b,Raw Materials - Rubber,Raw Materials - Rubber,37.15,10,EUR,Raw Materials - Rubber
PO-100900-3,Haldex AB,SEAL KIT CONNECTOR HO,MRO,MRO - Maintenance Supplies,33.45,2,EUR,MRO - Maintenance Supplies
PO-101315-5,Bilstein GmbH,Sealing gasket sheet 70Sh-A,rubber,Raw Materials - Rubber,27.65,50,EUR,Raw Materials - Rubber
PO-102535-7,Wabco Holdings,Wooden pallet EUR stand,Packaging & Logistics,Packaging & Logistics,11.93,50,EUR,Packaging & Logistics
PO-103116-7,Wabco Holdings,Wiring harness connector M12,Electronic Components,Electronic Components,27.44,100,EUR,Electronic Components
PO-103564-7,Elringklinger AG,Monitor 27in 24V,IT & Office Equipment,IT & Office Equipment,206.12,1,EUR,IT & Office Equipment
PO-101968-7,Bilstein GmbH,Stretch wrap film Rev.,packaging/logistics,Packaging & Logistics,23.32,10,EUR,Packaging & Logistics
PO-102902-3,Faiveley Transport,Pressure sensor unit M12,electronics,Electronic Components,288.32,50,EUR,Electronic Components
PO-103886-7,Faiveley Transport,Steel coil hot-rolled 42CrMo4,raw materials/steel,Raw Materials - Steel,436.87,200,EUR,Raw Materials - Steel
PO-103839-2,Trelleborg Sealing,Wiring harness connector HD,Electronic Components,Electronic Components,65.26,10,EUR,Electronic Components
PO-103766-6,ZF Friedrichshafen,steel coil hot-rolled x5crni,Raw Materials - Steel,Raw Materials - Steel,230.99,20,EUR,Raw Materials - Steel
PO-101316-6,Faiveley Transport,misc / wiring harness connector 24v,Electronic Components,Electronic Components,88.76,1,EUR,Electronic Components
PO-101748-4,Schaeffler Technologies,Sealing gasket sheet X5CrNi,Raw Materials - Rubber,Raw Materials - Rubber,32.68,100,EUR,Raw Materials - Rubber
PO-103874-2,Haldex AB,steel coil hot-rolled dc01,Raw Materials - Steel,Raw Materials - Steel,377.43,2,EUR,Raw Materials - Steel
PO-102382-1,Faiveley Transport,Pressure sensor unit v3,electronics,Electronic Components,184.26,1,EUR,Electronic Components
PO-104091-2,SKF Group,Connector assembly Type-A sealed,ELEC COMP,Electronic Components,83.39,2,EUR,Electronic Components
PO-102969-7,ZF Friedrichshafen,Seailng gasket sheet 60Sh-A,Raw Materials - Rubber,Raw Materials - Rubber,26.53,2,EUR,Raw Materials - Rubber
PO-102000-4,Hella GmbH,Protective foam sheet 230V,Pack & Log,Packaging & Logistics,16.85,100,EUR,Packaging & Logistics
PO-100534-1,Bosch Rexroth,Monitor 27in 230V,it/office,IT & Office Equipment,274.36,20,EUR,IT & Office Equipment
PO-101538-4,Haldex AB,Stretch wrap film 24V roll,packaging/logistics,Packaging & Logistics,25.19,2,EUR,Packaging & Logistics
PO-100798-6,Hella GmbH,Laptop Rev.B business grade,IT & Office Equipment,IT & Office Equipment,1166.08,50,EUR,IT & Office Equipment
PO-101640-1,Bosch Rexroth,Connector assembly 24V sea,Electronic Components,Electronic Components,19.18,1,EUR,Electronic Components
PO-102991-1,Wabco Holdings,RUBBER COMPOUND X5CRNI SHEET,Raw Materials - Rubber,Raw Materials - Rubber,37.84,200,EUR,Raw Materials - Rubber
PO-100660-1,Faiveley Transport,PO item: Sealing gasket sheet X5CrNi,,Raw Materials - Rubber,19.05,200,EUR,Raw Materials - Rubber
PO-103482-2,Voith Turbo,Rubber compound 60Sh-A s,Raw Mat. Rubber,Raw Materials - Rubber,31.86,50,EUR,Raw Materials - Rubber
PO-101170-7,Wabco Holdings,Corrugated shipping crate v2,Pack & Log,Packaging & Logistics,31.56,2,EUR,Packaging & Logistics
PO-102577-7,Bosch Rexroth,Laptop M12 business grade,IT & Office Equipment,IT & Office Equipment,1432.25,100,EUR,IT & Office Equipment
PO-100527-1,SKF Group,Vulcanized rubber block 70Sh-A,RAW MAT-RUBBER,Raw Materials - Rubber,43.54,1,EUR,Raw Materials - Rubber
PO-103553-3,Continental AG,Bearing assembly compact,MRO,MRO - Maintenance Supplies,216.63,5,EUR,MRO - Maintenance Supplies
PO-103019-1,SKF Group,Wooden pallet EUR s,Packaging & Logistics,Packaging & Logistics,16.05,200,EUR,Packaging & Logistics
PO-102862-5,Continental AG,Steel coil hot-rolled 42CrMo4,Raw Materials - Steel,Raw Materials - Steel,279.22,1,EUR,Raw Materials - Steel
PO-101758-7,Mahle GmbH,PCB assembly v,Electronic Components,Electronic Components,21.91,5,EUR,Electronic Components
PO-103022-4,Faiveley Transport,misc / Laptop 24V business grade,IT & Office Equipment,IT & Office Equipment,1412.31,2,EUR,IT & Office Equipment
PO-102034-3,Continental AG,Bearnig assembly v3,MRO - Maintenance Supplies,MRO - Maintenance Supplies,100.45,5,EUR,Electronic Components
PO-103715-4,ZF Friedrichshafen,Monitor 27in v2,IT & Office Equipment,IT & Office Equipment,188.44,20,EUR,IT & Office Equipment
PO-102494-1,Hella GmbH,Monitor 27in v2,IT & Office Equipment,IT & Office Equipment,146.13,200,EUR,IT & Office Equipment
PO-102767-1,ZF Friedrichshafen,Hydraulic hose fitting M12,MRO - Maintenance Supplies,MRO - Maintenance Supplies,47.12,50,EUR,MRO - Maintenance Supplies
PO-101040-3,ZF Friedrichshafen,Wooden pallet EUR standard,PACKAGING,Packaging & Logistics,21.38,10,EUR,Packaging & Logistics
PO-100115-2,Hella GmbH,Vulcaniezd rubber block NBR-70,Raw Materials - Rubber,Raw Materials - Rubber,26.2,1,EUR,Raw Materials - Rubber
PO-101117-3,ZF Friedrichshafen,order ref pending - Laptop 24V business grade,it/office,IT & Office Equipment,1128.44,200,EUR,IT & Office Equipment
PO-102672-4,Bilstein GmbH,Monitor2 7i,IT & Office Equipment,IT & Office Equipment,234.49,200,EUR,IT & Office Equipment
PO-101451-1,Freudenberg Sealing,Vulcanized rubber block S235,Raw Materials - Rubber,Raw Materials - Rubber,56.61,5,EUR,Raw Materials - Rubber
PO-101275-7,Schaeffler Technologies,Laptpo 230V business grade,IT EQUIP,IT & Office Equipment,1191.24,100,EUR,IT & Office Equipment
PO-100563-2,Elringklinger AG,Pressure sensor uni,Electronic Components,Electronic Components,297.47,5,EUR,Electronic Components
PO-101886-2,ZF Friedrichshafen,Wiring harness connector v3,Electronic Components,Electronic Components,14.73,200,EUR,Electronic Components
PO-100687-7,Bosch Rexroth,Connector assembly Type-A sealed,Electronic Components,Electronic Components,88.12,200,EUR,Electronic Components
PO-101769-4,Freudenberg Sealing,Seal kit connector housing 230V,,MRO - Maintenance Supplies,30.0,200,EUR,MRO - Maintenance Supplies
PO-101443-7,Haldex AB,Stretch wrap flim M12 ,Pack & Log,Packaging & Logistics,25.68,1,EUR,Packaging & Logistics
PO-102506-6,Haldex AB,Stretch wrap film std roll,Packaging & Logistics,Packaging & Logistics,13.34,200,EUR,Packaging & Logistics
PO-102479-7,Continental AG,EPDM rubber seal stock NBR-70,RAW MAT-RUBBER,Raw Materials - Rubber,37.69,2,EUR,Raw Materials - Rubber
PO-100338-1,Hella GmbH,misc / Monitor 27in compact,IT & Office Equipment,IT & Office Equipment,237.87,20,EUR,IT & Office Equipment
PO-103806-4,Haldex AB,Sealing gasket sheet 42CrMo4,Raw Materials - Rubber,Raw Materials - Rubber,37.97,5,EUR,Raw Materials - Rubber
PO-102703-7,Hella GmbH,Seal kit connector ho,MRO - Maintenance Supplies,MRO - Maintenance Supplies,26.68,10,EUR,MRO - Maintenance Supplies
PO-102565-2,Elringklinger AG,protective foam sheet m12,Packaging & Logistics,Packaging & Logistics,13.09,10,EUR,Packaging & Logistics
PO-103348-1,Faiveley Transport,Protcetive foam sh,,Packaging & Logistics,14.12,5,EUR,Packaging & Logistics
PO-100504-6,Continental AG,Bearing assembly v2,MRO - Maintenance Supplies,MRO - Maintenance Supplies,214.07,5,EUR,MRO - Maintenance Supplies
PO-103589-4,Continental AG,misc / Wooden pallet EUR standard,packaging/logistics,Packaging & Logistics,17.2,1,EUR,Packaging & Logistics
PO-100936-4,Continental AG,Connector assembly Type-A sealed,Elec. Components,Electronic Components,60.34,100,EUR,Electronic Components
PO-100972-5,Haldex AB,PROTECTIVE FOAM SHEE TV3,Packaging & Logistics,Packaging & Logistics,10.58,10,EUR,Packaging & Logistics
PO-103136-6,Schaeffler Technologies,Forged steel billet S355,RAW MAT-STEEL,Raw Materials - Steel,651.47,1,EUR,Raw Materials - Steel
PO-103894-1,Schaeffler Technologies,Industrial lubricant v3 20L drum,MRO - Maintenance Supplies,MRO - Maintenance Supplies,131.8,50,EUR,MRO - Maintenance Supplies
PO-103823-7,Freudenberg Sealing,Sealing gasket sheet X5CrNi,Raw Materials - Rubber,Raw Materials - Rubber,18.35,50,EUR,Raw Materials - Rubber
PO-104111-1,SKF Group,Steel coil hot-rolled NBR-70,Raw Materials - Steel,Raw Materials - Steel,259.46,10,EUR,Raw Materials - Steel
PO-102573-3,Elringklinger AG,Steel coil hot-rolled 70,Raw Materials - Steel,Raw Materials - Steel,337.59,5,EUR,Raw Materials - Steel
PO-102541-6,Wabco Holdings,Seal kit connector housing 24V,MRO/Maint,MRO - Maintenance Supplies,58.86,100,EUR,MRO - Maintenance Supplies
PO-102509-2,Bilstein GmbH,Industrial lubricant,MRO - Maintenance Supplies,MRO - Maintenance Supplies,62.75,200,EUR,MRO - Maintenance Supplies
PO-103107-5,Bosch Rexroth,Sealing gasket sheet 42CrMo4,Raw Materials - Rubber,Raw Materials - Rubber,36.91,10,EUR,Raw Materials - Rubber
PO-100502-4,Hella GmbH,Steel sheet NBR-70 4.0mm,Raw Materials - Steel,Raw Materials - Steel,279.41,2,EUR,Raw Materials - Steel
PO-101639-7,Voith Turbo,Forged steel billet X5CrNi,Raw Materials - Steel,Raw Materials - Steel,503.23,20,EUR,Raw Materials - Steel
PO-104095-6,Hella GmbH,EPDM rubber seal stock NBR-70,rubber,Raw Materials - Rubber,41.2,100,EUR,Raw Materials - Rubber
PO-103008-4,Schaeffler Technologies,PCB ASSEMBLY 24V,Electronic Components,Electronic Components,34.55,10,EUR,Electronic Components
PO-100366-1,Elringklinger AG,Monitor 27in 24V,IT & Office Equipment,IT & Office Equipment,156.12,20,EUR,IT & Office Equipment
PO-102815-7,Continental AG,stretch wrap film s,Packaging & Logistics,Packaging & Logistics,23.22,50,EUR,Packaging & Logistics
PO-101698-3,Mahle GmbH,Forged steel billet DC01,Raw Materials - Steel,Raw Materials - Steel,653.87,10,EUR,Raw Materials - Steel
PO-102670-2,Trelleborg Sealing,Forged steel billet NBR-70,Raw Materials - Steel,Raw Materials - Steel,411.64,5,EUR,Raw Materials - Steel
PO-103548-5,Voith Turbo,order ref pending - Rubber compound DC01 sheet,Raw Materials - Rubber,Raw Materials - Rubber,32.97,200,EUR,Raw Materials - Rubber
PO-102794-7,Bilstein GmbH,Laptop v3 business grade,IT & Office Equipment,IT & Office Equipment,856.59,5,EUR,IT & Office Equipment
PO-100697-3,Trelleborg Sealing,SEALING GASKET SHEET 60,,Raw Materials - Rubber,20.15,100,EUR,Raw Materials - Rubber
PO-102119-4,Wabco Holdings,PO item: Laptop compact business grade,IT & Office Equipment,IT & Office Equipment,1023.13,2,EUR,IT & Office Equipment
PO-102099-5,Elringklinger AG,misc / Seal kit connector housing v2,MRO - Maintenance Supplies,MRO - Maintenance Supplies,46.14,20,EUR,MRO - Maintenance Supplies
PO-100462-6,Voith Turbo,forged steel billet x5crni,Steel,Raw Materials - Steel,687.68,2,EUR,Raw Materials - Steel
PO-103984-7,Hella GmbH,order ref pending - Office chair ergonom,IT & Office Equipment,IT & Office Equipment,143.18,2,EUR,IT & Office Equipment
PO-100710-2,Freudenberg Sealing,Steel sheet 42CrMo4 ,Raw Materials - Steel,Raw Materials - Steel,203.78,1,EUR,Raw Materials - Steel
PO-102829-7,Wabco Holdings,order ref pending - Connector assembly M12 sealed,Electronic Components,Electronic Components,77.5,10,EUR,Electronic Components
PO-103199-6,Wabco Holdings,Rbuber compound 60Sh-A sheet,Raw Materials - Rubber,Raw Materials - Rubber,15.41,10,EUR,Raw Materials - Rubber
PO-102999-2,Bosch Rexroth,OFFICE CHAIR ERGONOMIC M12,IT & Office Equipment,IT & Office Equipment,280.3,50,EUR,IT & Office Equipment
PO-102854-4,Haldex AB,Vulcanized rubber block 42CrMo4,Raw Materials - Rubber,Raw Materials - Rubber,30.12,2,EUR,Raw Materials - Rubber
PO-102576-6,ZF Friedrichshafen,Bearing assembly 230V,MRO - Maintenance Supplies,MRO - Maintenance Supplies,115.38,200,EUR,MRO - Maintenance Supplies
PO-102966-4,Bilstein GmbH,Protective foam shee tM12,Pack & Log,Packaging & Logistics,18.95,50,EUR,Packaging & Logistics
PO-104201-4,Freudenberg Sealing,Industrial lubricant 24V 20L rdum ,MRO,MRO - Maintenance Supplies,126.9,50,EUR,MRO - Maintenance Supplies
PO-103282-5,Bilstein GmbH,PRESSURE SENSOR UN,,Electronic Components,269.69,1,EUR,Electronic Components
PO-100692-5,Bilstein GmbH,pressure sensor unit 230v,Electronic Components,Electronic Components,192.84,10,EUR,Electronic Components
PO-104178-5,Voith Turbo,CORRUGATED SHIPPING CRATE TYPE-A,packaging/logistics,Packaging & Logistics,43.19,200,EUR,Packaging & Logistics
PO-100491-7,Wabco Holdings,PCB assemb,Electronic Components,Electronic Components,31.75,5,EUR,Electronic Components
PO-102006-3,SKF Group,Wooden pallet EUR standard,Packaging & Logistics,Packaging & Logistics,17.79,20,EUR,Packaging & Logistics
PO-103425-1,Voith Turbo,stretch wrap film std roll,,Packaging & Logistics,16.0,200,EUR,Packaging & Logistics
PO-101756-5,Schaeffler Technologies,wooden pallet eur standard,Packaging & Logistics,Packaging & Logistics,16.12,1,EUR,Packaging & Logistics
PO-100550-3,Bilstein GmbH,Seal kit connector housing Type-A,MRO - Maintenance Supplies,MRO - Maintenance Supplies,40.66,5,EUR,MRO - Maintenance Supplies
PO-100902-5,Freudenberg Sealing,misc / Corrugated shipping crate M12,Packaging & Logistics,Packaging & Logistics,41.94,1,EUR,Packaging & Logistics
PO-104184-4,Wabco Holdings,order ref pending - Steel coil hot-rolled 70Sh-A,Raw Materials - Steel,Raw Materials - Steel,266.93,5,EUR,Raw Materials - Steel
PO-100521-2,Bosch Rexroth,Wiring harness connector HD,Electronic Components,Electronic Components,70.28,2,EUR,Electronic Components
PO-104072-4,Bilstein GmbH,Wiring harness connector HD,Electronic Components,Electronic Components,24.0,200,EUR,Electronic Components
PO-100999-4,SKF Group,Steel sheet S355 2.0mm,Raw Materials - Steel,Raw Materials - Steel,186.83,1,EUR,Raw Materials - Steel
PO-100621-4,Continental AG,order ref pending - Steel sheet S355 3.0mm,Raw Materials - Steel,Raw Materials - Steel,252.35,100,EUR,Raw Materials - Steel
PO-100980-6,Continental AG,Sealing gasket sheet 42CrMo4,Raw Materials - Rubber,Raw Materials - Rubber,19.66,100,EUR,Raw Materials - Rubber
PO-100866-4,Mahle GmbH,STEEL COIL HOT-ROLLED X5CRNI,RAW MAT-STEEL,Raw Materials - Steel,298.93,1,EUR,Raw Materials - Steel
PO-103461-2,Trelleborg Sealing,Office chair ergonomic M12,IT & Office Equipment,IT & Office Equipment,151.98,1,EUR,IT & Office Equipment
PO-100390-4,ZF Friedrichshafen,Bearing assembly Rev.B,maintenance,MRO - Maintenance Supplies,165.51,10,EUR,MRO - Maintenance Supplies
PO-100200-3,Haldex AB,steel coil hot-rolled s235,RAW MAT-STEEL,Raw Materials - Steel,347.76,50,EUR,Raw Materials - Steel
PO-101485-7,Faiveley Transport,Stretch wrap film Rev.B roll,Packaging & Logistics,Packaging & Logistics,32.45,200,EUR,Packaging & Logistics
PO-102176-5,SKF Group,Steel coil hot-rolled 42CrMo4,Raw Materials - Steel,Raw Materials - Steel,312.36,2,EUR,Raw Materials - Steel
PO-104065-4,Haldex AB,Office chair ergonomic 24V,,IT & Office Equipment,329.7,100,EUR,IT & Office Equipment
PO-100402-2,Voith Turbo,Stretch wrap film M12r oll,packaging/logistics,Packaging & Logistics,34.91,20,EUR,Packaging & Logistics
PO-103764-4,Wabco Holdings,LAPTOP TYPE-A BUSINESS GRADE,IT & Office Equipment,IT & Office Equipment,1192.71,5,EUR,IT & Office Equipment
PO-101934-1,Hella GmbH,Forged steel billet X5CrNi,Raw Materials - Steel,Raw Materials - Steel,804.1,100,EUR,Raw Materials - Steel
PO-104054-7,Voith Turbo,misc / Steel sheet DC01 4.0mm,,Raw Materials - Steel,292.91,50,EUR,Raw Materials - Steel
PO-104189-2,Faiveley Transport,Hydraulic hose f,maintenance,MRO - Maintenance Supplies,28.47,20,EUR,MRO - Maintenance Supplies
PO-100965-5,Wabco Holdings,Wiring harness connector std,Electronic Components,Electronic Components,18.13,5,EUR,Electronic Components
PO-103266-3,Continental AG,PO item: PROTECTIVE FOAM SHEET STD,PACKAGING,Packaging & Logistics,24.38,10,EUR,Packaging & Logistics
PO-103479-6,Bosch Rexroth,Laptop 24V business grade,IT & Office Equipment,IT & Office Equipment,942.03,10,EUR,IT & Office Equipment
PO-103024-6,Mahle GmbH,STEEL SHEET 60SH-A 4.0MM,Raw Materials - Steel,Raw Materials - Steel,364.85,2,EUR,Raw Materials - Steel
PO-100425-4,Elringklinger AG,Connector assembly Rev.B sealed,Electronic Components,Electronic Components,9.16,5,EUR,Electronic Components
PO-103621-1,Voith Turbo,Protective foam sheet compact,PACKAGING,Packaging & Logistics,10.54,100,EUR,Packaging & Logistics
PO-103036-4,Hella GmbH,office chair ergonomic compact,IT & Office Equipment,IT & Office Equipment,126.11,20,EUR,IT & Office Equipment
PO-102950-2,Haldex AB,Stretch wrap film Type-A roll,Pack & Log,Packaging & Logistics,31.17,100,EUR,Packaging & Logistics
PO-103018-7,Mahle GmbH,Protective foam sheet M12,packaging/logistics,Packaging & Logistics,17.8,20,EUR,Packaging & Logistics
PO-101867-4,Mahle GmbH,Industrial lubricant 230V 20L drum,MRO,MRO - Maintenance Supplies,165.9,10,EUR,MRO - Maintenance Supplies
PO-100594-5,Haldex AB,EPDM rubber seal stock NBR-70,Raw Mat. Rubber,Raw Materials - Rubber,37.88,5,EUR,Raw Materials - Rubber
PO-103659-4,Trelleborg Sealing,order ref pending - Steel sheet S355 3.0mm,Steel,Raw Materials - Steel,277.96,100,EUR,Raw Materials - Steel
PO-100403-3,Bosch Rexroth,Office chair ergonomic v2,IT & Office Equipment,IT & Office Equipment,142.83,100,EUR,IT & Office Equipment
PO-101491-6,Bilstein GmbH,Wiring harness connector 24V,electronics,Electronic Components,58.65,200,EUR,Electronic Components
PO-103780-6,ZF Friedrichshafen,Monitor 27in Rev.B,IT & Office,IT & Office Equipment,178.1,1,EUR,IT & Office Equipment
PO-103170-5,Schaeffler Technologies,Seal kit connector housing HD,MRO - Maintenance Supplies,MRO - Maintenance Supplies,65.94,5,EUR,MRO - Maintenance Supplies
PO-100629-5,ZF Friedrichshafen,PO item: EPDM rubber seal stock NBR-70,Raw Materials - Rubber,Raw Materials - Rubber,33.03,2,EUR,Raw Materials - Rubber
PO-100855-7,Mahle GmbH,Laptop std business grade,IT & Office,IT & Office Equipment,826.23,20,EUR,IT & Office Equipment
PO-102448-4,Continental AG,Wooden pallet EUR standard,Pack & Log,Packaging & Logistics,21.36,100,EUR,Packaging & Logistics
PO-103420-3,Schaeffler Technologies,Office chaire rgonomic 230V,IT & Office Equipment,IT & Office Equipment,307.31,5,EUR,IT & Office Equipment
PO-103656-1,Trelleborg Sealing,Industrial lubricant v3 20L drum,maintenance,MRO - Maintenance Supplies,114.77,200,EUR,MRO - Maintenance Supplies
PO-102133-4,Hella GmbH,Wooden pallet EUR standard,PACKAGING,Packaging & Logistics,10.2,50,EUR,Packaging & Logistics
PO-100311-2,Continental AG,Laptop HD business grade,IT & Office Equipment,IT & Office Equipment,1196.04,50,EUR,IT & Office Equipment
PO-104020-1,Voith Turbo,Rubber compound X5CrNi sheet,RAW MAT-RUBBER,Raw Materials - Rubber,22.76,200,EUR,Raw Materials - Rubber
PO-103959-3,Elringklinger AG,Laptop v3b usiness grade,IT & Office Equipment,IT & Office Equipment,1422.11,200,EUR,IT & Office Equipment
PO-103965-2,Mahle GmbH,INDUSTRIAL LUBRICANT 24V 20L DRUM,MRO/Maint,MRO - Maintenance Supplies,62.48,1,EUR,MRO - Maintenance Supplies
PO-104139-1,SKF Group,Connector assembly 230V sealed,,Electronic Components,36.13,200,EUR,Electronic Components
PO-100101-2,Voith Turbo,FORGED STEEL BILLET DC01,Raw Materials - Steel,Raw Materials - Steel,589.62,100,EUR,Raw Materials - Steel
PO-102699-3,Freudenberg Sealing,Stretch wrap film compact roll,PACKAGING,Packaging & Logistics,18.84,2,EUR,Packaging & Logistics
PO-100886-3,Continental AG,MONITOR 27IN TYPE-A,IT & Office,IT & Office Equipment,184.26,100,EUR,IT & Office Equipment
PO-102318-7,ZF Friedrichshafen,Steel coil hot-rolled 60Sh-A,Raw Materials - Steel,Raw Materials - Steel,315.87,200,EUR,Raw Materials - Steel
PO-100266-6,Freudenberg Sealing,PCB assembly v3,Elec. Components,Electronic Components,14.14,10,EUR,Electronic Components
PO-102613-1,Bilstein GmbH,Seal kit connector housing HD,maintenance,MRO - Maintenance Supplies,18.68,50,EUR,MRO - Maintenance Supplies
PO-101775-3,ZF Friedrichshafen,Wooden pallet EUR standard,Packaging & Logistics,Packaging & Logistics,8.23,200,EUR,Packaging & Logistics
PO-101129-1,Schaeffler Technologies,Wooden pallet EUR standard,Packaging & Logistics,Packaging & Logistics,17.15,1,EUR,Packaging & Logistics
PO-101123-2,Bilstein GmbH,Connector assembly Type-A sealed,Electronic Components,Electronic Components,6.05,2,EUR,Electronic Components
PO-102269-7,Elringklinger AG,Wooden pallet EUR standard,Packaging & Logistics,Packaging & Logistics,10.24,200,EUR,Packaging & Logistics
PO-101402-1,Hella GmbH,Monitor 27in 24V,IT & Office Equipment,IT & Office Equipment,152.05,100,EUR,IT & Office Equipment
PO-101266-5,Freudenberg Sealing,Sealing gasket sheet S235,Raw Materials - Rubber,Raw Materials - Rubber,16.33,20,EUR,Raw Materials - Rubber
PO-100265-5,Mahle GmbH,office chair ergonomic std,it/office,IT & Office Equipment,225.86,200,EUR,IT & Office Equipment
PO-103992-1,Elringklinger AG,Pressure sensor unit std,Elec. Components,Electronic Components,195.59,200,EUR,Electronic Components
PO-103590-5,Faiveley Transport,CORRUGATED SHIPPING CRAT,Packaging & Logistics,Packaging & Logistics,29.66,20,EUR,Packaging & Logistics
PO-100406-6,Faiveley Transport,Wooden pallet EUR standard,Packaging & Logistics,Packaging & Logistics,12.25,20,EUR,Packaging & Logistics
PO-102078-5,Hella GmbH,Wiring harness connector HD,Electronic Components,Electronic Components,54.81,2,EUR,Electronic Components
PO-104199-5,Faiveley Transport,Steel sheet S355 1.5mm,Raw Materials - Steel,Raw Materials - Steel,348.68,2,EUR,Raw Materials - Steel
PO-101966-5,Freudenberg Sealing,Connector assembly compact sealed,Electronic Components,Electronic Components,43.9,5,EUR,Electronic Components
PO-103473-7,Faiveley Transport,Rubber compound S235 sheet,Raw Materials - Rubber,Raw Materials - Rubber,24.33,100,EUR,Raw Materials - Rubber
PO-101783-4,Haldex AB,Industrial lubricant std 20L drum,maintenance,MRO - Maintenance Supplies,94.39,1,EUR,MRO - Maintenance Supplies
PO-101610-6,Trelleborg Sealing,Sealing gaskte sheet DC01,rubber,Raw Materials - Rubber,28.4,5,EUR,Raw Materials - Rubber
PO-100081-3,Trelleborg Sealing,Office chair ergonomic Ty,IT EQUIP,IT & Office Equipment,334.2,20,EUR,IT & Office Equipment
PO-104078-3,Faiveley Transport,Wiring hraness connector 230V,Electronic Components,Electronic Components,33.79,10,EUR,Electronic Components
PO-103580-2,Faiveley Transport,Forged steel billet S235,raw materials/steel,Raw Materials - Steel,537.59,5,EUR,Raw Materials - Steel
PO-102264-2,Schaeffler Technologies,HYDRAULIC HOSE FITTING COMPCAT,MRO - Maintenance Supplies,MRO - Maintenance Supplies,39.57,100,EUR,MRO - Maintenance Supplies
PO-100947-1,Elringklinger AG,Corrugated shipping crate HD,PACKAGING,Packaging & Logistics,23.36,1,EUR,Packaging & Logistics
PO-101499-7,Trelleborg Sealing,Connector assembly compact sealed,Electronic Components,Electronic Components,10.39,100,EUR,Electronic Components
PO-101693-5,SKF Group,Protective foam sheet Rev.B,Packaging & Logistics,Packaging & Logistics,23.98,5,EUR,Packaging & Logistics
PO-102731-7,Trelleborg Sealing,Wooden pallet EUR standard,Pack & Log,Packaging & Logistics,19.14,50,EUR,Packaging & Logistics
PO-100264-4,Trelleborg Sealing,Steel coil hot-rolle,Raw Materials - Steel,Raw Materials - Steel,227.5,10,EUR,Raw Materials - Steel
PO-103216-2,Elringklinger AG,CPB assembly v3,Elec. Components,Electronic Components,151.4,5,EUR,Electronic Components
PO-101299-3,Freudenberg Sealing,Protective foam shee tcompact,Packaging & Logistics,Packaging & Logistics,19.11,100,EUR,Packaging & Logistics
PO-100735-6,Elringklinger AG,Wooden pallet EUR standard,Packaging & Logistics,Packaging & Logistics,15.13,100,EUR,Packaging & Logistics
PO-101334-3,Elringklinger AG,STEEL SHEET S355 3.0MM,Raw Materials - Steel,Raw Materials - Steel,317.72,2,EUR,Raw Materials - Steel
PO-103177-5,Mahle GmbH,Corrugated shipping crate compact,PACKAGING,Packaging & Logistics,30.77,50,EUR,Packaging & Logistics
PO-102633-7,Elringklinger AG,Wiring harness connector 230V,Electronic Components,Electronic Components,32.8,100,EUR,Electronic Components
PO-102698-2,Wabco Holdings,order ref pending - Pressure senso,Electronic Components,Electronic Components,279.76,5,EUR,Electronic Components
PO-101829-1,Hella GmbH,Pressure sensor unit copmact,Electronic Components,Electronic Components,139.78,5,EUR,Electronic Components
PO-102598-7,Schaeffler Technologies,STEEL COIL HOT-ROLLED X5CRNI,Raw Materials - Steel,Raw Materials - Steel,417.98,1,EUR,Raw Materials - Steel
PO-103792-4,ZF Friedrichshafen,Stretch wrap film Rev.B roll,Packaging & Logistics,Packaging & Logistics,26.73,2,EUR,Packaging & Logistics
PO-103381-6,Elringklinger AG,Seal kitc onnector housing v2,MRO - Maintenance Supplies,MRO - Maintenance Supplies,16.71,5,EUR,MRO - Maintenance Supplies
PO-101637-5,Wabco Holdings,Protective foam sheet Rev.B,Packaging & Logistics,Packaging & Logistics,14.93,20,EUR,Packaging & Logistics
PO-102753-1,Elringklinger AG,Bearing assembyl M12,MRO/Maint,MRO - Maintenance Supplies,213.79,20,EUR,MRO - Maintenance Supplies
PO-101261-7,Bosch Rexroth,seal kit connector housing v2,MRO - Maintenance Supplies,MRO - Maintenance Supplies,66.61,5,EUR,MRO - Maintenance Supplies
PO-101688-7,Voith Turbo,Connector assembly M12 sealed,Elec. Components,Electronic Components,53.18,5,EUR,Electronic Components
PO-102100-6,Faiveley Transport,Protective foam sheet std,Packaging & Logistics,Packaging & Logistics,17.16,20,EUR,Packaging & Logistics
PO-103499-5,Voith Turbo,Monitor 27in v2,IT & Office Equipment,IT & Office Equipment,234.21,20,EUR,IT & Office Equipment
PO-104196-2,Wabco Holdings,Rubber compound S235 sheet,Raw Materials - Rubber,Raw Materials - Rubber,36.35,1,EUR,Raw Materials - Rubber
PO-102611-6,Elringklinger AG,Vulcanized rubber block S235,Raw Materials - Rubber,Raw Materials - Rubber,48.75,2,EUR,Raw Materials - Rubber
PO-100805-6,Hella GmbH,misc / Steel sheet DC01 3.0mm,Steel,Raw Materials - Steel,374.95,1,EUR,Raw Materials - Steel
PO-100097-5,Voith Turbo,EPDM rubber seal stock S355,Raw Materials - Rubber,Raw Materials - Rubber,49.71,2,EUR,Raw Materials - Rubber
PO-100793-1,Bosch Rexroth,Monitor 27in v3,IT & Office,IT & Office Equipment,233.91,20,EUR,IT & Office Equipment
PO-101664-4,SKF Group,Steel sheet S235 8.0mm,Raw Materials - Steel,Raw Materials - Steel,241.63,5,EUR,Raw Materials - Steel
PO-101683-2,Mahle GmbH,HYDRAULIC HOSE FITTING 230V,MRO/Maint,MRO - Maintenance Supplies,15.33,20,EUR,MRO - Maintenance Supplies
PO-101430-1,Freudenberg Sealing,order ref pending - SETEL COIL HOT-ROLLED 70S,Raw Materials - Steel,Raw Materials - Steel,287.89,1,EUR,Raw Materials - Steel
PO-104152-7,Bosch Rexroth,Bearing assembly Rev.B,MRO,MRO - Maintenance Supplies,102.78,10,EUR,MRO - Maintenance Supplies
PO-101236-3,Mahle GmbH,Cnonector assembly v3 seale,Electronic Components,Electronic Components,16.07,200,EUR,Electronic Components
PO-101700-5,Hella GmbH,order ref pending - PRESSURE SENSOR UINT STD,Elec. Components,Electronic Components,278.94,1,EUR,Electronic Components
PO-103896-3,Freudenberg Sealing,PO item: Vulcanized rubber block 70Sh-A,Raw Materials - Rubber,Raw Materials - Rubber,56.19,2,EUR,Raw Materials - Rubber
PO-103160-2,Bilstein GmbH,Bearing assembly 230V,MRO,MRO - Maintenance Supplies,140.72,20,EUR,MRO - Maintenance Supplies
PO-102897-5,Voith Turbo,CORRUGATED SHIPPING C,Packaging & Logistics,Packaging & Logistics,42.24,2,EUR,Packaging & Logistics
PO-103646-5,Trelleborg Sealing,PROTECTIEV FOAM SHEET 230V,Packaging & Logistics,Packaging & Logistics,17.83,1,EUR,Packaging & Logistics
PO-101014-5,Schaeffler Technologies,Industrial lubricant Type-A 20L drum,maintenance,MRO - Maintenance Supplies,97.34,2,EUR,MRO - Maintenance Supplies
PO-100751-1,Voith Turbo,Seal kit connector housing compact,MRO - Maintenance Supplies,MRO - Maintenance Supplies,34.22,200,EUR,MRO - Maintenance Supplies
PO-103498-4,Trelleborg Sealing,Steel sheet 60Sh-A 4.0mm,,Raw Materials - Steel,215.63,2,EUR,Raw Materials - Steel
PO-101343-5,Haldex AB,monitor 27in type-a,IT & Office Equipment,IT & Office Equipment,288.23,2,EUR,IT & Office Equipment
PO-101229-3,Elringklinger AG,Forged steel billet,RAW MAT-STEEL,Raw Materials - Steel,482.67,200,EUR,Raw Materials - Steel
PO-101492-7,Bosch Rexroth,Pressure sensor unit 230V,Electronic Components,Electronic Components,81.47,200,EUR,Electronic Components
PO-101415-7,Voith Turbo,Steel sheet 60Sh-A 3.0mm,raw materials/steel,Raw Materials - Steel,416.83,1,EUR,Raw Materials - Steel
PO-103568-4,Freudenberg Sealing,Protective foams heet compact,Packaging & Logistics,Packaging & Logistics,24.96,100,EUR,Packaging & Logistics
PO-102399-4,Haldex AB,Vulcanized rubber block S355,Raw Materials - Rubber,Raw Materials - Rubber,54.82,5,EUR,Raw Materials - Rubber
PO-104096-7,Hella GmbH,Steel coil hot-rolled 70Sh-,Raw Materials - Steel,Raw Materials - Steel,446.54,10,EUR,Raw Materials - Steel
PO-104171-5,Wabco Holdings,INDUSTRIAL LUBRICANT COMAPCT 20L DRUM,MRO - Maintenance Supplies,MRO - Maintenance Supplies,134.77,50,EUR,MRO - Maintenance Supplies
PO-103776-2,Voith Turbo,Steel coil hot-rolled X5Cr,,Raw Materials - Steel,229.87,50,EUR,Raw Materials - Steel
PO-102656-2,Continental AG,FORGED STEEL BILLET S235,Raw Materials - Steel,Raw Materials - Steel,683.74,10,EUR,Raw Materials - Steel
PO-103964-1,Faiveley Transport,Steel sheet NBR-70 15.mm,Raw Materials - Steel,Raw Materials - Steel,358.48,2,EUR,Raw Materials - Steel
PO-100975-1,Schaeffler Technologies,Monitor 27in M12,IT & Office Equipment,IT & Office Equipment,224.69,5,EUR,IT & Office Equipment
PO-102531-3,Freudenberg Sealing,Corrugated shipping crate v2,Packaging & Logistics,Packaging & Logistics,47.43,5,EUR,Packaging & Logistics
PO-100369-4,Hella GmbH,Monitor 27in compact,IT & Office Equipment,IT & Office Equipment,250.38,20,EUR,IT & Office Equipment
PO-102503-3,Schaeffler Technologies,Hydraulic hose fitting M12,MRO,MRO - Maintenance Supplies,29.29,5,EUR,MRO - Maintenance Supplies
PO-101577-1,Schaeffler Technologies,forged steel billet 60sh-a,Raw Materials - Steel,Raw Materials - Steel,715.73,20,EUR,Raw Materials - Steel
PO-101280-5,SKF Group,Forged steel billet S355,raw materials/steel,Raw Materials - Steel,379.88,100,EUR,Raw Materials - Steel
PO-100782-4,Freudenberg Sealing,PROTECTIVE FOAM SHEET M12,Pack & Log,Packaging & Logistics,24.31,20,EUR,Packaging & Logistics
PO-100144-3,Elringklinger AG,Protective foam sheet M12,PACKAGING,Packaging & Logistics,26.08,1,EUR,Packaging & Logistics
PO-102650-3,Wabco Holdings,PO item: EPDM rubber seal stock X5CrNi,Raw Materials - Rubber,Raw Materials - Rubber,37.05,50,EUR,Raw Materials - Rubber
PO-100133-6,Wabco Holdings,Pressure sensor unit Rev.B,Elec. Components,Electronic Components,80.28,50,EUR,Electronic Components
PO-101629-4,Schaeffler Technologies,PO item: hydraulic hosef itting v3,maintenance,MRO - Maintenance Supplies,46.58,1,EUR,MRO - Maintenance Supplies
PO-100429-1,Haldex AB,steel sheet s235 6.0,raw materials/steel,Raw Materials - Steel,355.79,20,EUR,Raw Materials - Steel
PO-100993-5,Faiveley Transport,order ref pending - Industrial lubricant v2 20L drum,MRO,MRO - Maintenance Supplies,83.84,100,EUR,MRO - Maintenance Supplies
PO-102335-3,Continental AG,epdm rubber seal stock s355,Raw Materials - Rubber,Raw Materials - Rubber,24.45,10,EUR,Raw Materials - Rubber
PO-103993-2,Schaeffler Technologies,Sealing gasket sheet DC01,Raw Materials - Rubber,Raw Materials - Rubber,15.36,20,EUR,Raw Materials - Rubber
PO-103515-7,ZF Friedrichshafen,industrial lubricant rev.b 20l drum,MRO - Maintenance Supplies,MRO - Maintenance Supplies,67.31,50,EUR,MRO - Maintenance Supplies
PO-102642-2,SKF Group,PCB ASSEMBLY 230V,Electronic Components,Electronic Components,141.0,10,EUR,Electronic Components
PO-103644-3,SKF Group,PCB assembly 230V,ELEC COMP,Electronic Components,214.31,2,EUR,Electronic Components
PO-103251-2,Bosch Rexroth,industrial lubricant 230v 20l drum,MRO - Maintenance Supplies,MRO - Maintenance Supplies,101.1,10,EUR,MRO - Maintenance Supplies
PO-103632-5,Hella GmbH,Steel coil hot-rolled DC01,raw materials/steel,Raw Materials - Steel,289.48,50,EUR,Raw Materials - Steel
PO-101952-5,Trelleborg Sealing,WIRING HARNESS CONN,ELEC COMP,Electronic Components,25.7,50,EUR,Electronic Components
PO-100185-2,Bilstein GmbH,PROTECTIVE FOAM SHEET 230V,packaging/logistics,Packaging & Logistics,23.89,5,EUR,Packaging & Logistics
PO-100651-6,Trelleborg Sealing,Laptop compact business grade,IT EQUIP,IT & Office Equipment,1080.19,2,EUR,IT & Office Equipment
PO-102358-5,Mahle GmbH,Sealing gasket sheet 70Sh-A,RAW MAT-RUBBER,Raw Materials - Rubber,16.54,20,EUR,Raw Materials - Rubber
PO-103457-5,Continental AG,corrugated shipping crate m12,PACKAGING,Packaging & Logistics,21.49,50,EUR,Packaging & Logistics
PO-100030-1,Faiveley Transport,Laptop HD business grade,IT & Office,IT & Office Equipment,1193.61,50,EUR,IT & Office Equipment
PO-100456-7,Trelleborg Sealing,misc / Industrial lubricant M12 20L drum,MRO,MRO - Maintenance Supplies,102.46,100,EUR,MRO - Maintenance Supplies
PO-101904-6,Bilstein GmbH,Connector assembly Rev.B sealed,Electronic Components,Electronic Components,61.65,10,EUR,Electronic Components
PO-103069-2,Mahle GmbH,wooden pallet eur standard,,Packaging & Logistics,17.28,100,EUR,Packaging & Logistics
PO-101906-1,Hella GmbH,order ref pending - Hydraulic hose fitting compact,MRO,MRO - Maintenance Supplies,45.17,10,EUR,MRO - Maintenance Supplies
PO-103393-4,Schaeffler Technologies,Rubber compound S235 sheet,Raw Mat. Rubber,Raw Materials - Rubber,17.26,5,EUR,Raw Materials - Rubber
PO-100314-5,Mahle GmbH,Sealing gasket sheet S235,Raw Materials - Rubber,Raw Materials - Rubber,38.19,5,EUR,Raw Materials - Rubber
PO-100259-6,Trelleborg Sealing,Seal kit connectorh ousing M1,MRO - Maintenance Supplies,MRO - Maintenance Supplies,69.0,5,EUR,MRO - Maintenance Supplies
PO-103618-5,Haldex AB,Industrial lubricant 24V 20L drum,MRO - Maintenance Supplies,MRO - Maintenance Supplies,95.34,10,EUR,MRO - Maintenance Supplies
PO-103316-4,Mahle GmbH,order ref pending - WOODEN PALLET EUR STANDARD,Packaging & Logistics,Packaging & Logistics,19.38,2,EUR,Packaging & Logistics
PO-101737-7,Freudenberg Sealing,hydraulic hose fitting std,MRO - Maintenance Supplies,MRO - Maintenance Supplies,21.5,1,EUR,MRO - Maintenance Supplies
PO-101631-6,Bosch Rexroth,Industrial lubriacnt 24V 20L drum,MRO - Maintenance Supplies,MRO - Maintenance Supplies,159.01,20,EUR,MRO - Maintenance Supplies
PO-103789-1,Wabco Holdings,Office chair ergonomic v2,IT & Office,IT & Office Equipment,164.2,20,EUR,IT & Office Equipment
PO-100414-7,Schaeffler Technologies,Forged steel billet 70hS-A,Raw Materials - Steel,Raw Materials - Steel,739.0,5,EUR,Raw Materials - Steel
PO-100585-3,Continental AG,Wooden pallet EUR standard,Pack & Log,Packaging & Logistics,17.24,5,EUR,Packaging & Logistics
PO-103376-1,Wabco Holdings,Rubber compound NBR-70 sheet,rubber,Raw Materials - Rubber,33.59,20,EUR,Raw Materials - Rubber
PO-100342-5,Bilstein GmbH,Laptop Type-A business grade,,IT & Office Equipment,691.64,100,EUR,IT & Office Equipment
PO-103771-4,Wabco Holdings,Monitor 27inH D,IT & Office Equipment,IT & Office Equipment,169.13,2,EUR,IT & Office Equipment
PO-102018-1,SKF Group,PCB ASSEMBL,electronics,Electronic Components,172.06,1,EUR,Electronic Components
PO-103575-4,Trelleborg Sealing,Corrugated shipping crate Typ-eA,Packaging & Logistics,Packaging & Logistics,56.36,10,EUR,Packaging & Logistics
PO-103985-1,Schaeffler Technologies,order ref pending - wooden pallet eur ,Packaging & Logistics,Packaging & Logistics,14.48,100,EUR,Packaging & Logistics
PO-103300-2,Bosch Rexroth,Wodoen pallet EUR standard,packaging/logistics,Packaging & Logistics,18.05,100,EUR,Packaging & Logistics
PO-102806-5,Bilstein GmbH,corrugated shipping crate v3,Packaging & Logistics,Packaging & Logistics,56.64,10,EUR,Packaging & Logistics
PO-103033-1,ZF Friedrichshafen,misc / Wooden pallet EUR standard,packaging/logistics,Packaging & Logistics,14.66,10,EUR,Packaging & Logistics
PO-101090-4,SKF Group,Seal kit connector housing compact,MRO - Maintenance Supplies,MRO - Maintenance Supplies,52.95,20,EUR,MRO - Maintenance Supplies
PO-103847-3,Mahle GmbH,Stretch wrap film cmopact roll,PACKAGING,Packaging & Logistics,13.21,2,EUR,Packaging & Logistics
PO-101865-2,Wabco Holdings,Office chair ergonomic v2,,IT & Office Equipment,136.61,200,EUR,IT & Office Equipment
PO-101605-1,Mahle GmbH,OFFICE CHAIR ERGONOMIC V3,IT & Office Equipment,IT & Office Equipment,258.49,200,EUR,IT & Office Equipment
PO-104193-6,Faiveley Transport,CONNECTOR ASSEMBLY V3 SEALED,Electronic Components,Electronic Components,55.93,5,EUR,Electronic Components
PO-101711-2,Bosch Rexroth,EPDM rubber seal stock X5CrNi,Raw Materials - Rubber,Raw Materials - Rubber,18.3,1,EUR,Raw Materials - Rubber
PO-104051-4,Wabco Holdings,Office chair ergonomic Rev.B,IT EQUIP,IT & Office Equipment,366.74,1,EUR,IT & Office Equipment
PO-101027-4,Bilstein GmbH,Steel sheet S235 8.0mm,Raw Materials - Steel,Raw Materials - Steel,261.64,50,EUR,Raw Materials - Steel
PO-102788-1,Mahle GmbH,Wooden pallet EUR standard,PACKAGING,Packaging & Logistics,16.92,50,EUR,Packaging & Logistics
PO-103755-2,Bilstein GmbH,Connector assembly std sealed,Elec. Components,Electronic Components,78.99,1,EUR,Electronic Components
PO-101731-1,Voith Turbo,SEALING GASKET SHEET 42CRMO4,Raw Materials - Rubber,Raw Materials - Rubber,23.89,10,EUR,Raw Materials - Rubber
PO-100828-1,Elringklinger AG,Hydraulic hose fitting std,MRO - Maintenance Supplies,MRO - Maintenance Supplies,49.42,100,EUR,MRO - Maintenance Supplies
PO-101049-5,Voith Turbo,STEEL SHEET S235 2.0MM,Raw Materials - Steel,Raw Materials - Steel,317.07,1,EUR,Raw Materials - Steel
PO-103996-5,Continental AG,Office chair ergonomic Type-A,IT EQUIP,IT & Office Equipment,128.46,5,EUR,IT & Office Equipment
PO-102444-7,Freudenberg Sealing,PCB assembly v3,Electronic Components,Electronic Components,32.41,200,EUR,Electronic Components
PO-101296-7,Bilstein GmbH,Stretch wrpa film Rev.B roll,,Packaging & Logistics,28.78,100,EUR,Packaging & Logistics
PO-102526-5,Voith Turbo,misc / EPDM rubber seal stock 70Sh-A,Raw Materials - Rubber,Raw Materials - Rubber,26.72,5,EUR,Raw Materials - Rubber
PO-103495-1,Wabco Holdings,VULCANIZED RUBBER BLOCK S355,Raw Materials - Rubber,Raw Materials - Rubber,29.05,5,EUR,Raw Materials - Rubber
PO-103331-5,Faiveley Transport,misc / Laptop v2 busin,IT & Office Equipment,IT & Office Equipment,1248.16,100,EUR,IT & Office Equipment
PO-101802-2,Bosch Rexroth,Bearin gassembly 230V,MRO,MRO - Maintenance Supplies,52.91,10,EUR,MRO - Maintenance Supplies
PO-104203-7,Mahle GmbH,Monitor 27in M12 ,IT & Office Equipment,IT & Office Equipment,250.82,10,EUR,IT & Office Equipment
PO-100509-4,Wabco Holdings,wiring harness connector hd,Electronic Components,Electronic Components,36.71,200,EUR,Electronic Components
PO-101999-3,Haldex AB,Bearing assembly 24V,MRO - Maintenance Supplies,MRO - Maintenance Supplies,236.77,5,EUR,MRO - Maintenance Supplies
PO-102475-3,SKF Group,PO item: Steel sheet 60Sh-A 4.0mm,Steel,Raw Materials - Steel,304.24,5,EUR,Raw Materials - Steel
PO-102217-4,Trelleborg Sealing,Office chair ergonomic HD,IT & Office Equipment,IT & Office Equipment,269.92,20,EUR,IT & Office Equipment
PO-102781-1,Faiveley Transport,Bearing assembly v3,MRO - Maintenance Supplies,MRO - Maintenance Supplies,103.73,2,EUR,MRO - Maintenance Supplies
PO-102237-3,Continental AG,PCB assembly 230V,Electronic Components,Electronic Components,138.89,50,EUR,Electronic Components
PO-102370-3,Faiveley Transport,Wooden pallet EUR,Pack & Log,Packaging & Logistics,18.09,5,EUR,Packaging & Logistics
PO-101861-5,Hella GmbH,EPDM rubber seal stock 60Sh-A,RAW MAT-RUBBER,Raw Materials - Rubber,53.68,20,EUR,Raw Materials - Rubber
PO-103367-6,Voith Turbo,Steel coil hot-rolled 42CrMo4,Raw Materials - Steel,Raw Materials - Steel,474.9,50,EUR,Raw Materials - Steel
PO-102496-3,Schaeffler Technologies,Steel sheet 70hS-A 6.0mm,raw materials/steel,Raw Materials - Steel,372.23,50,EUR,Raw Materials - Steel
PO-102306-2,Faiveley Transport,Laptop M12 business gr,IT & Office Equipment,IT & Office Equipment,1205.58,5,EUR,IT & Office Equipment
PO-104188-1,Elringklinger AG,epdm rubber seal stock 60sh-a,Raw Materials - Rubber,Raw Materials - Rubber,40.43,50,EUR,Raw Materials - Rubber
PO-103653-5,SKF Group,Hydraulic hose fitting Type-A,MRO - Maintenance Supplies,MRO - Maintenance Supplies,34.88,10,EUR,MRO - Maintenance Supplies
PO-101256-2,Mahle GmbH,order ref pending - Steel coil hot-rolled X5CrNi,,Raw Materials - Steel,209.73,2,EUR,Raw Materials - Steel
PO-100921-3,Continental AG,order ref pending - Monitor 27in v3,IT EQUIP,IT & Office Equipment,189.59,10,EUR,IT & Office Equipment
PO-101156-7,SKF Group,order ref pending - Forged steel billet 7,Steel,Raw Materials - Steel,475.71,50,EUR,Raw Materials - Steel
PO-104204-3,Mahle GmbH,STEEL COIL HOT-ROLLED X5CRNI ,RAW MAT-STEEL,Raw Materials - Steel,298.93,1,EUR,Raw Materials - Steel
PO-100341-4,Trelleborg Sealing,Protective foam sheet std,Packaging & Logistics,Packaging & Logistics,11.26,10,EUR,Packaging & Logistics
PO-103365-4,Mahle GmbH,Forged steel billet S355,RAW MAT-STEEL,Raw Materials - Steel,702.43,200,EUR,Raw Materials - Steel
PO-103948-6,Elringklinger AG,Wiring harness connector Rev.B,Electronic Components,Electronic Components,41.28,5,EUR,Electronic Components
PO-101710-1,Faiveley Transport,Steel sheet X5CrNi 3.0mm,RAW MAT-STEEL,Raw Materials - Steel,319.41,20,EUR,Raw Materials - Steel
PO-100042-6,Haldex AB,Connector assembly v2 sealed,Elec. Components,Electronic Components,87.84,1,EUR,Electronic Components
PO-100281-7,Bosch Rexroth,Forged steel billet 42CrMo4,Raw Materials - Steel,Raw Materials - Steel,538.5,200,EUR,Raw Materials - Steel
PO-101797-4,Hella GmbH,WIRING HARNESS CONNECTOR STD,Elec. Components,Electronic Components,62.71,5,EUR,Electronic Components
PO-103390-1,SKF Group,Connector assembly 230V sealed,Electronic Components,Electronic Components,61.33,100,EUR,Electronic Components
PO-102537-2,Wabco Holdings,Forgde steel billet 42CrMo4,Steel,Raw Materials - Steel,691.16,200,EUR,Raw Materials - Steel
PO-102789-2,Bilstein GmbH,Vulcanized rubber block 60Sh-A,rubber,Raw Materials - Rubber,61.12,1,EUR,Raw Materials - Rubber
PO-102745-7,SKF Group,misc / Bearing assembly Rev.B,MRO - Maintenance Supplies,MRO - Maintenance Supplies,86.2,5,EUR,MRO - Maintenance Supplies
PO-102141-5,Trelleborg Sealing,office chair ergonomic compact,it/office,IT & Office Equipment,190.46,2,EUR,IT & Office Equipment
PO-102098-4,Voith Turbo,Industrial lubricant 230V 20L drum,maintenance,MRO - Maintenance Supplies,98.73,2,EUR,MRO - Maintenance Supplies
PO-102963-1,Continental AG,steel coil hot-rolled 70sh-a,Steel,Raw Materials - Steel,298.04,5,EUR,Raw Materials - Steel
PO-103002-5,Trelleborg Sealing,Corrugated shipping crate v2,Packaging & Logistics,Packaging & Logistics,23.14,50,EUR,Packaging & Logistics
PO-101632-7,Wabco Holdings,epdm rubbe rseal stock 70sh-a,,Raw Materials - Rubber,49.72,5,EUR,Raw Materials - Rubber
PO-102048-3,Hella GmbH,Hydraulic hose fitting M12,MRO - Maintenance Supplies,MRO - Maintenance Supplies,30.34,5,EUR,MRO - Maintenance Supplies
PO-101367-1,Haldex AB,CONNECTOR ASSEMBL,electronics,Electronic Components,65.33,5,EUR,Electronic Components
PO-103763-3,Wabco Holdings,PO item: Steel coil hot-rolled S235,Raw Materials - Steel,Raw Materials - Steel,344.12,50,EUR,Raw Materials - Steel
PO-103730-5,Bilstein GmbH,PO item: Hydraulic hose fitting M12,MRO/Maint,MRO - Maintenance Supplies,38.79,10,EUR,MRO - Maintenance Supplies
PO-104147-2,Continental AG,Industrial lubricant Type-A 20L,MRO - Maintenance Supplies,MRO - Maintenance Supplies,126.87,50,EUR,MRO - Maintenance Supplies
PO-102462-4,Continental AG,WIRING HARNESS CONNECTOR 230V,ELEC COMP,Electronic Components,77.35,2,EUR,Electronic Components
PO-103310-5,Schaeffler Technologies,Hydraulic hose fitting 24V,MRO - Maintenance Supplies,MRO - Maintenance Supplies,24.65,1,EUR,MRO - Maintenance Supplies
PO-102081-1,Elringklinger AG,STEEL COIL HOT-ROLLED 60SH-A,Raw Materials - Steel,Raw Materials - Steel,355.36,50,EUR,Raw Materials - Steel
PO-100686-6,ZF Friedrichshafen,Industrial lubricant 24V 20L drum,MRO - Maintenance Supplies,MRO - Maintenance Supplies,112.19,1,EUR,MRO - Maintenance Supplies
PO-103981-4,Voith Turbo,Stretch wrap film Type-A roll,packaging/logistics,Packaging & Logistics,19.03,50,EUR,Packaging & Logistics
PO-103021-3,Wabco Holdings,Wooden pallet EUR standard,Packaging & Logistics,Packaging & Logistics,20.47,1,EUR,Packaging & Logistics
PO-102106-5,Faiveley Transport,Forged steel bill,Steel,Raw Materials - Steel,759.51,100,EUR,Raw Materials - Steel
PO-101361-2,Mahle GmbH,Industrial lubricant Type-A 20 Ldrum,MRO - Maintenance Supplies,MRO - Maintenance Supplies,80.9,50,EUR,MRO - Maintenance Supplies
PO-102380-6,Hella GmbH,Seal kit connector housing compact,MRO - Maintenance Supplies,MRO - Maintenance Supplies,20.88,20,EUR,MRO - Maintenance Supplies
PO-102616-4,Bilstein GmbH,connector assembly m12 sealed,Electronic Components,Electronic Components,16.46,10,EUR,Electronic Components
PO-101019-3,Trelleborg Sealing,Bearing assembly M12,MRO,MRO - Maintenance Supplies,124.17,2,EUR,MRO - Maintenance Supplies
PO-102706-3,Mahle GmbH,PRESSURE SENSOR UNIT V2,,Electronic Components,55.09,200,EUR,Electronic Components
PO-100555-1,Haldex AB,Hydarulic hose fitting HD,maintenance,MRO - Maintenance Supplies,49.23,20,EUR,MRO - Maintenance Supplies
PO-100861-6,Faiveley Transport,Monitor 27in 24V,IT & Office Equipment,IT & Office Equipment,224.12,10,EUR,IT & Office Equipment
PO-101884-7,Voith Turbo,misc / Steel sheet X5Cr,raw materials/steel,Raw Materials - Steel,379.62,20,EUR,Raw Materials - Steel
PO-100334-4,Elringklinger AG,sealing gasket sheet nbr-70,Raw Materials - Rubber,Raw Materials - Rubber,15.46,20,EUR,Raw Materials - Rubber
PO-100637-6,Haldex AB,Forged steel bilelt NBR-70,raw materials/steel,Raw Materials - Steel,587.88,50,EUR,Raw Materials - Steel
PO-102663-2,Mahle GmbH,Stretch wrap film v2 roll,,Packaging & Logistics,20.16,5,EUR,Packaging & Logistics
PO-103820-4,Trelleborg Sealing,Sealing gasket sheet S235,Raw Materials - Rubber,Raw Materials - Rubber,25.53,1,EUR,Raw Materials - Rubber
PO-101650-4,Continental AG,Wooden pallet EUR standard,Packaging & Logistics,Packaging & Logistics,10.09,100,EUR,Packaging & Logistics
PO-102533-5,ZF Friedrichshafen,Protectiv efoam sheet 230V,packaging/logistics,Packaging & Logistics,10.24,1,EUR,Packaging & Logistics
PO-103940-5,SKF Group,Hydrauilc hose ,MRO - Maintenance Supplies,MRO - Maintenance Supplies,31.22,20,EUR,MRO - Maintenance Supplies
PO-102231-4,Continental AG,Forged steel billet S235,raw materials/steel,Raw Materials - Steel,430.93,5,EUR,Raw Materials - Steel
PO-101008-6,Wabco Holdings,Corrugated shipping crtae Type-A,,Packaging & Logistics,35.37,2,EUR,Packaging & Logistics
PO-103168-3,Continental AG,PCB assembly co,Electronic Components,Electronic Components,120.23,1,EUR,Electronic Components
PO-100214-3,Wabco Holdings,pcb assembly std,Electronic Components,Electronic Components,161.91,10,EUR,Electronic Components
PO-102988-5,SKF Group,Steel sheet DC01 1.5mm,Raw Materials - Steel,Raw Materials - Steel,272.62,10,EUR,Raw Materials - Steel
PO-103972-2,Haldex AB,Sealing gaskets heet X5CrNi,rubber,Raw Materials - Rubber,24.93,2,EUR,Raw Materials - Rubber
PO-101657-4,Faiveley Transport,Laptop Rev.B business grade,IT & Office Equipment,IT & Office Equipment,1310.17,1,EUR,IT & Office Equipment
PO-103853-2,Schaeffler Technologies,EPDM rubber seal stock 60Sh-A,RAW MAT-RUBBER,Raw Materials - Rubber,47.37,50,EUR,Raw Materials - Rubber
PO-102304-7,Trelleborg Sealing,Vulcanized rubber block 60Sh-A,rubber,Raw Materials - Rubber,26.19,10,EUR,Raw Materials - Rubber
PO-102043-5,Continental AG,Laptop Type-A business grade,IT & Office,IT & Office Equipment,896.86,50,EUR,IT & Office Equipment
PO-101778-6,Elringklinger AG,Steel coil hot-rolled 42CrMo4,RAW MAT-STEEL,Raw Materials - Steel,352.66,1,EUR,Raw Materials - Steel
PO-100720-5,Faiveley Transport,Sealing gasket sheet 70Sh-A,Raw Materials - Rubber,Raw Materials - Rubber,13.72,200,EUR,Raw Materials - Rubber
PO-100383-4,Trelleborg Sealing,MONITOR 27IN V2,IT & Office Equipment,IT & Office Equipment,228.45,2,EUR,IT & Office Equipment
PO-101158-2,Bosch Rexroth,Rubber compound DC01 sheet,Raw Materials - Rubber,Raw Materials - Rubber,21.67,100,EUR,Raw Materials - Rubber
PO-103187-1,Haldex AB,steel coilh ot-rolled 42crmo4,RAW MAT-STEEL,Raw Materials - Steel,441.85,200,EUR,Raw Materials - Steel
PO-103229-1,Elringklinger AG,PO item: Steel coil hot-rolled DC01,raw materials/steel,Raw Materials - Steel,227.02,5,EUR,Raw Materials - Steel
PO-102518-4,Elringklinger AG,STEEL SHEET 70SH-A 4.0MM,Raw Materials - Steel,Raw Materials - Steel,194.06,200,EUR,Raw Materials - Steel
PO-102319-1,SKF Group,Steel sheet DC01 6.0mm,Steel,Raw Materials - Steel,213.58,5,EUR,Raw Materials - Steel
PO-100918-7,SKF Group,Office chair ergonomic Rev.B,it/office,IT & Office Equipment,127.5,5,EUR,IT & Office Equipment
PO-103505-4,Voith Turbo,connector assembly hd sealed,Elec. Components,Electronic Components,83.13,1,EUR,Electronic Components
PO-102621-2,Voith Turbo,Vulcanize drubber block S235,Raw Materials - Rubber,Raw Materials - Rubber,60.56,50,EUR,Raw Materials - Rubber
PO-101017-1,Mahle GmbH,PO item: Steel sheet 70Sh-A 8.0mm,Steel,Raw Materials - Steel,364.79,20,EUR,Raw Materials - Steel
PO-103052-6,Bilstein GmbH,Stretch wrap film M12 roll,Pack & Log,Packaging & Logistics,32.28,5,EUR,Packaging & Logistics
PO-104047-7,Wabco Holdings,Seal kit connector housing v3,MRO,MRO - Maintenance Supplies,46.03,2,EUR,MRO - Maintenance Supplies
PO-103752-6,Schaeffler Technologies,Pressure sensor unit v2,Electronic Components,Electronic Components,38.74,2,EUR,Electronic Components
PO-102442-5,Freudenberg Sealing,office chair ergonomic hd,IT & Office Equipment,IT & Office Equipment,129.39,5,EUR,IT & Office Equipment
PO-100140-6,Wabco Holdings,EPDM rubber seal stock 70Sh-A,Raw Materials - Rubber,Raw Materials - Rubber,40.54,2,EUR,Raw Materials - Rubber
PO-103503-2,Trelleborg Sealing,Vulcanized rubber block DC01,RAW MAT-RUBBER,Raw Materials - Rubber,38.96,100,EUR,Raw Materials - Rubber
PO-101894-3,Bosch Rexroth,Corrugateds hipping crate Rev.B,Packaging & Logistics,Packaging & Logistics,23.29,5,EUR,Packaging & Logistics
PO-102582-5,Freudenberg Sealing,Hydraulic hose fitting 24V,MRO/Maint,MRO - Maintenance Supplies,23.2,10,EUR,MRO - Maintenance Supplies
PO-100065-1,Bilstein GmbH,Vulcanized rubber block NBR-70,,Raw Materials - Rubber,46.81,1,EUR,Raw Materials - Rubber
PO-102581-4,Elringklinger AG,Protective foam sheet compact,PACKAGING,Packaging & Logistics,10.19,50,EUR,Packaging & Logistics
PO-100877-1,Bilstein GmbH,PCB assembly v3,electronics,Electronic Components,184.98,20,EUR,Electronic Components
PO-101976-1,Hella GmbH,Monitor 27in Typ,IT & Office Equipment,IT & Office Equipment,218.28,5,EUR,IT & Office Equipment
PO-102668-7,Haldex AB,Hydraulic hose fitting HD,MRO - Maintenance Supplies,MRO - Maintenance Supplies,45.32,2,EUR,MRO - Maintenance Supplies
PO-102009-6,Bilstein GmbH,Forged steel billet ,Raw Materials - Steel,Raw Materials - Steel,484.48,100,EUR,Raw Materials - Steel
PO-101901-3,Mahle GmbH,Wooden pallet EUR stan,Packaging & Logistics,Packaging & Logistics,16.14,50,EUR,Packaging & Logistics
PO-102620-1,Mahle GmbH,EPDM rubber seal stock NBR-70,RAW MAT-RUBBER,Raw Materials - Rubber,33.45,2,EUR,Raw Materials - Rubber
PO-101812-5,Freudenberg Sealing,Monitor 27in Type-A,IT & Office Equipment,IT & Office Equipment,149.79,200,EUR,IT & Office Equipment
PO-101843-1,ZF Friedrichshafen,Protective foam sheet 230V,PACKAGING,Packaging & Logistics,12.99,100,EUR,Packaging & Logistics
PO-103502-1,Wabco Holdings,Pressure sensor unit compact,Electronic Components,Electronic Components,143.13,1,EUR,Electronic Components
PO-101738-1,Voith Turbo,Wiring harness connector compact,Electronic Components,Electronic Components,48.84,20,EUR,Electronic Components
PO-103528-6,Bilstein GmbH,STEEL SHEET 42CRMO4 3.0MM,Steel,Raw Materials - Steel,340.44,5,EUR,Raw Materials - Steel
PO-101215-3,Mahle GmbH,Protective foam sheet v3,,Packaging & Logistics,21.18,2,EUR,Packaging & Logistics
PO-101868-5,Continental AG,Wiring harness connector compact,electronics,Electronic Components,82.77,10,EUR,Electronic Components
PO-101455-5,Continental AG,Protective foam she,Packaging & Logistics,Packaging & Logistics,25.81,5,EUR,Packaging & Logistics
PO-101544-3,Schaeffler Technologies,Stretch wra pfilm,PACKAGING,Packaging & Logistics,27.74,2,EUR,Packaging & Logistics
PO-101739-2,Wabco Holdings,Steel sheet 70Sh-A 6.0mm,raw materials/steel,Raw Materials - Steel,221.85,100,EUR,Raw Materials - Steel
PO-102058-6,Haldex AB,Rubber compound S355 sheet,Raw Materials - Rubber,Raw Materials - Rubber,42.14,200,EUR,Raw Materials - Rubber
PO-103733-1,Schaeffler Technologies,Protective foam sheet v2,Packaging & Logistics,Packaging & Logistics,21.65,50,EUR,Packaging & Logistics
PO-101856-7,Freudenberg Sealing,order ref pending - Steel coil hot-rolled S355,Raw Materials - Steel,Raw Materials - Steel,216.26,20,EUR,Raw Materials - Steel
PO-104026-7,Trelleborg Sealing,misc / PCB assembl,ELEC COMP,Electronic Components,96.15,100,EUR,Electronic Components
PO-100647-2,Bosch Rexroth,PO item: Vulcanized rubber block 60Sh-A,Raw Materials - Rubber,Raw Materials - Rubber,64.17,20,EUR,Raw Materials - Rubber
PO-102801-7,Trelleborg Sealing,protective foam sheet m12,PACKAGING,Packaging & Logistics,22.3,50,EUR,Packaging & Logistics
PO-103934-6,ZF Friedrichshafen,Pressure sensor unit v2,Electronic Components,Electronic Components,138.45,10,EUR,Electronic Components
PO-101578-2,Continental AG,Wooden pallet EUR stan,Packaging & Logistics,Packaging & Logistics,9.58,10,EUR,Packaging & Logistics
PO-100485-1,Bosch Rexroth,HYDRAULIC HOSE FITTING HD,,MRO - Maintenance Supplies,41.65,1,EUR,MRO - Maintenance Supplies
PO-102499-6,SKF Group,Pressure sensor unit M12,electronics,Electronic Components,204.6,20,EUR,Electronic Components
PO-101686-5,Wabco Holdings,SEALING GASKET SHEET S355,rubber,Raw Materials - Rubber,23.05,50,EUR,Raw Materials - Rubber
PO-101652-6,Bosch Rexroth,EPDM RUBBER SEAL S,Raw Materials - Rubber,Raw Materials - Rubber,41.17,50,EUR,Raw Materials - Rubber
PO-101545-4,Voith Turbo,Pressure sensor unit M12,Electronic Components,Electronic Components,78.99,50,EUR,Electronic Components
PO-100556-2,Haldex AB,bearing assembly 230v,MRO,MRO - Maintenance Supplies,208.01,5,EUR,MRO - Maintenance Supplies
PO-100289-1,Faiveley Transport,Stretch wrap film HD roll,packaging/logistics,Packaging & Logistics,27.87,200,EUR,Packaging & Logistics
PO-103121-5,Hella GmbH,EPDM rubber seal stock X5CrNi,RAW MAT-RUBBER,Raw Materials - Rubber,51.24,50,EUR,Raw Materials - Rubber
PO-101551-3,SKF Group,Rubber compound DC01 sheet,Raw Materials - Rubber,Raw Materials - Rubber,29.76,100,EUR,Raw Materials - Rubber
PO-102379-5,Bilstein GmbH,misc / PROTECTIVE FOAM SHEET M12,Packaging & Logistics,Packaging & Logistics,20.51,100,EUR,Packaging & Logistics
PO-103809-7,Trelleborg Sealing,SEAL KIT CONNECTOR HOUSING V2,MRO,MRO - Maintenance Supplies,22.85,20,EUR,MRO - Maintenance Supplies
PO-103406-3,Freudenberg Sealing,Rubber compound X,RAW MAT-RUBBER,Raw Materials - Rubber,21.12,2,EUR,Raw Materials - Rubber
PO-102321-3,Elringklinger AG,EPDM rubber seal stock 70Sh-A,rubber,Raw Materials - Rubber,58.38,100,EUR,Raw Materials - Rubber
PO-104027-1,Bilstein GmbH,order ref pending - Hydraulic hose fitting std,MRO - Maintenance Supplies,MRO - Maintenance Supplies,20.73,10,EUR,MRO - Maintenance Supplies
PO-101729-6,Bilstein GmbH,EPDM rubber seal sotck DC01,Raw Mat. Rubber,Raw Materials - Rubber,19.96,1,EUR,Raw Materials - Rubber
PO-102770-4,Mahle GmbH,Hydraulic hose fitting 23,,MRO - Maintenance Supplies,50.71,2,EUR,MRO - Maintenance Supplies
PO-103664-2,Wabco Holdings,Bearing assembyl std,MRO,MRO - Maintenance Supplies,102.0,100,EUR,MRO - Maintenance Supplies
PO-102960-5,Faiveley Transport,oCnnector assembly v2 sealed,ELEC COMP,Electronic Components,16.87,50,EUR,Electronic Components
PO-102139-3,Bilstein GmbH,Steel coil hot-rolled 60hS-A,Raw Materials - Steel,Raw Materials - Steel,347.4,5,EUR,Raw Materials - Steel
PO-100913-2,Trelleborg Sealing,Seal kit connector ohusing std,maintenance,MRO - Maintenance Supplies,60.35,5,EUR,MRO - Maintenance Supplies
PO-104167-1,Trelleborg Sealing,office chair ergonomic std,IT & Office,IT & Office Equipment,223.19,100,EUR,IT & Office Equipment
PO-102093-6,Elringklinger AG,EPDM rubber seal stock 60Sh-A,rubber,Raw Materials - Rubber,26.06,1,EUR,Raw Materials - Rubber
PO-100062-5,Faiveley Transport,Office chair ergonomic Rev.B,,IT & Office Equipment,285.04,200,EUR,IT & Office Equipment
PO-104024-5,Wabco Holdings,Seal kit connector housing M12,MRO - Maintenance Supplies,MRO - Maintenance Supplies,43.25,2,EUR,MRO - Maintenance Supplies
PO-100487-3,SKF Group,Connector assembly 230V sealed,Electronic Components,Electronic Components,71.48,1,EUR,Electronic Components
PO-103928-7,Continental AG,Forged steel billet 42CrMo4,Raw Materials - Steel,Raw Materials - Steel,820.74,10,EUR,Raw Materials - Steel
PO-102111-3,Haldex AB,connector assembly t,Electronic Components,Electronic Components,66.49,2,EUR,Electronic Components
PO-102945-4,Continental AG,WIRING HARNESS CONNECTOR M12,Electronic Components,Electronic Components,74.13,10,EUR,Electronic Components
PO-100428-7,Schaeffler Technologies,Wiring harness conn,Electronic Components,Electronic Components,30.7,2,EUR,Electronic Components
PO-103758-5,Schaeffler Technologies,Rubber compound 60Sh- Asheet,RAW MAT-RUBBER,Raw Materials - Rubber,42.16,50,EUR,Raw Materials - Rubber
PO-100183-7,SKF Group,Sealing gasket sheet 70Sh-A,Raw Materials - Rubber,Raw Materials - Rubber,11.61,100,EUR,Raw Materials - Rubber
PO-101997-1,ZF Friedrichshafen,Wiring harness conn,Electronic Components,Electronic Components,82.17,50,EUR,Electronic Components
PO-101268-7,Freudenberg Sealing,EPDM rubbers eal stock 70Sh-A,,Raw Materials - Rubber,52.53,50,EUR,Raw Materials - Rubber
PO-101816-2,Voith Turbo,Seal kit connector housing Typ-eA,MRO - Maintenance Supplies,MRO - Maintenance Supplies,44.8,100,EUR,MRO - Maintenance Supplies
PO-101345-7,Freudenberg Sealing,FORGED STEEL BILLET S235,RAW MAT-STEEL,Raw Materials - Steel,439.07,10,EUR,Raw Materials - Steel
PO-101627-2,Faiveley Transport,Hydraulic hose fittin,MRO,MRO - Maintenance Supplies,42.46,2,EUR,MRO - Maintenance Supplies
PO-103334-1,Mahle GmbH,laptop m12 business grade,IT & Office Equipment,IT & Office Equipment,1032.42,50,EUR,IT & Office Equipment
PO-100804-5,ZF Friedrichshafen,Connector assembly compact sealed,Electronic Components,Electronic Components,81.03,2,EUR,Electronic Components
PO-103661-6,Faiveley Transport,Pressure sensor unit v2,,Electronic Components,209.33,20,EUR,Electronic Components
PO-101530-3,Elringklinger AG,PCB assembly Rev.B,Electronic Components,Electronic Components,79.4,5,EUR,Electronic Components
PO-100405-5,Elringklinger AG,corrugated shipping crate std,Packaging & Logistics,Packaging & Logistics,21.53,5,EUR,Packaging & Logistics
PO-102879-1,Wabco Holdings,EPD Mrubber seal stock 42CrMo4,Raw Materials - Rubber,Raw Materials - Rubber,50.74,2,EUR,Raw Materials - Rubber
PO-102298-1,Elringklinger AG,Hydraulic hose fitting ,MRO - Maintenance Supplies,MRO - Maintenance Supplies,14.26,50,EUR,MRO - Maintenance Supplies
PO-103744-5,Wabco Holdings,STRETCH WRAP FILM 230V ROLL,PACKAGING,Packaging & Logistics,22.28,10,EUR,Packaging & Logistics
PO-101271-3,Freudenberg Sealing,Connector assembly Rev.B sealed,,Electronic Components,61.07,10,EUR,Electronic Components
PO-102580-3,Trelleborg Sealing,Steel sheet 70Sh-A 8.0mm,Raw Materials - Steel,Raw Materials - Steel,374.01,100,EUR,Raw Materials - Steel
PO-100310-1,Elringklinger AG,Protective foam sheet HD,,Packaging & Logistics,20.75,200,EUR,Packaging & Logistics
PO-102636-3,Haldex AB,EDPM rubber seal stock DC01,Raw Materials - Rubber,Raw Materials - Rubber,47.69,20,EUR,Raw Materials - Rubber
PO-101321-4,ZF Friedrichshafen,Steel coil hot-rolled X5CrNi,Steel,Raw Materials - Steel,235.36,5,EUR,Raw Materials - Steel
PO-101184-7,Bosch Rexroth,Monitor 27in M12,IT & Office Equipment,IT & Office Equipment,265.08,200,EUR,IT & Office Equipment
PO-103669-7,Faiveley Transport,Wiring harness connector Type-A,Electronic Components,Electronic Components,40.3,100,EUR,Electronic Components
PO-103612-6,SKF Group,Seal kit connector housing M12,MRO - Maintenance Supplies,MRO - Maintenance Supplies,66.56,50,EUR,MRO - Maintenance Supplies
PO-101024-1,ZF Friedrichshafen,Forged steel billet 70Sh-A,RAW MAT-STEEL,Raw Materials - Steel,852.79,2,EUR,Raw Materials - Steel
PO-101183-6,Bosch Rexroth,SEAL KIT CONNECTOR HOUSING STD,MRO - Maintenance Supplies,MRO - Maintenance Supplies,15.77,20,EUR,MRO - Maintenance Supplies
PO-101092-6,SKF Group,order ref pending - Stretch wrap film HD roll,Pack & Log,Packaging & Logistics,21.59,10,EUR,Packaging & Logistics
PO-102838-2,Continental AG,Stretch wrap film M12 roll,Packaging & Logistics,Packaging & Logistics,33.19,200,EUR,Packaging & Logistics
PO-102016-6,Hella GmbH,Steel coil hot-rolled X5CrNi,Raw Materials - Steel,Raw Materials - Steel,398.96,20,EUR,Raw Materials - Steel
PO-103318-6,SKF Group,Bearing assembly compact,MRO - Maintenance Supplies,MRO - Maintenance Supplies,192.46,20,EUR,MRO - Maintenance Supplies
PO-100615-5,ZF Friedrichshafen,Connector assembly 24V sealed,Electronic Components,Electronic Components,58.35,2,EUR,Electronic Components
PO-103354-7,Trelleborg Sealing,Laptop HD business grade,IT & Office Equipment,IT & Office Equipment,1235.17,1,EUR,IT & Office Equipment
PO-104163-4,Bosch Rexroth,Laptop Rev.B business grade,it/office,IT & Office Equipment,1309.1,200,EUR,IT & Office Equipment
PO-102288-5,Continental AG,Forged steel billet 70Sh-A,RAW MAT-STEEL,Raw Materials - Steel,732.5,100,EUR,Raw Materials - Steel
PO-101456-6,Hella GmbH,Pressure sensor unit std,electronics,Electronic Components,157.35,2,EUR,Electronic Components
PO-100447-5,Faiveley Transport,EPDM rubber seal stock 60Sh-A,Raw Materials - Rubber,Raw Materials - Rubber,56.92,50,EUR,Raw Materials - Rubber
PO-100663-4,Haldex AB,WOODEN PALLET EUR STANDARD,Packaging & Logistics,Packaging & Logistics,12.15,5,EUR,Packaging & Logistics
PO-102338-6,Wabco Holdings,uRbber compound 42CrMo4 sheet,Raw Materials - Rubber,Raw Materials - Rubber,31.15,1,EUR,Raw Materials - Rubber
PO-101013-4,ZF Friedrichshafen,hydraulic hose fitting compact,MRO - Maintenance Supplies,MRO - Maintenance Supplies,20.18,20,EUR,MRO - Maintenance Supplies
PO-100384-5,Mahle GmbH,Laptop 24V business grade,it/office,IT & Office Equipment,1143.55,1,EUR,IT & Office Equipment
PO-100327-4,Haldex AB,Sealing gasket sheet DC01,Raw Materials - Rubber,Raw Materials - Rubber,38.18,1,EUR,Raw Materials - Rubber
PO-103217-3,Bosch Rexroth,bearing assembly v3,maintenance,MRO - Maintenance Supplies,239.4,200,EUR,MRO - Maintenance Supplies
PO-101046-2,Haldex AB,Vulcanized rubber block 60Sh-A,Raw Materials - Rubber,Raw Materials - Rubber,52.43,20,EUR,Raw Materials - Rubber
PO-100076-5,Continental AG,Sealing gasket sheet NBR-70,Raw Materials - Rubber,Raw Materials - Rubber,39.34,100,EUR,Raw Materials - Rubber
PO-102777-4,Faiveley Transport,Wooden pallet EUR standard,PACKAGING,Packaging & Logistics,13.77,20,EUR,Packaging & Logistics
PO-102243-2,Wabco Holdings,Seal kit connector housing std,MRO - Maintenance Supplies,MRO - Maintenance Supplies,48.11,200,EUR,MRO - Maintenance Supplies
PO-101132-4,SKF Group,order ref pending - Industrial lubricant Rev.B 20L drum,MRO - Maintenance Supplies,MRO - Maintenance Supplies,155.32,100,EUR,MRO - Maintenance Supplies
PO-103702-5,Voith Turbo,Wiring harness connector Type-A,ELEC COMP,Electronic Components,37.11,1,EUR,Electronic Components
PO-100691-4,Mahle GmbH,corrugated shipping crate compact,Packaging & Logistics,Packaging & Logistics,24.85,200,EUR,Packaging & Logistics
PO-102593-2,Schaeffler Technologies,Steel sheet DC01 4.m0,Raw Materials - Steel,Raw Materials - Steel,242.97,200,EUR,Raw Materials - Steel
PO-100979-5,Faiveley Transport,Wiring harness connector M12,Electronic Components,Electronic Components,9.7,100,EUR,Electronic Components
PO-100933-1,Bosch Rexroth,EPDM rubber seal st,Raw Materials - Rubber,Raw Materials - Rubber,46.76,50,EUR,Raw Materials - Rubber
PO-100370-5,Freudenberg Sealing,Monitor 27in compact,IT & Office Equipment,IT & Office Equipment,221.5,200,EUR,IT & Office Equipment
PO-104214-4,Bilstein GmbH,Monitor 27in Type-A ,it/office,IT & Office Equipment,309.14,200,EUR,IT & Office Equipment
PO-103298-7,Wabco Holdings,Monitor 27in Rev.B,IT EQUIP,IT & Office Equipment,263.85,100,EUR,IT & Office Equipment
PO-103927-6,Bosch Rexroth,pcb assembly 24v,Elec. Components,Electronic Components,56.67,200,EUR,Electronic Components
PO-100074-3,Bosch Rexroth,Protective foam sheet ,Packaging & Logistics,Packaging & Logistics,13.41,20,EUR,Packaging & Logistics
PO-103412-2,Haldex AB,Corrugated shipping crate v2,Packaging & Logistics,Packaging & Logistics,47.58,100,EUR,Packaging & Logistics
PO-102947-6,Hella GmbH,Wooden pallet EUR standard,Packaging & Logistics,Packaging & Logistics,8.06,2,EUR,Packaging & Logistics
PO-103182-3,Voith Turbo,Sealing gasket sh,Raw Materials - Rubber,Raw Materials - Rubber,13.16,2,EUR,Raw Materials - Rubber
PO-103284-7,Elringklinger AG,Sealing gasket sheet 60Sh-A,RAW MAT-RUBBER,Raw Materials - Rubber,24.83,200,EUR,Raw Materials - Rubber
PO-103524-2,SKF Group,Corrugated shipping crate v2,Packaging & Logistics,Packaging & Logistics,16.16,50,EUR,Packaging & Logistics
PO-103898-5,ZF Friedrichshafen,Forged steel billet S355,Steel,Raw Materials - Steel,690.15,200,EUR,Raw Materials - Steel
PO-104154-2,Continental AG,Protective foam sheet Rev.B,Packaging & Logistics,Packaging & Logistics,19.8,2,EUR,Packaging & Logistics
PO-100433-5,Haldex AB,PO item: Office chair ergonomic Rev.B,IT & Office Equipment,IT & Office Equipment,354.86,1,EUR,IT & Office Equipment
PO-104122-5,Faiveley Transport,Protective foam shee,packaging/logistics,Packaging & Logistics,10.13,100,EUR,Packaging & Logistics
PO-101864-1,Freudenberg Sealing,Wirign harness connector HD,Electronic Components,Electronic Components,56.3,10,EUR,Electronic Components
PO-101309-6,Continental AG,Protective foam sheet v2,Packaging & Logistics,Packaging & Logistics,10.63,50,EUR,Packaging & Logistics
PO-101274-6,Wabco Holdings,Vulcanized rubber block 70Sh-A,,Raw Materials - Rubber,62.26,50,EUR,Raw Materials - Rubber
PO-103077-3,SKF Group,Industrial lubricant 230V 20L drum,MRO - Maintenance Supplies,MRO - Maintenance Supplies,88.96,1,EUR,MRO - Maintenance Supplies
PO-100271-4,ZF Friedrichshafen,Bearing assembly std,MRO,MRO - Maintenance Supplies,41.62,50,EUR,MRO - Maintenance Supplies
PO-103467-1,Bilstein GmbH,PROTECTIVE FOAM SHEET 24V,Packaging & Logistics,Packaging & Logistics,20.92,2,EUR,Packaging & Logistics
PO-100897-7,Mahle GmbH,misc / Office chair ergonomic v3,IT & Office Equipment,IT & Office Equipment,260.84,5,EUR,IT & Office Equipment
PO-102013-3,Freudenberg Sealing,Hydraulic hose fitting Rev.B,MRO - Maintenance Supplies,MRO - Maintenance Supplies,41.47,10,EUR,MRO - Maintenance Supplies
PO-103317-5,Faiveley Transport,VULCANIZED RUBBER BLOCK S235,Raw Mat. Rubber,Raw Materials - Rubber,42.52,20,EUR,Raw Materials - Rubber
PO-103901-1,SKF Group,Wooden pallet EUR standard,PACKAGING,Packaging & Logistics,21.9,2,EUR,Packaging & Logistics
PO-100179-3,Wabco Holdings,Stretch wrap film std,PACKAGING,Packaging & Logistics,27.73,2,EUR,Packaging & Logistics
PO-103576-5,Bilstein GmbH,VULCANIZED RUBBER BLOCK 42CRMO4,RAW MAT-RUBBER,Raw Materials - Rubber,38.06,1,EUR,Raw Materials - Rubber
PO-100926-1,Trelleborg Sealing,Laptop 230V business grade,IT & Office Equipment,IT & Office Equipment,1298.73,20,EUR,IT & Office Equipment
PO-103025-7,Trelleborg Sealing,Bearing assembly std,maintenance,MRO - Maintenance Supplies,156.56,2,EUR,MRO - Maintenance Supplies
PO-100489-5,Bilstein GmbH,Pressure sensor unit M12,Electronic Components,Electronic Components,244.24,50,EUR,Electronic Components
PO-100385-6,Voith Turbo,pcb assemb,ELEC COMP,Electronic Components,128.85,5,EUR,Electronic Components
PO-103213-6,Elringklinger AG,monitor 27in re,IT & Office,IT & Office Equipment,199.4,1,EUR,IT & Office Equipment
PO-102748-3,Voith Turbo,Office chair ergonomic Rev.B,it/office,IT & Office Equipment,314.55,50,EUR,IT & Office Equipment
PO-100353-2,Continental AG,Stretch wrap film Type-A roll,Pack & Log,Packaging & Logistics,23.56,100,EUR,Packaging & Logistics
PO-101941-1,Hella GmbH,PRESSURE SENSOR UNIT COMPACT,Electronic Components,Electronic Components,77.14,100,EUR,Electronic Components
PO-101582-6,Wabco Holdings,Monitor 27in M12,IT & Office Equipment,IT & Office Equipment,263.25,50,EUR,IT & Office Equipment
PO-100365-7,Schaeffler Technologies,wiring harness connector m12,ELEC COMP,Electronic Components,20.05,200,EUR,Electronic Components
PO-102282-6,Continental AG,PCB assembly Rev.B,Electronic Components,Electronic Components,43.18,10,EUR,Electronic Components
PO-102690-1,Voith Turbo,Laptop Type-A business grade,IT & Office Equipment,IT & Office Equipment,1183.13,10,EUR,IT & Office Equipment
PO-103132-2,Voith Turbo,Corrugated shipping crate std,PACKAGING,Packaging & Logistics,15.11,100,EUR,Packaging & Logistics
PO-103613-7,Haldex AB,Seal kit connector housing 24V,MRO - Maintenance Supplies,MRO - Maintenance Supplies,18.47,1,EUR,MRO - Maintenance Supplies
PO-100770-6,Schaeffler Technologies,Protective foam sheet Type-A,Packaging & Logistics,Packaging & Logistics,26.1,200,EUR,Packaging & Logistics
PO-102388-7,Continental AG,PO item: Wooden pallet EUR standard,Packaging & Logistics,Packaging & Logistics,13.21,5,EUR,Packaging & Logistics
PO-102035-4,SKF Group,Sealing gasket sheet 42CrMo4,Raw Materials - Rubber,Raw Materials - Rubber,13.33,1,EUR,Raw Materials - Rubber
PO-103481-1,Schaeffler Technologies,Sealing gasket sheet 42CrMo4,RAW MAT-RUBBER,Raw Materials - Rubber,12.13,50,EUR,Raw Materials - Rubber
PO-101182-5,Continental AG,WIRING HARNESS CONNECTOR V2,electronics,Electronic Components,57.22,10,EUR,Electronic Components
PO-100859-4,Hella GmbH,order ref pending - Steel sheet X5CrNi 2.0mm,Steel,Raw Materials - Steel,186.24,50,EUR,Raw Materials - Steel
PO-102073-7,SKF Group,MONITOR 27IN COMPA,it/office,IT & Office Equipment,289.9,200,EUR,IT & Office Equipment
PO-101813-6,SKF Group,Laptop compact business grade,IT EQUIP,IT & Office Equipment,960.67,2,EUR,IT & Office Equipment
PO-101855-6,Haldex AB,Stretch wrap film M12 roll,PACKAGING,Packaging & Logistics,19.22,10,EUR,Packaging & Logistics
PO-103719-1,Hella GmbH,Monitor 27in HD,it/office,IT & Office Equipment,248.09,100,EUR,IT & Office Equipment
PO-101805-5,Bosch Rexroth,Bearing assembly std,maintenance,MRO - Maintenance Supplies,49.65,20,EUR,MRO - Maintenance Supplies
PO-103100-5,Bilstein GmbH,Protective foam sheet M12,Packaging & Logistics,Packaging & Logistics,23.64,200,EUR,Packaging & Logistics
PO-104103-7,Bilstein GmbH,PCB assembly v3,ELEC COMP,Electronic Components,79.05,1,EUR,Electronic Components
PO-102782-2,Wabco Holdings,PO item: Corrugated shipping crate 24V,Packaging & Logistics,Packaging & Logistics,40.87,2,EUR,Packaging & Logistics
PO-100984-3,Mahle GmbH,Wiring harness connector 2v,electronics,Electronic Components,35.7,200,EUR,Electronic Components
PO-102238-4,Bosch Rexroth,rubber compound s235 sheet,rubber,Raw Materials - Rubber,43.99,200,EUR,Raw Materials - Rubber
PO-102284-1,Continental AG,Laptop v3 business grade,IT & Office Equipment,IT & Office Equipment,919.45,100,EUR,IT & Office Equipment
PO-103801-6,SKF Group,Bearing assembly compact,MRO - Maintenance Supplies,MRO - Maintenance Supplies,241.36,20,EUR,MRO - Maintenance Supplies
PO-103867-2,Wabco Holdings,PO item: bearing assembly 230v,MRO - Maintenance Supplies,MRO - Maintenance Supplies,59.62,1,EUR,MRO - Maintenance Supplies
PO-101426-4,Bosch Rexroth,Connector assembly v2 sealed,Elec. Components,Electronic Components,50.78,50,EUR,Electronic Components
PO-102121-6,Faiveley Transport,Steel sheet S235 6.0mm,Raw Materials - Steel,Raw Materials - Steel,198.36,20,EUR,Raw Materials - Steel
PO-102077-4,Trelleborg Sealing,order ref pending - Stretch wrap film 230Vr oll,packaging/logistics,Packaging & Logistics,15.76,50,EUR,Packaging & Logistics
PO-100161-6,Continental AG,Sealing gasket sheet S235,rubber,Raw Materials - Rubber,26.76,20,EUR,Raw Materials - Rubber
PO-100397-4,Bilstein GmbH,Connector assembly M12 sealed,electronics,Electronic Components,81.9,2,EUR,Electronic Components
PO-102528-7,Faiveley Transport,Seal kit connector housing 24V,MRO,MRO - Maintenance Supplies,35.17,2,EUR,MRO - Maintenance Supplies
PO-101188-4,Faiveley Transport,Lpatop Rev.B business grade,IT & Office Equipment,IT & Office Equipment,799.25,200,EUR,IT & Office Equipment
PO-103386-4,SKF Group,Steel coil hot-rolled 60Sh-A,Raw Materials - Steel,Raw Materials - Steel,442.94,200,EUR,Raw Materials - Steel
PO-103256-7,Bosch Rexroth,Office chair ergonomic compact,IT & Office Equipment,IT & Office Equipment,120.84,50,EUR,IT & Office Equipment
PO-102566-3,Trelleborg Sealing,FORGED STEEL BILLET 70SH-A,Steel,Raw Materials - Steel,881.64,1,EUR,Raw Materials - Steel
PO-101662-2,ZF Friedrichshafen,STEEL COIL HOT-ROLLED DC01,Raw Materials - Steel,Raw Materials - Steel,425.76,20,EUR,Raw Materials - Steel
PO-101509-3,Continental AG,Monitor 27in Type-A,IT & Office Equipment,IT & Office Equipment,311.69,50,EUR,IT & Office Equipment
PO-101885-1,Elringklinger AG,order ref pending - Office chair ergonomic M12,IT & Office Equipment,IT & Office Equipment,182.71,10,EUR,IT & Office Equipment
PO-102261-6,Elringklinger AG,order ref pending - Corrugated shipping crate HD,packaging/logistics,Packaging & Logistics,38.26,2,EUR,Packaging & Logistics
PO-100242-3,Continental AG,Office chair ergonomic 24V,IT & Office Equipment,IT & Office Equipment,202.91,10,EUR,IT & Office Equipment
PO-102191-6,Bosch Rexroth,Steel sheet 60Sh,Raw Materials - Steel,Raw Materials - Steel,198.13,5,EUR,Raw Materials - Steel
PO-101433-4,Schaeffler Technologies,VULCANIZEDR UBBER BLOCK S235,Raw Materials - Rubber,Raw Materials - Rubber,54.88,100,EUR,Raw Materials - Rubber
PO-102635-2,Schaeffler Technologies,Protective foam sheet compact,PACKAGING,Packaging & Logistics,12.46,5,EUR,Packaging & Logistics
PO-100045-2,SKF Group,Steel ocil hot-rolled DC01,raw materials/steel,Raw Materials - Steel,246.98,2,EUR,Raw Materials - Steel
PO-103851-7,ZF Friedrichshafen,Seal kit connector housing std,MRO/Maint,MRO - Maintenance Supplies,26.96,50,EUR,MRO - Maintenance Supplies
PO-103581-3,Bosch Rexroth,Vulcanized rubber block 60Sh-A,Raw Materials - Rubber,Raw Materials - Rubber,27.99,50,EUR,Raw Materials - Rubber
PO-102166-2,Elringklinger AG,Connector assembly M12,Electronic Components,Electronic Components,32.6,2,EUR,Electronic Components
PO-101406-5,Continental AG,connector assembly m12 sealed,electronics,Electronic Components,78.11,100,EUR,Electronic Components
PO-101386-6,Hella GmbH,Wiring harness connector v2,Electronic Components,Electronic Components,67.95,100,EUR,Electronic Components
PO-100628-4,Trelleborg Sealing,Bearing assembly v3,MRO - Maintenance Supplies,MRO - Maintenance Supplies,89.07,10,EUR,MRO - Maintenance Supplies
PO-102349-3,Faiveley Transport,Forged steel billet DC01,Raw Materials - Steel,Raw Materials - Steel,383.43,10,EUR,Raw Materials - Steel
PO-102924-4,Trelleborg Sealing,Wiring harness connector M12,Electronic Components,Electronic Components,34.47,1,EUR,Electronic Components
PO-101705-3,Faiveley Transport,Vulcanized rubber block S355,Raw Materials - Rubber,Raw Materials - Rubber,54.06,5,EUR,Raw Materials - Rubber
PO-100118-5,Freudenberg Sealing,order ref pending - Pressure sensor unit v3,electronics,Electronic Components,182.41,10,EUR,Electronic Components
PO-100707-6,Mahle GmbH,EPDM rubber seal stock S235,Raw Materials - Rubber,Raw Materials - Rubber,39.48,5,EUR,Raw Materials - Rubber
PO-100695-1,Mahle GmbH,Wiring harness connec,Electronic Components,Electronic Components,84.44,20,EUR,Electronic Components
PO-103064-4,Continental AG,Monitor 27in 24V,IT & Office Equipment,IT & Office Equipment,218.01,100,EUR,IT & Office Equipment
PO-103538-2,ZF Friedrichshafen,Office chair ergonomic v2,,IT & Office Equipment,269.5,1,EUR,IT & Office Equipment
PO-102423-7,Continental AG,Connector assembly Type-A sealed,Electronic Components,Electronic Components,32.43,20,EUR,Electronic Components
PO-101126-5,Elringklinger AG,Seal kit connector housing M12,MRO - Maintenance Supplies,MRO - Maintenance Supplies,34.26,2,EUR,MRO - Maintenance Supplies
PO-103070-3,Bosch Rexroth,Wooden pallet EUR standard,Packaging & Logistics,Packaging & Logistics,18.52,2,EUR,Packaging & Logistics
PO-101026-3,Schaeffler Technologies,PCB assembly Type-A,ELEC COMP,Electronic Components,122.11,100,EUR,Electronic Components
PO-100893-3,Elringklinger AG,CORRUGATED SHIPPIGN CRATE V3,Pack & Log,Packaging & Logistics,32.06,50,EUR,Packaging & Logistics
PO-101770-5,Freudenberg Sealing,laptop v2 business grade,IT & Office Equipment,IT & Office Equipment,1145.91,1,EUR,IT & Office Equipment
PO-103146-2,Voith Turbo,steel coil hot-rolled s235,Raw Materials - Steel,Raw Materials - Steel,440.22,20,EUR,Raw Materials - Steel
PO-104149-4,Schaeffler Technologies,VULCANIZED RUBBER BLOCK 60SH-A,RAW MAT-RUBBER,Raw Materials - Rubber,29.84,1,EUR,Raw Materials - Rubber
PO-103601-2,Bosch Rexroth,Monitor 27in v3,IT & Office Equipment,IT & Office Equipment,223.56,2,EUR,IT & Office Equipment
PO-104032-6,Mahle GmbH,Steel sheet S235 4.0mm,Raw Materials - Steel,Raw Materials - Steel,407.08,20,EUR,Raw Materials - Steel
PO-102864-7,Schaeffler Technologies,PO item: Seal kit connector housing Type-A,,MRO - Maintenance Supplies,49.99,10,EUR,MRO - Maintenance Supplies
PO-101656-3,Hella GmbH,Office chair ergonomic M12,IT & Office Equipment,IT & Office Equipment,309.93,20,EUR,IT & Office Equipment
PO-103446-1,Faiveley Transport,PO item: MONITOR 27IN RE.VB,IT & Office Equipment,IT & Office Equipment,280.94,50,EUR,IT & Office Equipment
PO-104137-6,Faiveley Transport,Seal kit connector housing v3,MRO - Maintenance Supplies,MRO - Maintenance Supplies,43.13,5,EUR,MRO - Maintenance Supplies
PO-102372-5,Haldex AB,Industiral lubrican,MRO/Maint,MRO - Maintenance Supplies,112.37,200,EUR,IT & Office Equipment
PO-101672-5,Voith Turbo,PCB ASSEMBLY M12,Electronic Components,Electronic Components,211.14,50,EUR,Electronic Components
PO-103942-7,Mahle GmbH,steel sheet s235 6.0mm,Raw Materials - Steel,Raw Materials - Steel,293.9,5,EUR,Raw Materials - Steel
PO-102915-2,Freudenberg Sealing,office chair ergonomic hd,IT & Office Equipment,IT & Office Equipment,201.93,10,EUR,IT & Office Equipment
PO-103865-7,Continental AG,Hydraulic hose fitting HD,MRO - Maintenance Supplies,MRO - Maintenance Supplies,21.36,200,EUR,MRO - Maintenance Supplies
PO-100552-5,Voith Turbo,Monitor 27in v3,it/office,IT & Office Equipment,268.4,100,EUR,IT & Office Equipment
PO-102369-2,Bosch Rexroth,Seal kit connector housing 24V,MRO,MRO - Maintenance Supplies,40.31,10,EUR,MRO - Maintenance Supplies
PO-103511-3,Bilstein GmbH,Steel coil hot-rolled 42CrMo4,Raw Materials - Steel,Raw Materials - Steel,277.79,20,EUR,Raw Materials - Steel
PO-103933-5,Trelleborg Sealing,Cnonector assembly 230V sealed,Electronic Components,Electronic Components,89.97,5,EUR,Electronic Components
PO-102637-4,SKF Group,Industrial lubricant 24V 20L drum,MRO - Maintenance Supplies,MRO - Maintenance Supplies,119.49,10,EUR,MRO - Maintenance Supplies
PO-101546-5,Continental AG,Pressure sensor unit M12,Electronic Components,Electronic Components,150.05,100,EUR,Electronic Components
PO-103544-1,Continental AG,Protective foam sheet 230V,Packaging & Logistics,Packaging & Logistics,24.82,20,EUR,Packaging & Logistics
PO-103688-5,Wabco Holdings,Connector assembly std sealed,Electronic Components,Electronic Components,24.8,2,EUR,Electronic Components
PO-101318-1,Bilstein GmbH,PCBa ssembly v2,Electronic Components,Electronic Components,46.62,2,EUR,MRO - Maintenance Supplies
PO-102020-3,Continental AG,Laptop Rev.B business garde,it/office,IT & Office Equipment,701.05,100,EUR,IT & Office Equipment
PO-102397-2,Mahle GmbH,Industrial lubricant v 320L drum,MRO - Maintenance Supplies,MRO - Maintenance Supplies,68.5,20,EUR,MRO - Maintenance Supplies
PO-100092-7,Schaeffler Technologies,Steel sheet 60Sh-A 8.0mm,Raw Materials - Steel,Raw Materials - Steel,314.8,2,EUR,Raw Materials - Steel
PO-100973-6,Elringklinger AG,corrugated shipping cra,,Packaging & Logistics,43.92,200,EUR,Packaging & Logistics
PO-103835-5,Freudenberg Sealing,Pressure sensor unit v2,Electronic Components,Electronic Components,63.49,100,EUR,Electronic Components
PO-101479-1,Schaeffler Technologies,Protetcive foam sheet compact,PACKAGING,Packaging & Logistics,22.26,1,EUR,Packaging & Logistics
PO-100899-2,Schaeffler Technologies,Protective foam sheet,Packaging & Logistics,Packaging & Logistics,18.63,100,EUR,Packaging & Logistics
PO-101247-7,Bilstein GmbH,Forged steel billet 42CrMo4,Raw Materials - Steel,Raw Materials - Steel,492.26,5,EUR,Raw Materials - Steel
PO-101765-7,Voith Turbo,Rubber compound DC01 sheet,Raw Materials - Rubber,Raw Materials - Rubber,32.13,200,EUR,Raw Materials - Rubber
PO-103779-5,Faiveley Transport,Crorugated shipping crate M,PACKAGING,Packaging & Logistics,43.03,200,EUR,Packaging & Logistics
PO-101283-1,ZF Friedrichshafen,Wooden pallet EUR standard,Packaging & Logistics,Packaging & Logistics,18.77,20,EUR,Packaging & Logistics
PO-102762-3,Haldex AB,Laptop M12 business grade,IT & Office Equipment,IT & Office Equipment,1233.48,10,EUR,IT & Office Equipment
PO-102858-1,SKF Group,Steel coil hot-rolled X5CrNi,Steel,Raw Materials - Steel,241.32,1,EUR,Raw Materials - Steel
PO-100357-6,Elringklinger AG,Steel sheet 60Sh-A 2.0mm,RAW MAT-STEEL,Raw Materials - Steel,296.79,20,EUR,Raw Materials - Steel
PO-100532-6,Trelleborg Sealing,PCB assemlby compact,Electronic Components,Electronic Components,122.47,10,EUR,Electronic Components
PO-102365-5,Elringklinger AG,Steel sheet 60Sh-A 3.0mm,Raw Materials - Steel,Raw Materials - Steel,273.99,5,EUR,Raw Materials - Steel
PO-103586-1,Wabco Holdings,PO item: Wiring harness connector v,Elec. Components,Electronic Components,62.25,200,EUR,Electronic Components
PO-100766-2,Hella GmbH,Protective foam sheet v2,Packaging & Logistics,Packaging & Logistics,10.66,2,EUR,Packaging & Logistics
PO-102278-2,Hella GmbH,FORGED STEEL BILLET 42CRMO4,RAW MAT-STEEL,Raw Materials - Steel,652.81,10,EUR,Raw Materials - Steel
PO-104102-6,Faiveley Transport,Vulcanized rubber block 42CrMo4,Raw Materials - Rubber,Raw Materials - Rubber,44.31,20,EUR,Raw Materials - Rubber
PO-100411-4,Elringklinger AG,SEAL KIT CONNECTOR HOUSING TYPE-A,MRO - Maintenance Supplies,MRO - Maintenance Supplies,48.58,1,EUR,MRO - Maintenance Supplies
PO-103899-6,Wabco Holdings,PCB assembly HD,Electronic Components,Electronic Components,83.81,20,EUR,Electronic Components
PO-101574-5,Freudenberg Sealing,CORRUGAETD SHIPPING CRATE 24V,Packaging & Logistics,Packaging & Logistics,40.0,1,EUR,Packaging & Logistics
PO-101473-2,Bilstein GmbH,Vulcanized rubber block X5CrNi,Raw Materials - Rubber,Raw Materials - Rubber,39.43,5,EUR,Raw Materials - Rubber
PO-103812-3,Trelleborg Sealing,Wooden pallet EUR satndard,Packaging & Logistics,Packaging & Logistics,17.09,50,EUR,Packaging & Logistics
PO-100044-1,Continental AG,misc / Bearing assmebly M12,MRO - Maintenance Supplies,MRO - Maintenance Supplies,205.93,10,EUR,MRO - Maintenance Supplies
PO-101591-1,Bosch Rexroth,Steel coil hot-rolled NBR-70,Raw Materials - Steel,Raw Materials - Steel,334.38,200,EUR,Raw Materials - Steel
PO-102525-4,Trelleborg Sealing,PO item: PROTECTIVE FOAM SHEET V3,PACKAGING,Packaging & Logistics,14.91,5,EUR,Packaging & Logistics
PO-103727-2,Continental AG,Vulcanized rubber block S355,Raw Materials - Rubber,Raw Materials - Rubber,38.57,100,EUR,Raw Materials - Rubber
PO-103542-6,SKF Group,Stretch wrap film v3 roll,Packaging & Logistics,Packaging & Logistics,29.52,200,EUR,Packaging & Logistics
PO-100475-5,Freudenberg Sealing,Wooden pallet EUR ,Packaging & Logistics,Packaging & Logistics,13.07,10,EUR,Packaging & Logistics
PO-103570-6,Voith Turbo,vulcanized rubber blocks 235,Raw Materials - Rubber,Raw Materials - Rubber,54.55,1,EUR,Raw Materials - Rubber
PO-100091-6,Bosch Rexroth,Sealing gaske tsheet 70Sh-A,Raw Materials - Rubber,Raw Materials - Rubber,30.6,200,EUR,Raw Materials - Rubber
PO-101779-7,Faiveley Transport,misc / Connector assembly v2 sealed,ELEC COMP,Electronic Components,42.4,100,EUR,Electronic Components
PO-100002-1,Wabco Holdings,EPDM rubber seal stock S355,rubber,Raw Materials - Rubber,52.0,1,EUR,Raw Materials - Rubber
PO-102865-1,Hella GmbH,Office chair ergnoomic std,IT & Office,IT & Office Equipment,122.02,200,EUR,IT & Office Equipment
PO-102481-2,SKF Group,SEAL KIT CONNECTOR HOUSING 230V,MRO - Maintenance Supplies,MRO - Maintenance Supplies,64.81,10,EUR,MRO - Maintenance Supplies
PO-104023-4,Continental AG,wooden pallet eur standard,,Packaging & Logistics,17.99,20,EUR,Packaging & Logistics
PO-101714-5,Elringklinger AG,Forged steel billet DC01,Raw Materials - Steel,Raw Materials - Steel,403.78,5,EUR,Raw Materials - Steel
PO-101285-3,Trelleborg Sealing,Industrial lubricant 24V 20L drum,MRO - Maintenance Supplies,MRO - Maintenance Supplies,72.2,5,EUR,MRO - Maintenance Supplies
PO-101917-5,Hella GmbH,Steel coil hot-rolled S355,Raw Materials - Steel,Raw Materials - Steel,407.96,50,EUR,Raw Materials - Steel
PO-103953-4,SKF Group,Protective foam sheet 230V,PACKAGING,Packaging & Logistics,22.94,5,EUR,Packaging & Logistics
PO-103674-5,Hella GmbH,Forged steel bille,raw materials/steel,Raw Materials - Steel,361.0,100,EUR,Raw Materials - Steel
PO-102652-5,Bosch Rexroth,Connector assembly v2 sealed,electronics,Electronic Components,13.41,2,EUR,Electronic Components
PO-103782-1,ZF Friedrichshafen,Industrial lubricant 203V 20L drum,maintenance,MRO - Maintenance Supplies,67.93,200,EUR,MRO - Maintenance Supplies
PO-102741-3,Continental AG,Seal kit connector housing std,MRO - Maintenance Supplies,MRO - Maintenance Supplies,27.13,10,EUR,MRO - Maintenance Supplies
PO-100639-1,Bilstein GmbH,Rubber compound S2,Raw Materials - Rubber,Raw Materials - Rubber,38.91,20,EUR,Raw Materials - Rubber
PO-102188-3,ZF Friedrichshafen,Laptop M12 business grade,IT & Office Equipment,IT & Office Equipment,1410.56,20,EUR,IT & Office Equipment
PO-103864-6,ZF Friedrichshafen,STEEL COIL HOT-ROLLED X5C,Steel,Raw Materials - Steel,285.08,20,EUR,Raw Materials - Steel
PO-103579-1,Haldex AB,EPDM rubber seal stock S325,Raw Materials - Rubber,Raw Materials - Rubber,34.52,100,EUR,Raw Materials - Rubber
PO-100324-1,Bilstein GmbH,Steel sheet S235 2.0mm,raw materials/steel,Raw Materials - Steel,198.1,1,EUR,Raw Materials - Steel
PO-100955-2,Mahle GmbH,Protective foam sheet compact,Packaging & Logistics,Packaging & Logistics,12.37,20,EUR,Packaging & Logistics
PO-103332-6,Haldex AB,CONNECTOR ASSEMBLY TYPE-A ,electronics,Electronic Components,52.64,50,EUR,Electronic Components
PO-101938-5,Continental AG,Corrugated shipping crate compact,Packaging & Logistics,Packaging & Logistics,45.32,10,EUR,Packaging & Logistics
PO-103440-2,Continental AG,Wooden pallet EUR standard,Packaging & Logistics,Packaging & Logistics,9.3,20,EUR,Packaging & Logistics
PO-100340-3,Voith Turbo,Stretch wrap film 24V roll,Packaging & Logistics,Packaging & Logistics,21.5,200,EUR,Packaging & Logistics
PO-103243-1,Faiveley Transport,LAPTOP TYPE-A BUSINESS GRADE,IT & Office,IT & Office Equipment,729.71,20,EUR,IT & Office Equipment
PO-102315-4,Wabco Holdings,INDUSTRIAL LUBRICANT M12 20L DRUM,MRO,MRO - Maintenance Supplies,123.51,200,EUR,MRO - Maintenance Supplies
PO-101207-2,Bilstein GmbH,Hydraulic hose fitting HD,MRO - Maintenance Supplies,MRO - Maintenance Supplies,23.49,1,EUR,MRO - Maintenance Supplies
PO-103500-6,Elringklinger AG,protective foam sheet v2,PACKAGING,Packaging & Logistics,21.81,2,EUR,Packaging & Logistics
PO-102899-7,Continental AG,Seal kit connector housing 230V,maintenance,MRO - Maintenance Supplies,64.59,50,EUR,MRO - Maintenance Supplies
PO-101646-7,Hella GmbH,Stretch wrap film ,Packaging & Logistics,Packaging & Logistics,14.21,2,EUR,Packaging & Logistics
PO-102749-4,Bilstein GmbH,Stretch wrpa film HD ,packaging/logistics,Packaging & Logistics,26.06,20,EUR,Packaging & Logistics
PO-101481-3,Freudenberg Sealing,Rubber compound X5CrNi sheet,Raw Materials - Rubber,Raw Materials - Rubber,44.58,20,EUR,Raw Materials - Rubber
PO-103183-4,Freudenberg Sealing,PO item: Office chair ergonomic 230V,IT & Office Equipment,IT & Office Equipment,293.13,50,EUR,IT & Office Equipment
PO-100194-4,Trelleborg Sealing,PO item: Protective foam sheet HD,PACKAGING,Packaging & Logistics,21.63,5,EUR,Packaging & Logistics
PO-100274-7,Trelleborg Sealing,Laptop HD business grade,it/office,IT & Office Equipment,936.8,20,EUR,IT & Office Equipment
PO-103359-5,Wabco Holdings,Office chair ergonomic HD,IT EQUIP,IT & Office Equipment,191.56,200,EUR,IT & Office Equipment
PO-102883-5,ZF Friedrichshafen,Steel coil hot-rolled 42CrMo4,Raw Materials - Steel,Raw Materials - Steel,245.2,2,EUR,Raw Materials - Steel
PO-102926-6,Haldex AB,misc / Laptop v2 businses grade,IT & Office Equipment,IT & Office Equipment,843.05,100,EUR,IT & Office Equipment
PO-100937-5,Faiveley Transport,Laptop M12 business,IT & Office Equipment,IT & Office Equipment,770.6,20,EUR,IT & Office Equipment
PO-101023-7,SKF Group,Office chair ergonomic Type-A,it/office,IT & Office Equipment,323.05,5,EUR,IT & Office Equipment
PO-103732-7,Bosch Rexroth,Hydraulic hose fitting 24V,MRO,MRO - Maintenance Supplies,21.59,100,EUR,MRO - Maintenance Supplies
PO-101925-6,SKF Group,PRESSURE SENSOR UNIT REV.B,Elec. Components,Electronic Components,112.82,2,EUR,Electronic Components
PO-100270-3,Elringklinger AG,WOODEN PALLET EUR STANDARD,Packaging & Logistics,Packaging & Logistics,21.2,20,EUR,Packaging & Logistics
PO-100189-6,Voith Turbo,Bearing assembly v3,MRO - Maintenance Supplies,MRO - Maintenance Supplies,140.73,5,EUR,MRO - Maintenance Supplies
PO-101858-2,Trelleborg Sealing,office chair ergonomic v3,IT EQUIP,IT & Office Equipment,324.45,1,EUR,IT & Office Equipment
PO-101324-7,ZF Friedrichshafen,WIRING HARNESS CONNECTOR REV.B,Electronic Components,Electronic Components,48.43,200,EUR,Electronic Components
PO-101147-5,SKF Group,hydraulic hose fitting v2,MRO - Maintenance Supplies,MRO - Maintenance Supplies,15.38,5,EUR,MRO - Maintenance Supplies
PO-103491-4,Freudenberg Sealing,Stretch wrap film Type-A roll,,Packaging & Logistics,15.18,20,EUR,Packaging & Logistics
PO-103189-3,Bosch Rexroth,order ref pending - Monitor 27in v3,IT & Office Equipment,IT & Office Equipment,270.2,2,EUR,IT & Office Equipment
PO-103943-1,Continental AG,Steel hseet DC01 8.0mm,Raw Materials - Steel,Raw Materials - Steel,217.02,5,EUR,Raw Materials - Steel
PO-102524-3,Freudenberg Sealing,Wooden pallet EUR standard,packaging/logistics,Packaging & Logistics,9.33,10,EUR,Packaging & Logistics
PO-103889-3,SKF Group,pcb assembly hd,Electronic Components,Electronic Components,95.52,200,EUR,Electronic Components
PO-101265-4,SKF Group,Office chair ergonomic HD,IT & Office Equipment,IT & Office Equipment,212.51,100,EUR,IT & Office Equipment
PO-103625-5,Elringklinger AG,PCB assembly Type-A,,Electronic Components,86.39,1,EUR,Electronic Components
PO-100448-6,Schaeffler Technologies,STEEL COIL HOT-ROLLED NBR-70,Raw Materials - Steel,Raw Materials - Steel,475.4,20,EUR,Raw Materials - Steel
PO-101222-3,Schaeffler Technologies,CORRUGATED SHIPPING CRATE STD,Packaging & Logistics,Packaging & Logistics,50.98,100,EUR,Packaging & Logistics
PO-101503-4,ZF Friedrichshafen,Wiring harness connector Rev.B,Electronic Components,Electronic Components,11.59,50,EUR,Electronic Components
PO-102075-2,Trelleborg Sealing,MONITOR 27IN COMPACT,IT & Office Equipment,IT & Office Equipment,288.19,200,EUR,IT & Office Equipment
PO-101002-7,Mahle GmbH,PRESSURE SENSOR UNIT 24V,Electronic Components,Electronic Components,269.29,10,EUR,Electronic Components
PO-100359-1,Freudenberg Sealing,Wiring harness connector v2,,Electronic Components,60.24,5,EUR,Electronic Components
PO-102219-6,Freudenberg Sealing,Hydraulic hose fitting v3,MRO/Maint,MRO - Maintenance Supplies,44.54,200,EUR,MRO - Maintenance Supplies
PO-104175-2,Haldex AB,Forged steel billet S355,Raw Materials - Steel,Raw Materials - Steel,755.19,2,EUR,Raw Materials - Steel
PO-100812-6,ZF Friedrichshafen,Laptop v2 business grdae,IT & Office Equipment,IT & Office Equipment,1391.54,2,EUR,IT & Office Equipment
PO-103536-7,Voith Turbo,Wooden pallet EUR standard,Packaging & Logistics,Packaging & Logistics,16.95,5,EUR,Packaging & Logistics
PO-100432-4,Schaeffler Technologies,Laptop Rev.B business grade,IT & Office Equipment,IT & Office Equipment,930.25,50,EUR,IT & Office Equipment
PO-100068-4,Mahle GmbH,Bearing assembly v2,MRO - Maintenance Supplies,MRO - Maintenance Supplies,72.69,200,EUR,MRO - Maintenance Supplies
PO-101310-7,SKF Group,pcb assembly st,electronics,Electronic Components,139.31,10,EUR,Electronic Components
PO-102615-3,Trelleborg Sealing,Pressure sensor unit HD,electronics,Electronic Components,76.95,200,EUR,Electronic Components
PO-102196-4,Haldex AB,Forged steel billet X5CrNi,Steel,Raw Materials - Steel,442.94,10,EUR,Raw Materials - Steel
PO-103663-1,Bosch Rexroth,Hydraulic hose fitting 230V,MRO - Maintenance Supplies,MRO - Maintenance Supplies,17.36,50,EUR,MRO - Maintenance Supplies
PO-101050-6,Bosch Rexroth,Hydraulic hose fitting std,MRO - Maintenance Supplies,MRO - Maintenance Supplies,54.42,10,EUR,MRO - Maintenance Supplies
PO-104148-3,Wabco Holdings,misc / protective foam sheet hd,packaging/logistics,Packaging & Logistics,23.61,5,EUR,Packaging & Logistics
PO-101151-2,Bosch Rexroth,Steel coil hot-rolled 4,Raw Materials - Steel,Raw Materials - Steel,456.94,20,EUR,Raw Materials - Steel
PO-102967-5,Schaeffler Technologies,Steel sheet 42CrMo4 8.0mm,RAW MAT-STEEL,Raw Materials - Steel,290.67,20,EUR,Raw Materials - Steel
PO-103138-1,Voith Turbo,Steel sheet 42CrMo4 3.,Raw Materials - Steel,Raw Materials - Steel,208.07,100,EUR,Raw Materials - Steel
PO-100223-5,Faiveley Transport,misc / EPDM rubber seal stock 70Sh-A,Raw Materials - Rubber,Raw Materials - Rubber,48.66,10,EUR,Raw Materials - Rubber
PO-102012-2,Trelleborg Sealing,misc / Corrugated shipping crate Type-A,Packaging & Logistics,Packaging & Logistics,32.84,5,EUR,Packaging & Logistics
PO-100789-4,Bilstein GmbH,sealing gasket sheet 70sh-a,rubber,Raw Materials - Rubber,33.4,100,EUR,Raw Materials - Rubber
PO-100557-3,Bilstein GmbH,MONITOR 27IN V2,,IT & Office Equipment,224.08,2,EUR,IT & Office Equipment
PO-102260-5,SKF Group,Industrial lubricant v2 20L drum,MRO - Maintenance Supplies,MRO - Maintenance Supplies,107.19,2,EUR,MRO - Maintenance Supplies
PO-102831-2,ZF Friedrichshafen,Office chair ergonomic HD,IT & Office Equipment,IT & Office Equipment,332.58,50,EUR,IT & Office Equipment
PO-103474-1,Faiveley Transport,wooden pallet eur stadnard,PACKAGING,Packaging & Logistics,19.29,5,EUR,Packaging & Logistics
PO-102855-5,Schaeffler Technologies,OFFICE CHAIR ERGONOMIC CO,IT & Office Equipment,IT & Office Equipment,237.57,5,EUR,IT & Office Equipment
PO-103710-6,ZF Friedrichshafen,oCrrugated shipping crate HD,packaging/logistics,Packaging & Logistics,42.81,20,EUR,Packaging & Logistics
PO-100404-4,Haldex AB,Monitor 27in compact,IT EQUIP,IT & Office Equipment,237.6,10,EUR,IT & Office Equipment
PO-101346-1,Freudenberg Sealing,PCB ASSEMBLY 23,Electronic Components,Electronic Components,12.74,10,EUR,Electronic Components
PO-101888-4,Voith Turbo,Corrugated shipping craet 24V,PACKAGING,Packaging & Logistics,18.86,10,EUR,Packaging & Logistics
PO-101387-7,Mahle GmbH,Industrial lubricant compact 20L drum,MRO - Maintenance Supplies,MRO - Maintenance Supplies,103.7,200,EUR,MRO - Maintenance Supplies
PO-103108-6,Wabco Holdings,Steel sheet 70Sh-A 6.0mm,raw materials/steel,Raw Materials - Steel,376.52,50,EUR,Raw Materials - Steel
PO-101518-5,Trelleborg Sealing,Bearing assembly 230V,MRO - Maintenance Supplies,MRO - Maintenance Supplies,193.91,5,EUR,MRO - Maintenance Supplies
PO-102890-5,Continental AG,order ref pending - Wooden pallet EUR standard,Packaging & Logistics,Packaging & Logistics,13.95,20,EUR,Packaging & Logistics
PO-102062-3,Haldex AB,Hydraulic hose fitting compact,MRO - Maintenance Supplies,MRO - Maintenance Supplies,34.48,1,EUR,MRO - Maintenance Supplies
PO-103267-4,Voith Turbo,Laptop 230V business grade,it/office,IT & Office Equipment,1109.17,20,EUR,IT & Office Equipment
PO-103005-1,Hella GmbH,Protective foam sheet Type-A,Packaging & Logistics,Packaging & Logistics,27.03,10,EUR,Packaging & Logistics
PO-100196-6,Bosch Rexroth,misc / Seal kit connector housing HD,MRO - Maintenance Supplies,MRO - Maintenance Supplies,32.2,50,EUR,MRO - Maintenance Supplies
PO-102154-4,Mahle GmbH,Connector assembly 230V sealed,electronics,Electronic Components,84.85,5,EUR,Electronic Components
PO-101438-2,Bilstein GmbH,misc / EPDM rubber seal stoc,RAW MAT-RUBBER,Raw Materials - Rubber,31.0,1,EUR,Raw Materials - Rubber
PO-102595-4,Trelleborg Sealing,Wiring harness connector 24V,Electronic Components,Electronic Components,69.38,5,EUR,Electronic Components
PO-101424-2,SKF Group,Wiring harness connector v3,Electronic Components,Electronic Components,41.99,5,EUR,Electronic Components
PO-101311-1,Mahle GmbH,Industrial lubricnat compact 20L drum,MRO - Maintenance Supplies,MRO - Maintenance Supplies,137.2,2,EUR,MRO - Maintenance Supplies
PO-102800-6,Schaeffler Technologies,SEALING GASEKT SHEET 42CRMO4,RAW MAT-RUBBER,Raw Materials - Rubber,25.58,5,EUR,Raw Materials - Rubber
PO-100923-5,Voith Turbo,Steel sheet S235 3.0mm,Raw Materials - Steel,Raw Materials - Steel,333.11,200,EUR,Raw Materials - Steel
PO-104090-1,Bilstein GmbH,Office chair ergonomic HD,IT & Office,IT & Office Equipment,371.52,2,EUR,IT & Office Equipment
PO-104158-6,Voith Turbo,PROTECTIVE FOAM SHEET HD,Packaging & Logistics,Packaging & Logistics,13.56,1,EUR,Packaging & Logistics
PO-103990-6,Wabco Holdings,protective foam sheet std,Packaging & Logistics,Packaging & Logistics,11.55,10,EUR,Packaging & Logistics
PO-102412-3,Faiveley Transport,Steel sheet DC0,raw materials/steel,Raw Materials - Steel,320.16,50,EUR,Raw Materials - Steel
PO-101617-6,Wabco Holdings,PCB assembly HD,ELEC COMP,Electronic Components,196.31,1,EUR,Electronic Components
PO-100526-7,Wabco Holdings,Rubber compound 60Sh-A sheet,RAW MAT-RUBBER,Raw Materials - Rubber,22.58,1,EUR,Raw Materials - Rubber
PO-100230-5,Schaeffler Technologies,Pressure sensor unit HD,Electronic Components,Electronic Components,244.13,10,EUR,Electronic Components
PO-101169-6,ZF Friedrichshafen,Wiring harness connec,Electronic Components,Electronic Components,17.4,20,EUR,Electronic Components
PO-100350-6,Wabco Holdings,Forged steel billet 70Sh-A,Raw Materials - Steel,Raw Materials - Steel,450.53,10,EUR,Raw Materials - Steel
PO-102368-1,Faiveley Transport,Forged steel billet 70Sh-A,Raw Materials - Steel,Raw Materials - Steel,466.74,50,EUR,Raw Materials - Steel
PO-103525-3,SKF Group,seal kit connector housing v2,MRO - Maintenance Supplies,MRO - Maintenance Supplies,19.72,20,EUR,MRO - Maintenance Supplies
PO-103645-4,Elringklinger AG,Seal kit connector housing 230V,MRO/Maint,MRO - Maintenance Supplies,33.8,1,EUR,MRO - Maintenance Supplies
PO-101235-2,Voith Turbo,EPDM rubber seal stock NBR-70,Raw Materials - Rubber,Raw Materials - Rubber,56.9,1,EUR,Raw Materials - Rubber
PO-100845-4,Schaeffler Technologies,Monitor 27in Type-A,IT & Office Equipment,IT & Office Equipment,293.62,2,EUR,IT & Office Equipment
PO-102563-7,SKF Group,Office chair ergonomi,IT EQUIP,IT & Office Equipment,224.58,1,EUR,IT & Office Equipment
PO-100882-6,Elringklinger AG,Rbuber compound X5CrNi sheet,rubber,Raw Materials - Rubber,18.44,200,EUR,Raw Materials - Rubber
PO-102553-4,Faiveley Transport,Pressure sensor unit 24V,Electronic Components,Electronic Components,286.65,1,EUR,Electronic Components
PO-102903-4,Bilstein GmbH,Connector assembly M12 sealed,Electronic Components,Electronic Components,19.77,2,EUR,Electronic Components
PO-102492-6,SKF Group,epdm rubber seal stock dc01,rubber,Raw Materials - Rubber,47.28,5,EUR,Raw Materials - Rubber
PO-103279-2,Continental AG,Steel coil hot-rolled NBR-70,Raw Materials - Steel,Raw Materials - Steel,223.36,1,EUR,Raw Materials - Steel
PO-101099-6,Wabco Holdings,corrugated shipping crate hd,Packaging & Logistics,Packaging & Logistics,22.33,5,EUR,Packaging & Logistics
PO-102639-6,Bilstein GmbH,seal kit connector housing v2,MRO - Maintenance Supplies,MRO - Maintenance Supplies,39.78,100,EUR,MRO - Maintenance Supplies
PO-100667-1,Freudenberg Sealing,epdm rubber seal stock s235,RAW MAT-RUBBER,Raw Materials - Rubber,28.46,20,EUR,Raw Materials - Rubber
PO-101562-7,Trelleborg Sealing,PO item: INDUSTRIAL LUBRICANT COMPACT 20L DRUM,MRO - Maintenance Supplies,MRO - Maintenance Supplies,120.7,5,EUR,MRO - Maintenance Supplies
PO-103630-3,Bilstein GmbH,Vulcanized rubber block DC01,Raw Mat. Rubber,Raw Materials - Rubber,35.25,50,EUR,Raw Materials - Rubber
PO-100503-5,Bosch Rexroth,Connector assmebly v3 sealed,Electronic Components,Electronic Components,55.47,5,EUR,Electronic Components
PO-100354-3,SKF Group,Sealing gasket sheet 2S35,Raw Materials - Rubber,Raw Materials - Rubber,20.85,20,EUR,Raw Materials - Rubber
PO-102452-1,Haldex AB,Bearing assembly 24V,maintenance,MRO - Maintenance Supplies,113.71,1,EUR,MRO - Maintenance Supplies
PO-101440-4,SKF Group,CONNECTOR ASSEMBLY V2 SEALED,electronics,Electronic Components,87.82,50,EUR,Electronic Components
PO-100078-7,Bilstein GmbH,MONITOR 27I,IT & Office Equipment,IT & Office Equipment,214.79,10,EUR,IT & Office Equipment
PO-100147-6,SKF Group,Monitor 27in Rev.B,IT & Office,IT & Office Equipment,312.2,200,EUR,IT & Office Equipment
PO-100207-3,Trelleborg Sealing,Forged steel billet S235,raw materials/steel,Raw Materials - Steel,585.49,5,EUR,Raw Materials - Steel
PO-102669-1,Trelleborg Sealing,protective foam sheet compact,Packaging & Logistics,Packaging & Logistics,21.46,100,EUR,Packaging & Logistics
PO-100174-5,Bosch Rexroth,Industrial lubricant Rev.B 20L drum,MRO - Maintenance Supplies,MRO - Maintenance Supplies,83.54,10,EUR,MRO - Maintenance Supplies
PO-100322-6,Elringklinger AG,connector assembly hd sealed,Electronic Components,Electronic Components,34.15,100,EUR,Electronic Components
PO-103633-6,Schaeffler Technologies,RUBBER COMPOUND 60SH-A SHEET,Raw Materials - Rubber,Raw Materials - Rubber,42.12,5,EUR,Raw Materials - Rubber
PO-101727-4,Mahle GmbH,Office chair ergonomic Rev.B,IT & Office Equipment,IT & Office Equipment,133.68,50,EUR,IT & Office Equipment
PO-102208-2,SKF Group,Stretch wrap film 24V roll,Packaging & Logistics,Packaging & Logistics,30.58,200,EUR,Packaging & Logistics
PO-101892-1,ZF Friedrichshafen,protective foam she,Packaging & Logistics,Packaging & Logistics,10.82,5,EUR,Packaging & Logistics
PO-101512-6,Continental AG,Connector assembly std sealed,Electronic Components,Electronic Components,28.87,50,EUR,Electronic Components
PO-101659-6,Trelleborg Sealing,Connector assembly M12 sealed,ELEC COMP,Electronic Components,17.23,200,EUR,Electronic Components
PO-102023-6,Elringklinger AG,Monitor 27in Rev.B,,IT & Office Equipment,272.26,20,EUR,IT & Office Equipment
PO-101929-3,Schaeffler Technologies,LAPTOP TSD BUSINESS GRADE,IT & Office,IT & Office Equipment,1168.63,100,EUR,IT & Office Equipment
PO-100486-2,Faiveley Transport,HYDRAULIC HOSE FITTING REV.B,MRO - Maintenance Supplies,MRO - Maintenance Supplies,50.2,50,EUR,MRO - Maintenance Supplies
PO-101131-3,Voith Turbo,PO item: Hydraulic hose fitting compact,MRO - Maintenance Supplies,MRO - Maintenance Supplies,25.3,200,EUR,MRO - Maintenance Supplies
PO-101403-2,Voith Turbo,Vulcanized rubber block 42CrMo4,RAW MAT-RUBBER,Raw Materials - Rubber,61.88,50,EUR,Raw Materials - Rubber
PO-100474-4,Bilstein GmbH,Hydraulic hose fitting Rev.B,maintenance,MRO - Maintenance Supplies,11.69,5,EUR,MRO - Maintenance Supplies
PO-103253-4,Hella GmbH,Sealing gasket sheet NBR-70,Raw Materials - Rubber,Raw Materials - Rubber,34.75,2,EUR,Raw Materials - Rubber
PO-101350-5,Schaeffler Technologies,Steel sheet 42C,Raw Materials - Steel,Raw Materials - Steel,209.43,10,EUR,Raw Materials - Steel
PO-101101-1,Bosch Rexroth,STEEL COIL HOT-RLOLED 42CRMO4,Raw Materials - Steel,Raw Materials - Steel,339.07,2,EUR,Raw Materials - Steel
PO-103436-5,Mahle GmbH,order ref pending - Vulcanized rubber block S355,Raw Materials - Rubber,Raw Materials - Rubber,62.51,20,EUR,Raw Materials - Rubber
PO-104160-1,Hella GmbH,order ref pending - Hydraulic hose fittign 24V,,MRO - Maintenance Supplies,19.55,1,EUR,MRO - Maintenance Supplies
PO-100579-4,Wabco Holdings,epdm rubber seal stock s355,rubber,Raw Materials - Rubber,59.73,50,EUR,Raw Materials - Rubber
PO-102631-5,Faiveley Transport,Forged steel billet NBR-70,RAW MAT-STEEL,Raw Materials - Steel,573.56,200,EUR,Raw Materials - Steel
PO-100674-1,ZF Friedrichshafen,hydraulic hose fitting type-a,MRO - Maintenance Supplies,MRO - Maintenance Supplies,39.0,100,EUR,MRO - Maintenance Supplies
PO-101752-1,Wabco Holdings,Sealing gaske tsheet S235,Raw Materials - Rubber,Raw Materials - Rubber,15.15,20,EUR,Raw Materials - Rubber
PO-104118-1,Continental AG,rubber compound s355,Raw Materials - Rubber,Raw Materials - Rubber,28.88,200,EUR,Raw Materials - Rubber
PO-100915-4,Hella GmbH,connector assembly 230v sealed,Electronic Components,Electronic Components,72.54,1,EUR,Electronic Components
PO-100914-3,Mahle GmbH,Protective foam sheet std,packaging/logistics,Packaging & Logistics,15.95,200,EUR,Packaging & Logistics
PO-102826-4,Bilstein GmbH,Pressure sensor,Electronic Components,Electronic Components,172.56,50,EUR,Electronic Components
PO-102221-1,Schaeffler Technologies,Sealing gasket sheet S235,Raw Materials - Rubber,Raw Materials - Rubber,27.91,5,EUR,Raw Materials - Rubber
PO-102807-6,SKF Group,Seal kit connector housing Type-A,MRO,MRO - Maintenance Supplies,53.21,100,EUR,MRO - Maintenance Supplies
PO-104133-2,Trelleborg Sealing,connector assembly hd sealed,electronics,Electronic Components,86.99,1,EUR,Electronic Components
PO-103660-5,Faiveley Transport,Wooden pallet EUR standard,packaging/logistics,Packaging & Logistics,19.5,5,EUR,Packaging & Logistics
PO-100604-1,ZF Friedrichshafen,Steel sheet X5CrNi 6.0mm,Raw Materials - Steel,Raw Materials - Steel,244.63,50,EUR,Raw Materials - Steel
PO-103712-1,Voith Turbo,Steel sheet DC01 8.0mm,Raw Materials - Steel,Raw Materials - Steel,366.9,2,EUR,Raw Materials - Steel
PO-100781-3,Elringklinger AG,Monitor 27in std,IT EQUIP,IT & Office Equipment,290.7,2,EUR,IT & Office Equipment
PO-100731-2,SKF Group,Monitor 27in HD,IT & Office Equipment,IT & Office Equipment,182.89,20,EUR,IT & Office Equipment
PO-104210-7,Continental AG,Hydraulic hose iftting M12 ,MRO - Maintenance Supplies,MRO - Maintenance Supplies,41.79,5,EUR,MRO - Maintenance Supplies
PO-100985-4,Wabco Holdings,EPDM rubber seal stock 70Sh-A,Raw Materials - Rubber,Raw Materials - Rubber,43.35,1,EUR,Raw Materials - Rubber
PO-104043-3,Voith Turbo,Steel sheet 42CrMo4 8.0mm,Raw Materials - Steel,Raw Materials - Steel,371.57,10,EUR,Raw Materials - Steel
PO-100071-7,ZF Friedrichshafen,Sealing gasket sheet DC01,,Raw Materials - Rubber,35.55,100,EUR,Raw Materials - Rubber
PO-100400-7,Continental AG,Laptop compact business grade,IT & Office Equipment,IT & Office Equipment,884.0,100,EUR,IT & Office Equipment
PO-102004-1,Voith Turbo,Sealing gasket sheetS 235,rubber,Raw Materials - Rubber,19.61,100,EUR,Raw Materials - Rubber
PO-104073-5,Haldex AB,Vulcanized rubber block 70Sh-A,Raw Materials - Rubber,Raw Materials - Rubber,47.48,200,EUR,Raw Materials - Rubber
PO-102092-5,Faiveley Transport,Corrugated shipping crate Rev.B,PACKAGING,Packaging & Logistics,42.0,5,EUR,Packaging & Logistics
PO-101833-5,Bilstein GmbH,MONITOR 27IN V3,IT & Office Equipment,IT & Office Equipment,270.2,50,EUR,IT & Office Equipment
PO-100784-6,Voith Turbo,Pressure sensor unit std,Electronic Components,Electronic Components,36.14,100,EUR,Electronic Components
PO-103434-3,Hella GmbH,PCB assembl ystd,Elec. Components,Electronic Components,106.67,5,EUR,Electronic Components
PO-101817-3,Haldex AB,Steel sheet DC01 2.0mm,Raw Materials - Steel,Raw Materials - Steel,270.25,5,EUR,Raw Materials - Steel
PO-103905-5,Hella GmbH,Corrugated shipping craet compact,Packaging & Logistics,Packaging & Logistics,26.33,1,EUR,Packaging & Logistics
PO-100450-1,Elringklinger AG,PCB assembly M12,Electronic Components,Electronic Components,70.46,5,EUR,Electronic Components
PO-100056-6,Freudenberg Sealing,wooden apllet eur standard,packaging/logistics,Packaging & Logistics,16.35,10,EUR,Packaging & Logistics
PO-100021-6,Freudenberg Sealing,Wooden pallet EUR ,Packaging & Logistics,Packaging & Logistics,16.32,2,EUR,Packaging & Logistics
PO-100072-1,Voith Turbo,Monitor 27in 24V,,IT & Office Equipment,274.42,100,EUR,IT & Office Equipment
PO-100035-6,Trelleborg Sealing,PO item: Hydraulic hose fitting R,MRO - Maintenance Supplies,MRO - Maintenance Supplies,23.97,10,EUR,MRO - Maintenance Supplies
PO-101250-3,Mahle GmbH,VULCANIZED RUBBER BLOCK 60SH-A,Raw Materials - Rubber,Raw Materials - Rubber,42.56,100,EUR,Raw Materials - Rubber
PO-102069-3,Haldex AB,misc / pcb assembly std,Electronic Components,Electronic Components,44.11,5,EUR,Electronic Components
PO-100680-7,Wabco Holdings,PCB assemlby v3,electronics,Electronic Components,205.61,200,EUR,Electronic Components
PO-103394-5,Elringklinger AG,Bearing sasembly T,MRO - Maintenance Supplies,MRO - Maintenance Supplies,212.18,2,EUR,MRO - Maintenance Supplies
PO-100492-1,Continental AG,Rubber compuond 42CrMo4 sheet,Raw Materials - Rubber,Raw Materials - Rubber,21.62,2,EUR,Raw Materials - Rubber
PO-103451-6,SKF Group,PO item: Idnustrial lubricant Type,MRO/Maint,MRO - Maintenance Supplies,80.38,50,EUR,MRO - Maintenance Supplies
PO-101687-6,Mahle GmbH,SEAL KIT CONNECTOR HOUSING REV.B,MRO - Maintenance Supplies,MRO - Maintenance Supplies,41.0,2,EUR,MRO - Maintenance Supplies
PO-101042-5,Bosch Rexroth,Industrial lubricant 24V 20L drum,MRO/Maint,MRO - Maintenance Supplies,130.81,5,EUR,MRO - Maintenance Supplies
PO-102704-1,Trelleborg Sealing,Industrial lubricant M12 20L rd,MRO,MRO - Maintenance Supplies,172.04,200,EUR,MRO - Maintenance Supplies
PO-104182-2,Elringklinger AG,WOODEN PALLET EUR STANDARD,Packaging & Logistics,Packaging & Logistics,8.07,20,EUR,Packaging & Logistics
PO-101625-7,Bilstein GmbH,VULCANIZED RUBBER BLOCK S235,Raw Materials - Rubber,Raw Materials - Rubber,54.06,10,EUR,Raw Materials - Rubber
PO-103585-7,Wabco Holdings,Pressure senso,electronics,Electronic Components,64.67,100,EUR,Electronic Components
PO-103006-2,SKF Group,Bearing assembly Type-A,MRO - Maintenance Supplies,MRO - Maintenance Supplies,202.22,1,EUR,MRO - Maintenance Supplies
PO-101703-1,Freudenberg Sealing,order ref pending - Steel coil hot-rolled X5CrNi,Raw Materials - Steel,Raw Materials - Steel,403.99,50,EUR,Raw Materials - Steel
PO-103951-2,Mahle GmbH,tSeel sheet 70Sh-A 2.0mm,raw materials/steel,Raw Materials - Steel,333.44,1,EUR,Raw Materials - Steel
PO-101563-1,Freudenberg Sealing,EPDM rubber seal stock S235,Raw Materials - Rubber,Raw Materials - Rubber,48.59,2,EUR,Raw Materials - Rubber
PO-101228-2,Trelleborg Sealing,EPDM rubber seal ,Raw Mat. Rubber,Raw Materials - Rubber,42.72,200,EUR,Raw Materials - Rubber
PO-101767-2,Wabco Holdings,Steel coil hot-rolled NBR-70,Raw Materials - Steel,Raw Materials - Steel,435.31,5,EUR,Raw Materials - Steel
PO-101286-4,SKF Group,Steel sheet 60Sh-A 6.0mm,Raw Materials - Steel,Raw Materials - Steel,270.24,10,EUR,Raw Materials - Steel
PO-102604-6,Freudenberg Sealing,WOODEN PALLET EUR STANDARD,Packaging & Logistics,Packaging & Logistics,17.22,100,EUR,Packaging & Logistics
PO-101054-3,Faiveley Transport,Office chair ergonomic std,,IT & Office Equipment,333.95,10,EUR,IT & Office Equipment
PO-102493-7,ZF Friedrichshafen,Corrugated shipping crate Rev.B,packaging/logistics,Packaging & Logistics,16.59,10,EUR,Packaging & Logistics
PO-103063-3,SKF Group,PO item: Steel coil hot-rolled S355,raw materials/steel,Raw Materials - Steel,275.96,20,EUR,Raw Materials - Steel
PO-103475-2,Haldex AB,Sealing gasket sheet S235,rubber,Raw Materials - Rubber,16.53,100,EUR,Raw Materials - Rubber
PO-103995-4,Freudenberg Sealing,Wiring harness connector Type-A,Elec. Components,Electronic Components,51.44,100,EUR,Electronic Components
PO-101128-7,Freudenberg Sealing,Office chair ergonom,IT EQUIP,IT & Office Equipment,226.76,1,EUR,IT & Office Equipment
PO-100633-2,Continental AG,Laptop 230V business grade,IT & Office,IT & Office Equipment,1153.57,20,EUR,IT & Office Equipment
PO-101432-3,Mahle GmbH,Corrugated shipping crate HD,,Packaging & Logistics,47.97,5,EUR,Packaging & Logistics
PO-102754-2,Faiveley Transport,Pressure sensor unit M12,Electronic Components,Electronic Components,107.75,10,EUR,Electronic Components
PO-103039-7,SKF Group,Seal kit connector housing v2,MRO - Maintenance Supplies,MRO - Maintenance Supplies,53.18,50,EUR,MRO - Maintenance Supplies
PO-102830-1,Wabco Holdings,Office chair ergonomic HD,IT & Office Equipment,IT & Office Equipment,363.95,2,EUR,IT & Office Equipment
PO-100250-4,Hella GmbH,Corrugated hsipping crate M12,Packaging & Logistics,Packaging & Logistics,58.34,50,EUR,Packaging & Logistics
PO-103407-4,Bosch Rexroth,PCB assembly 230V,Electronic Components,Electronic Components,200.0,10,EUR,Electronic Components
PO-100519-7,Trelleborg Sealing,forged steel billet 70sh-a,Raw Materials - Steel,Raw Materials - Steel,722.09,2,EUR,Raw Materials - Steel
PO-100817-4,Trelleborg Sealing,Laptop HD busine,IT & Office Equipment,IT & Office Equipment,1029.68,50,EUR,IT & Office Equipment
PO-101614-3,ZF Friedrichshafen,Rubber compound 42CrMo4 sheet,RAW MAT-RUBBER,Raw Materials - Rubber,20.69,20,EUR,Raw Materials - Rubber
PO-102939-5,Voith Turbo,Steel sheet DC01 6.0mm,Raw Materials - Steel,Raw Materials - Steel,359.56,50,EUR,Raw Materials - Steel
PO-101394-7,Voith Turbo,office chair ergonomic erv.b,it/office,IT & Office Equipment,257.48,10,EUR,IT & Office Equipment
PO-101251-4,Bosch Rexroth,Wiring harness connector Rev.B,ELEC COMP,Electronic Components,29.98,1,EUR,Electronic Components
PO-102821-6,Hella GmbH,EPDM rubber seal stock S355,Raw Mat. Rubber,Raw Materials - Rubber,31.88,5,EUR,Raw Materials - Rubber
PO-100630-6,Bosch Rexroth,Hydraulic hose fitting v2,MRO - Maintenance Supplies,MRO - Maintenance Supplies,25.29,10,EUR,MRO - Maintenance Supplies
PO-103463-4,Voith Turbo,Industrial lubricant Type-A 20L drum,maintenance,MRO - Maintenance Supplies,73.97,50,EUR,MRO - Maintenance Supplies
PO-101427-5,Bilstein GmbH,PCB assembly v3,Electronic Components,Electronic Components,63.51,200,EUR,Electronic Components
PO-100978-4,Mahle GmbH,Vulcanized rubber block NBR-70,Raw Materials - Rubber,Raw Materials - Rubber,62.55,50,EUR,Raw Materials - Rubber
PO-100082-4,Haldex AB,Steel sehet S355 3.0mm,RAW MAT-STEEL,Raw Materials - Steel,269.04,100,EUR,Raw Materials - Steel
PO-102944-3,Bilstein GmbH,Laptop v2 business grade,IT & Office Equipment,IT & Office Equipment,736.12,10,EUR,IT & Office Equipment
PO-100497-6,Schaeffler Technologies,steel sheet 60sh-a 2.0mm,RAW MAT-STEEL,Raw Materials - Steel,414.14,50,EUR,Raw Materials - Steel
PO-103722-4,Mahle GmbH,EPDM rubber seal stock 60Sh-A,rubber,Raw Materials - Rubber,28.86,10,EUR,Raw Materials - Rubber
PO-101905-7,Faiveley Transport,PO item: Vulcanized rubber block 60Sh-A,Raw Materials - Rubber,Raw Materials - Rubber,57.88,5,EUR,Raw Materials - Rubber
PO-100749-6,Elringklinger AG,PO item: FORGED STEEL BILLET NBR-70,Raw Materials - Steel,Raw Materials - Steel,710.72,50,EUR,Raw Materials - Steel
PO-100159-4,Trelleborg Sealing,Stretch wrap film 24V roll,Packaging & Logistics,Packaging & Logistics,29.36,2,EUR,Packaging & Logistics
PO-101760-2,Trelleborg Sealing,Forged steel billet DC01,Raw Materials - Steel,Raw Materials - Steel,606.81,20,EUR,Raw Materials - Steel
PO-104000-2,Haldex AB,Forged steel billet 60Sh-A,Raw Materials - Steel,Raw Materials - Steel,862.5,10,EUR,Raw Materials - Steel
PO-101496-4,Schaeffler Technologies,Corrugated shipping crate M12,Packaging & Logistics,Packaging & Logistics,53.68,100,EUR,Packaging & Logistics
PO-102059-7,Haldex AB,Vulcanized rubber block 70Sh-A,Raw Materials - Rubber,Raw Materials - Rubber,25.29,50,EUR,Raw Materials - Rubber
PO-102579-2,Freudenberg Sealing,Wiring harness connector v3,Electronic Components,Electronic Components,21.61,200,EUR,Electronic Components
PO-102175-4,Elringklinger AG,Steel coil hot-rolled S355,Raw Materials - Steel,Raw Materials - Steel,280.57,20,EUR,Raw Materials - Steel
PO-102110-2,Wabco Holdings,Industrial lburicant compact 20L drum,MRO,MRO - Maintenance Supplies,141.6,10,EUR,MRO - Maintenance Supplies
PO-101651-5,SKF Group,Stretch wrap film M12 roll,Packaging & Logistics,Packaging & Logistics,26.65,10,EUR,Packaging & Logistics
PO-100239-7,Faiveley Transport,SEALING GASKET SHEET DC01,Raw Materials - Rubber,Raw Materials - Rubber,34.65,100,EUR,Raw Materials - Rubber
PO-101328-4,Haldex AB,laptop hd business grade,IT & Office Equipment,IT & Office Equipment,1239.69,200,EUR,IT & Office Equipment
PO-101716-7,Haldex AB,rPotective foam sheet compact,Packaging & Logistics,Packaging & Logistics,24.36,10,EUR,Packaging & Logistics
PO-101607-3,Bilstein GmbH,PCB ASSEMBLY STD,Electronic Components,Electronic Components,176.56,200,EUR,Electronic Components
PO-102970-1,ZF Friedrichshafen,Steel sheet NBR-70 4.,raw materials/steel,Raw Materials - Steel,322.3,5,EUR,Raw Materials - Steel
PO-103611-5,Elringklinger AG,Rubber compound DC01 she,Raw Mat. Rubber,Raw Materials - Rubber,39.26,5,EUR,Raw Materials - Rubber
PO-100785-7,Voith Turbo,Steel sheet 70Sh-A 8.0mm,Raw Materials - Steel,Raw Materials - Steel,313.38,100,EUR,Raw Materials - Steel
PO-103832-2,SKF Group,Hydrauli chose fitting 230V,MRO/Maint,MRO - Maintenance Supplies,48.72,100,EUR,MRO - Maintenance Supplies
PO-100499-1,Freudenberg Sealing,Rubber compound 42CrMo4 sheet,rubber,Raw Materials - Rubber,33.16,10,EUR,Raw Materials - Rubber
PO-100409-2,Voith Turbo,Rubber compound 60Sh-A sheet,Raw Mat. Rubber,Raw Materials - Rubber,14.18,200,EUR,Raw Materials - Rubber
PO-102515-1,Continental AG,Pressure sensor unit HD,Electronic Components,Electronic Components,143.64,50,EUR,Electronic Components
PO-102316-5,Schaeffler Technologies,misc / hydrualic hose fitting hd,MRO - Maintenance Supplies,MRO - Maintenance Supplies,16.13,5,EUR,MRO - Maintenance Supplies
PO-101444-1,Wabco Holdings,MONITOR 27IN V2,,IT & Office Equipment,312.33,10,EUR,IT & Office Equipment
PO-101908-3,Bosch Rexroth,Connector assembly ,Electronic Components,Electronic Components,93.15,20,EUR,Electronic Components
PO-101080-1,Freudenberg Sealing,Steel sheet S355 6.0,Raw Materials - Steel,Raw Materials - Steel,209.27,5,EUR,Raw Materials - Steel
PO-100743-7,Hella GmbH,CORRUGATED SHIPPING CRATE 320V,packaging/logistics,Packaging & Logistics,16.97,10,EUR,Packaging & Logistics
PO-102198-6,Freudenberg Sealing,Monitor 27in compact,IT & Office Equipment,IT & Office Equipment,207.17,200,EUR,IT & Office Equipment
PO-101926-7,Continental AG,Bearing assembly compact,MRO,MRO - Maintenance Supplies,46.74,2,EUR,MRO - Maintenance Supplies
PO-101172-2,Bosch Rexroth,PO item: Office chair ergonomic,IT & Office Equipment,IT & Office Equipment,170.57,10,EUR,IT & Office Equipment
PO-103250-1,Elringklinger AG,Wooden pallet EUR standard,PACKAGING,Packaging & Logistics,14.41,100,EUR,Packaging & Logistics
PO-100064-7,Continental AG,Wooden pallet EUR standadr,Packaging & Logistics,Packaging & Logistics,17.21,200,EUR,Packaging & Logistics
PO-100478-1,Voith Turbo,EPDM rubber seal st,Raw Materials - Rubber,Raw Materials - Rubber,49.38,50,EUR,Raw Materials - Rubber
PO-101831-3,Bosch Rexroth,Hydraulic hose fitting Type-A,MRO - Maintenance Supplies,MRO - Maintenance Supplies,47.2,5,EUR,MRO - Maintenance Supplies
PO-103032-7,Bilstein GmbH,Monitor 27in M12,IT EQUIP,IT & Office Equipment,265.25,50,EUR,IT & Office Equipment
PO-101569-7,Wabco Holdings,Wooden pallet EUR standard,PACKAGING,Packaging & Logistics,8.88,200,EUR,Packaging & Logistics
PO-101740-3,Continental AG,VULCANIZED RUBBER BLOCK S355,rubber,Raw Materials - Rubber,38.71,100,EUR,Raw Materials - Rubber
PO-101194-3,Trelleborg Sealing,PO item: Corrugated shipping crate 230V,Packaging & Logistics,Packaging & Logistics,55.7,20,EUR,Packaging & Logistics
PO-103759-6,Trelleborg Sealing,INDUSTRIAL LUBRICANT TYPE-A 20L DRUM,MRO - Maintenance Supplies,MRO - Maintenance Supplies,139.24,5,EUR,MRO - Maintenance Supplies
PO-103844-7,Mahle GmbH,PCB assmebly Type-A,Electronic Components,Electronic Components,89.84,100,EUR,Electronic Components
PO-103813-4,Haldex AB,steel coil hot-rolled s355,Raw Materials - Steel,Raw Materials - Steel,458.9,1,EUR,Raw Materials - Steel
PO-102168-4,Schaeffler Technologies,Wiring harness connector 24V,Electronic Components,Electronic Components,16.79,5,EUR,Electronic Components
PO-100202-5,Bosch Rexroth,PCB assembly std,Electronic Components,Electronic Components,129.86,100,EUR,Electronic Components
PO-104157-5,Voith Turbo,VULCANIZED RBUBER BLOCK X5CRNI,Raw Mat. Rubber,Raw Materials - Rubber,46.05,200,EUR,Raw Materials - Rubber
PO-101472-1,Faiveley Transport,PCB assembly 230V,Electronic Components,Electronic Components,195.0,2,EUR,Electronic Components
PO-103424-7,Faiveley Transport,Wooden pallet EUR standa,Packaging & Logistics,Packaging & Logistics,8.36,100,EUR,Packaging & Logistics
PO-102359-6,Faiveley Transport,Hydraulic hose fitting M12,MRO - Maintenance Supplies,MRO - Maintenance Supplies,14.23,10,EUR,MRO - Maintenance Supplies
PO-100963-3,Bilstein GmbH,Pressure sensor unit M12,electronics,Electronic Components,170.18,10,EUR,Electronic Components
PO-102403-1,Schaeffler Technologies,Sealing gasket sheet NBR-70,Raw Materials - Rubber,Raw Materials - Rubber,25.74,200,EUR,Raw Materials - Rubber
PO-103306-1,Bilstein GmbH,Corrugated shipping crate v2,Pack & Log,Packaging & Logistics,33.63,200,EUR,Packaging & Logistics
PO-100175-6,Elringklinger AG,Sealing gasket sheet 70Sh-A,rubber,Raw Materials - Rubber,20.57,5,EUR,Raw Materials - Rubber
PO-100684-4,Trelleborg Sealing,Sealing gasket sheet 60Sh-A,rubber,Raw Materials - Rubber,35.71,2,EUR,Raw Materials - Rubber
PO-104135-4,Bosch Rexroth,EPDM rubber seal stock X5CrNi,RAW MAT-RUBBER,Raw Materials - Rubber,35.19,10,EUR,Raw Materials - Rubber
PO-100966-6,Bilstein GmbH,order ref pending - connector assembly type-a sealed,Electronic Components,Electronic Components,51.26,100,EUR,Electronic Components
PO-103638-4,Freudenberg Sealing,PCB assembly compact,ELEC COMP,Electronic Components,142.37,1,EUR,Electronic Components
PO-103163-5,Schaeffler Technologies,Montior 27in v3,IT & Office Equipment,IT & Office Equipment,262.51,10,EUR,IT & Office Equipment
PO-100524-5,Trelleborg Sealing,misc / Forged steel billet S235,Steel,Raw Materials - Steel,823.2,20,EUR,Raw Materials - Steel
PO-103713-2,Continental AG,Bearing assembly HD,maintenance,MRO - Maintenance Supplies,220.57,50,EUR,MRO - Maintenance Supplies
PO-100574-6,Mahle GmbH,Bearing assembly M12,maintenance,MRO - Maintenance Supplies,230.88,10,EUR,MRO - Maintenance Supplies
PO-103214-7,Wabco Holdings,Stretch wrap film 24V roll,Packaging & Logistics,Packaging & Logistics,27.44,5,EUR,Packaging & Logistics
PO-100165-3,Elringklinger AG,EPDM rubber seal stock NBR-70,Raw Materials - Rubber,Raw Materials - Rubber,45.73,1,EUR,Raw Materials - Rubber
PO-100017-2,Voith Turbo,Office chair ergonomic Type-A,IT & Office Equipment,IT & Office Equipment,347.37,2,EUR,IT & Office Equipment
PO-100181-5,Hella GmbH,PCB assembly Type-A,Elec. Components,Electronic Components,23.76,20,EUR,Electronic Components
PO-102812-4,Mahle GmbH,Rubber compound 70Sh,Raw Materials - Rubber,Raw Materials - Rubber,22.06,20,EUR,Raw Materials - Rubber
PO-100022-7,Wabco Holdings,Stretch wrap film Type-A roll,Packaging & Logistics,Packaging & Logistics,22.52,2,EUR,Packaging & Logistics
PO-101932-6,Schaeffler Technologies,Corrugatde shipping crate Rev.B,Packaging & Logistics,Packaging & Logistics,23.67,20,EUR,Packaging & Logistics
PO-102084-4,ZF Friedrichshafen,Seal kit connector housing HD,,MRO - Maintenance Supplies,62.89,10,EUR,MRO - Maintenance Supplies
PO-100495-4,Voith Turbo,Corrugated shipping crate Rev.B,PACKAGING,Packaging & Logistics,20.26,50,EUR,Packaging & Logistics
PO-103156-5,Hella GmbH,tSeel sheet 42CrMo4 8.0mm,raw materials/steel,Raw Materials - Steel,211.81,50,EUR,Raw Materials - Steel
PO-100300-5,Freudenberg Sealing,EPDM rubber seal stock S235,Raw Materials - Rubber,Raw Materials - Rubber,56.47,10,EUR,Raw Materials - Rubber
PO-100706-5,ZF Friedrichshafen,Monitor 27in v3,IT & Office,IT & Office Equipment,310.05,100,EUR,IT & Office Equipment
PO-100110-4,Elringklinger AG,monitor 27in compact,,IT & Office Equipment,227.53,10,EUR,IT & Office Equipment
PO-101366-7,Voith Turbo,Bearing assmebly 24V,,MRO - Maintenance Supplies,165.64,200,EUR,MRO - Maintenance Supplies
PO-102381-7,Faiveley Transport,WOODEN PALLET EUR STANDARD,Packaging & Logistics,Packaging & Logistics,11.6,200,EUR,Packaging & Logistics
PO-100774-3,SKF Group,order ref pending - Connector assembly 24V sealed,Electronic Components,Electronic Components,91.74,20,EUR,Electronic Components
PO-100588-6,Schaeffler Technologies,PCB assembly 24V,Electronic Components,Electronic Components,68.19,2,EUR,Electronic Components
PO-101696-1,Voith Turbo,Stretch wrap film Rev.B roll,Packaging & Logistics,Packaging & Logistics,16.15,5,EUR,Packaging & Logistics
PO-101416-1,Continental AG,Stretch wrap film compact roll,Packaging & Logistics,Packaging & Logistics,24.02,1,EUR,Packaging & Logistics
PO-100982-1,Trelleborg Sealing,Steel coil hot-rolled 60Sh-A,Raw Materials - Steel,Raw Materials - Steel,295.95,50,EUR,Raw Materials - Steel
PO-102914-1,Hella GmbH,Connector assembly std sealed,ELEC COMP,Electronic Components,91.68,2,EUR,Electronic Components
PO-102712-2,Elringklinger AG,PCB assembly 230V,Electronic Components,Electronic Components,81.46,100,EUR,Electronic Components
PO-100904-7,ZF Friedrichshafen,industrial lubricant rev.b 20l drum,MRO - Maintenance Supplies,MRO - Maintenance Supplies,64.69,100,EUR,MRO - Maintenance Supplies
PO-103848-4,Haldex AB,EPDM rubber seal stock S235,RAW MAT-RUBBER,Raw Materials - Rubber,31.17,100,EUR,Raw Materials - Rubber
PO-102583-6,Trelleborg Sealing,Sealing gasket sheet 4,RAW MAT-RUBBER,Raw Materials - Rubber,22.73,50,EUR,Raw Materials - Rubber
PO-103113-4,Faiveley Transport,CPB assembly Rev.B,Elec. Components,Electronic Components,13.6,200,EUR,Electronic Components
PO-103504-3,Trelleborg Sealing,INDUSTRIAL LUBRICANT 24V 20L DRUM,,MRO - Maintenance Supplies,62.36,100,EUR,MRO - Maintenance Supplies
PO-102307-3,Mahle GmbH,Hydraulic hose fitting 24V,MRO,MRO - Maintenance Supplies,37.98,200,EUR,MRO - Maintenance Supplies
PO-103078-4,Faiveley Transport,Wiring harness connector v3,ELEC COMP,Electronic Components,68.42,200,EUR,Electronic Components
PO-102584-7,Bilstein GmbH,Wiring harness connector compact,electronics,Electronic Components,11.66,50,EUR,Electronic Components
PO-102799-5,Schaeffler Technologies,Seal kit connector housing compact,maintenance,MRO - Maintenance Supplies,50.93,50,EUR,MRO - Maintenance Supplies
PO-103643-2,Trelleborg Sealing,Laptop v2 business grade,IT EQUIP,IT & Office Equipment,1187.66,20,EUR,IT & Office Equipment
PO-100011-3,Hella GmbH,rubber compound 42crmo4 sheet,RAW MAT-RUBBER,Raw Materials - Rubber,29.5,1,EUR,Raw Materials - Rubber
PO-103821-5,Freudenberg Sealing,Connector assembly Ty,ELEC COMP,Electronic Components,23.95,100,EUR,Electronic Components
PO-102910-4,Wabco Holdings,EPDM rubber seal stock 60Sh-A,Raw Materials - Rubber,Raw Materials - Rubber,22.3,2,EUR,Raw Materials - Rubber
PO-102371-4,Haldex AB,PO item: Industrial lubricant Rev.B 2,MRO - Maintenance Supplies,MRO - Maintenance Supplies,152.79,1,EUR,MRO - Maintenance Supplies
PO-101282-7,Faiveley Transport,Seal kit connector housing ,MRO - Maintenance Supplies,MRO - Maintenance Supplies,50.94,5,EUR,MRO - Maintenance Supplies
PO-102560-4,Faiveley Transport,Steel coil hot-rolled DC01,Raw Materials - Steel,Raw Materials - Steel,473.74,10,EUR,Raw Materials - Steel
PO-102657-3,Wabco Holdings,Pressure sensoru nit compact,Electronic Components,Electronic Components,88.21,1,EUR,Electronic Components
PO-101552-4,Faiveley Transport,Protectivef oam sheet st,packaging/logistics,Packaging & Logistics,14.88,20,EUR,Raw Materials - Rubber
PO-100172-3,Elringklinger AG,Rubber compound NBR-70 sheet,Raw Materials - Rubber,Raw Materials - Rubber,21.34,200,EUR,Raw Materials - Rubber
PO-102022-5,Elringklinger AG,PO item: Rubber compoundS 355 sheet,Raw Mat. Rubber,Raw Materials - Rubber,20.64,5,EUR,Raw Materials - Rubber
PO-102332-7,Bosch Rexroth,order ref pending - Wiring harness conncetor Rev.B,electronics,Electronic Components,51.31,20,EUR,Electronic Components
PO-101260-6,Freudenberg Sealing,Strtech wrap film v2 roll,Packaging & Logistics,Packaging & Logistics,18.6,20,EUR,Packaging & Logistics
PO-102612-7,SKF Group,PCB assembly v2,electronics,Electronic Components,187.13,20,EUR,Electronic Components
PO-102925-5,Bosch Rexroth,Office chair ergonomic M12,IT & Office,IT & Office Equipment,317.28,50,EUR,IT & Office Equipment
PO-101697-2,Haldex AB,Laptop v3 business grade,,IT & Office Equipment,990.74,2,EUR,IT & Office Equipment
PO-103166-1,Mahle GmbH,order ref pending - Vulcanized rbuber block S235,Raw Materials - Rubber,Raw Materials - Rubber,33.25,100,EUR,Raw Materials - Rubber
PO-101022-6,Haldex AB,Industrial lubricant std 20L drum,MRO - Maintenance Supplies,MRO - Maintenance Supplies,154.05,50,EUR,MRO - Maintenance Supplies
PO-103218-4,Haldex AB,Stretch wrap film v2 roll,PACKAGING,Packaging & Logistics,12.27,50,EUR,Packaging & Logistics
PO-100128-1,Wabco Holdings,Bearing assembl,MRO - Maintenance Supplies,MRO - Maintenance Supplies,210.49,200,EUR,MRO - Maintenance Supplies
PO-102242-1,Bilstein GmbH,Corrugated shipping crate Rev.B,packaging/logistics,Packaging & Logistics,35.23,100,EUR,Packaging & Logistics
PO-104060-6,Voith Turbo,Hydraulic hose fitting 230V,MRO - Maintenance Supplies,MRO - Maintenance Supplies,44.01,10,EUR,MRO - Maintenance Supplies
PO-103871-6,Hella GmbH,PO item: Seal kit connector housin gv3,MRO/Maint,MRO - Maintenance Supplies,43.42,10,EUR,MRO - Maintenance Supplies
PO-103555-5,Bosch Rexroth,Industrial lubricant M12 20L drum,MRO - Maintenance Supplies,MRO - Maintenance Supplies,68.69,2,EUR,MRO - Maintenance Supplies
PO-103360-6,Voith Turbo,Wooden pallet EUR standard,Packaging & Logistics,Packaging & Logistics,12.52,200,EUR,Packaging & Logistics
PO-100964-4,Bosch Rexroth,Wiring harness connector HD,Electronic Components,Electronic Components,49.35,1,EUR,Electronic Components
PO-100709-1,Voith Turbo,FORGED STEEL BILLET 70SH-A,raw materials/steel,Raw Materials - Steel,558.25,2,EUR,Raw Materials - Steel
PO-104120-3,Continental AG,misc / Sealing gasket sheet7 0Sh-A,Raw Materials - Rubber,Raw Materials - Rubber,17.81,10,EUR,Raw Materials - Rubber
PO-100453-4,Bosch Rexroth,PRESSURE SENSOR UNIT TYPE-A,electronics,Electronic Components,198.77,5,EUR,Electronic Components
PO-100755-5,Faiveley Transport,FOGRED STEEL BILLET DC01,Raw Materials - Steel,Raw Materials - Steel,432.34,5,EUR,Raw Materials - Steel
PO-103258-2,Bilstein GmbH,Stretch wrap film v2 roll,packaging/logistics,Packaging & Logistics,32.27,100,EUR,Packaging & Logistics
PO-103273-3,Faiveley Transport,Protective foam shee,Packaging & Logistics,Packaging & Logistics,25.46,100,EUR,Packaging & Logistics
PO-103726-1,Voith Turbo,Pressure sensor unit st,Electronic Components,Electronic Components,186.01,20,EUR,Electronic Components
PO-102482-3,ZF Friedrichshafen,Vulcanized rubber block NBR-70,rubber,Raw Materials - Rubber,59.58,1,EUR,Raw Materials - Rubber
PO-100291-3,SKF Group,misc / Bearing assemlby Rev.B,,MRO - Maintenance Supplies,42.72,10,EUR,MRO - Maintenance Supplies
PO-102597-6,Wabco Holdings,corrugated shipping crate compact,,Packaging & Logistics,31.38,20,EUR,Packaging & Logistics
PO-102011-1,Haldex AB,order ref pending - Office chair ergonomic v3,IT EQUIP,IT & Office Equipment,223.51,5,EUR,IT & Office Equipment
PO-103040-1,Bosch Rexroth,PO item: Sealing gasket sheet S23,rubber,Raw Materials - Rubber,33.79,1,EUR,Raw Materials - Rubber
PO-100142-1,Bosch Rexroth,PCB assembly v3,Electronic Components,Electronic Components,50.2,100,EUR,Electronic Components
PO-103454-2,Elringklinger AG,corrugated shipping crate 230v,packaging/logistics,Packaging & Logistics,55.02,5,EUR,Packaging & Logistics
PO-101940-7,Freudenberg Sealing,Industrial lubricant HD 20L drum,MRO - Maintenance Supplies,MRO - Maintenance Supplies,96.73,1,EUR,MRO - Maintenance Supplies
PO-102847-4,Trelleborg Sealing,Connector assembl yType-A sealed,Electronic Components,Electronic Components,26.94,2,EUR,Electronic Components
PO-103721-3,Mahle GmbH,Sealing gasket sheet 42CrMo4,,Raw Materials - Rubber,29.35,100,EUR,Raw Materials - Rubber
PO-102791-4,Mahle GmbH,PCB ASSEMBLY STD,Electronic Components,Electronic Components,187.69,100,EUR,Electronic Components
PO-104170-4,Bilstein GmbH,Steel coil hot-rolled X5CrNi,raw materials/steel,Raw Materials - Steel,354.04,5,EUR,Raw Materials - Steel
PO-101549-1,Schaeffler Technologies,Rubber compound 60Sh-A sheet,Raw Materials - Rubber,Raw Materials - Rubber,23.21,10,EUR,Raw Materials - Rubber
PO-100554-7,Wabco Holdings,Protective foam sheet compact,Pack & Log,Packaging & Logistics,12.23,200,EUR,Packaging & Logistics
PO-103211-4,Bosch Rexroth,Office chair ergonomic Rev.B,IT EQUIP,IT & Office Equipment,356.13,2,EUR,IT & Office Equipment
PO-102917-4,Faiveley Transport,monitor 27in hd,IT & Office Equipment,IT & Office Equipment,164.95,100,EUR,IT & Office Equipment
PO-102063-4,Continental AG,Hydraulic hose fitting v3,MRO - Maintenance Supplies,MRO - Maintenance Supplies,17.46,5,EUR,MRO - Maintenance Supplies
PO-101413-5,Faiveley Transport,STRETCH WRAP FILM V2 ROLL,Packaging & Logistics,Packaging & Logistics,33.07,1,EUR,Packaging & Logistics
PO-102783-3,Wabco Holdings,WIRING HARNESS CONNECTOR STD,Electronic Components,Electronic Components,8.34,10,EUR,Electronic Components
PO-102273-4,SKF Group,PCB assembly compact,Electronic Components,Electronic Components,169.73,2,EUR,Electronic Components
PO-101419-4,Hella GmbH,Forged steel billet S355,Raw Materials - Steel,Raw Materials - Steel,557.38,10,EUR,Raw Materials - Steel
PO-100788-3,ZF Friedrichshafen,Rubber compound S235 she,rubber,Raw Materials - Rubber,30.87,1,EUR,Raw Materials - Rubber
PO-100060-3,Haldex AB,Pressure sensor unit v2,ELEC COMP,Electronic Components,69.2,20,EUR,Electronic Components
PO-102346-7,Haldex AB,Office chair ergonomic DH,IT EQUIP,IT & Office Equipment,203.51,200,EUR,IT & Office Equipment
PO-100052-2,Haldex AB,Wiring harness connector 24V,Electronic Components,Electronic Components,28.03,20,EUR,Electronic Components
PO-100408-1,Faiveley Transport,PCB assembly Rev.B,Electronic Components,Electronic Components,112.19,5,EUR,Electronic Components
PO-103697-7,Wabco Holdings,Monitor 27in v3,IT & Office Equipment,IT & Office Equipment,187.86,1,EUR,IT & Office Equipment
PO-100876-7,Schaeffler Technologies,Rubber compound DC01 sheet,Raw Materials - Rubber,Raw Materials - Rubber,19.97,20,EUR,Raw Materials - Rubber
PO-102104-3,Faiveley Transport,Office chair ergonomic v2,IT & Office Equipment,IT & Office Equipment,342.79,10,EUR,IT & Office Equipment
PO-101521-1,Bosch Rexroth,Stretch wrap film std roll,Packaging & Logistics,Packaging & Logistics,31.76,5,EUR,Packaging & Logistics
PO-101175-5,Elringklinger AG,Stretch wrap film 24V roll,Packaging & Logistics,Packaging & Logistics,25.66,10,EUR,Packaging & Logistics
PO-102165-1,Continental AG,Wiring harness connector std,Electronic Components,Electronic Components,57.28,100,EUR,Electronic Components
PO-101751-7,SKF Group,Corrugated shipping crate 230V,packaging/logistics,Packaging & Logistics,58.46,10,EUR,Packaging & Logistics
PO-101146-4,Hella GmbH,PCB assemb,Electronic Components,Electronic Components,218.06,20,EUR,Electronic Components
PO-102343-4,SKF Group,Vulcanizedr ubber b,rubber,Raw Materials - Rubber,47.79,100,EUR,Raw Materials - Rubber
PO-100946-7,ZF Friedrichshafen,order ref pending - Monitor 27in com,,IT & Office Equipment,282.86,20,EUR,IT & Office Equipment
PO-101759-1,SKF Group,Corrugated shipping crate 24V,PACKAGING,Packaging & Logistics,48.85,1,EUR,Packaging & Logistics
PO-102971-2,Elringklinger AG,RUBBER COMPOUND DC01 SHEET,RAW MAT-RUBBER,Raw Materials - Rubber,41.97,10,EUR,Raw Materials - Rubber
PO-102464-6,Continental AG,Monitor 27in Type-A,it/office,IT & Office Equipment,309.61,50,EUR,IT & Office Equipment
PO-103418-1,Bosch Rexroth,Bearing assembly HD,maintenance,MRO - Maintenance Supplies,42.65,10,EUR,MRO - Maintenance Supplies
PO-101212-7,Mahle GmbH,epdm rubber seal stock s235,,Raw Materials - Rubber,46.66,10,EUR,Raw Materials - Rubber
PO-103836-6,ZF Friedrichshafen,Rubber compound NBR-70 sheet,Raw Materials - Rubber,Raw Materials - Rubber,40.31,20,EUR,Raw Materials - Rubber
PO-100645-7,Trelleborg Sealing,PO item: Hydraulic hose fitting v3,maintenance,MRO - Maintenance Supplies,34.88,1,EUR,MRO - Maintenance Supplies
PO-101223-4,Freudenberg Sealing,Wooden pallet EUR standard,PACKAGING,Packaging & Logistics,16.04,5,EUR,Packaging & Logistics
PO-100535-2,Voith Turbo,bearing assembly type-a,MRO - Maintenance Supplies,MRO - Maintenance Supplies,129.29,2,EUR,MRO - Maintenance Supplies
PO-103736-4,Elringklinger AG,Wiring harness connector Rev.B,Electronic Components,Electronic Components,56.31,1,EUR,Electronic Components
PO-102760-1,Faiveley Transport,monitor 27in std,IT EQUIP,IT & Office Equipment,156.34,200,EUR,IT & Office Equipment
PO-100480-3,Wabco Holdings,epdm rubber seal stock nbr-70,Raw Materials - Rubber,Raw Materials - Rubber,26.49,5,EUR,Raw Materials - Rubber
PO-100864-2,Wabco Holdings,Connector assembly cmopact sealed,Electronic Components,Electronic Components,74.17,20,EUR,Electronic Components
PO-103549-6,Trelleborg Sealing,Wooden pallet EUR ,packaging/logistics,Packaging & Logistics,21.59,2,EUR,Packaging & Logistics
PO-102157-7,SKF Group,Bearing assembly v3,MRO,MRO - Maintenance Supplies,190.41,50,EUR,MRO - Maintenance Supplies
PO-101701-6,Voith Turbo,Forged steel billet X5CrNi,raw materials/steel,Raw Materials - Steel,464.77,100,EUR,Raw Materials - Steel
PO-102841-5,Elringklinger AG,Steel coil hot-rolled 70Sh-A,RAW MAT-STEEL,Raw Materials - Steel,251.62,100,EUR,Raw Materials - Steel
PO-101532-5,Mahle GmbH,Connector assmebly M12 sealed,Electronic Components,Electronic Components,6.95,100,EUR,Electronic Components
PO-100452-3,Freudenberg Sealing,PO item: Steel sheet S235 3.0mm,RAW MAT-STEEL,Raw Materials - Steel,221.91,5,EUR,Raw Materials - Steel
PO-100945-6,Hella GmbH,Monitor 2i7n v2,IT & Office Equipment,IT & Office Equipment,158.2,2,EUR,IT & Office Equipment
PO-100423-2,Faiveley Transport,Rubberc ompound S235 sheet,RAW MAT-RUBBER,Raw Materials - Rubber,13.5,50,EUR,Raw Materials - Rubber
PO-100285-4,Voith Turbo,Wooden pallet EUR standard,Packaging & Logistics,Packaging & Logistics,13.01,100,EUR,Packaging & Logistics
PO-103537-1,Wabco Holdings,Steel sheet S235 6.0mm,Raw Materials - Steel,Raw Materials - Steel,245.15,5,EUR,Raw Materials - Steel
PO-103149-5,Freudenberg Sealing,Monitor 27in M12,IT & Office Equipment,IT & Office Equipment,281.06,2,EUR,IT & Office Equipment
PO-102680-5,Elringklinger AG,Connector assembly v2 sealed,Electronic Components,Electronic Components,81.21,2,EUR,Electronic Components
PO-101335-4,Freudenberg Sealing,pressure sensor u,Electronic Components,Electronic Components,241.05,1,EUR,Electronic Components
PO-101921-2,Freudenberg Sealing,Steel sheet NBR-70 3.0mm,Raw Materials - Steel,Raw Materials - Steel,231.15,100,EUR,Raw Materials - Steel
PO-103016-5,Bosch Rexroth,Corrugated shipping crate v2,Packaging & Logistics,Packaging & Logistics,48.32,100,EUR,Packaging & Logistics
PO-103274-4,Wabco Holdings,PO item: OFFICE CHAIR ERGONOMIC HD,IT & Office Equipment,IT & Office Equipment,140.15,1,EUR,IT & Office Equipment
PO-101408-7,Bosch Rexroth,Monitor 27in v2,it/office,IT & Office Equipment,233.07,1,EUR,IT & Office Equipment
PO-102920-7,SKF Group,Stretchw rap film Rev.B roll,Packaging & Logistics,Packaging & Logistics,23.67,10,EUR,Packaging & Logistics
PO-103468-2,Haldex AB,Steel sheet 42CrMo4 2.0mm,Raw Materials - Steel,Raw Materials - Steel,239.85,1,EUR,Raw Materials - Steel
PO-101230-4,Voith Turbo,corrugated shipping crate m12,Packaging & Logistics,Packaging & Logistics,56.62,20,EUR,Packaging & Logistics
PO-100764-7,Schaeffler Technologies,laptop type-a business grade,IT & Office Equipment,IT & Office Equipment,1443.82,50,EUR,IT & Office Equipment
PO-102653-6,Hella GmbH,Hydraulic hose fitting Type-A,MRO - Maintenance Supplies,MRO - Maintenance Supplies,20.41,50,EUR,MRO - Maintenance Supplies
PO-103808-6,SKF Group,Steel sheet S355 2.0mm,Raw Materials - Steel,Raw Materials - Steel,401.72,5,EUR,Raw Materials - Steel
PO-102948-7,SKF Group,Connector asesmbly M12 sealed,Electronic Components,Electronic Components,45.2,50,EUR,Electronic Components
PO-102993-3,Schaeffler Technologies,Laptop compact business grade,IT & Office Equipment,IT & Office Equipment,869.3,50,EUR,IT & Office Equipment
PO-102764-5,Schaeffler Technologies,PO item: PCB assembly v2,,Electronic Components,88.09,2,EUR,Electronic Components
PO-102882-4,Freudenberg Sealing,Pressure sensor unit v3,Electronic Components,Electronic Components,126.42,20,EUR,Electronic Components
PO-102539-4,Trelleborg Sealing,Pressure sensor unit v3,,Electronic Components,145.23,200,EUR,Electronic Components
PO-103212-5,ZF Friedrichshafen,Pressure sensor unit 230V,Electronic Components,Electronic Components,136.64,200,EUR,Electronic Components
PO-101873-3,Trelleborg Sealing,Vulcanized rubber block 42CrMo4,RAW MAT-RUBBER,Raw Materials - Rubber,50.75,20,EUR,Raw Materials - Rubber
PO-100240-1,Freudenberg Sealing,Seal kit connector housing HD,MRO,MRO - Maintenance Supplies,47.91,10,EUR,MRO - Maintenance Supplies
PO-101846-4,Wabco Holdings,Laptop v3 business grade,IT & Office Equipment,IT & Office Equipment,1138.42,1,EUR,IT & Office Equipment
PO-101690-2,Wabco Holdings,HYDRAULIC HOSE FITTING REV.B,MRO,MRO - Maintenance Supplies,16.12,200,EUR,MRO - Maintenance Supplies
PO-102716-6,Faiveley Transport,Seal kit connector housing HD,MRO/Maint,MRO - Maintenance Supplies,55.87,1,EUR,MRO - Maintenance Supplies
PO-100085-7,Schaeffler Technologies,Monitor 2i7n v2,it/office,IT & Office Equipment,177.29,10,EUR,IT & Office Equipment
PO-103295-4,Faiveley Transport,Wiring harness connector compact,ELEC COMP,Electronic Components,41.37,5,EUR,Electronic Components
PO-101352-7,Continental AG,monitor 27i nm12,IT & Office Equipment,IT & Office Equipment,223.42,10,EUR,IT & Office Equipment
PO-100523-4,Wabco Holdings,Wooden pallet EUR standard,,Packaging & Logistics,15.59,1,EUR,Packaging & Logistics
PO-100455-6,Bilstein GmbH,Seal kit connector housing std,MRO - Maintenance Supplies,MRO - Maintenance Supplies,34.62,20,EUR,MRO - Maintenance Supplies
PO-101095-2,Mahle GmbH,Bearing assembly M12,MRO - Maintenance Supplies,MRO - Maintenance Supplies,211.11,200,EUR,MRO - Maintenance Supplies
PO-100490-6,Haldex AB,Connector assembly v2 sealed,Electronic Components,Electronic Components,69.17,20,EUR,Electronic Components
PO-102226-6,Wabco Holdings,Wiring harness connector Rev.B,Electronic Components,Electronic Components,87.5,50,EUR,Electronic Components
PO-101955-1,Hella GmbH,Wiring harness connector Rev.B,Electronic Components,Electronic Components,71.46,2,EUR,Electronic Components
PO-100086-1,Elringklinger AG,Vulcanized rubber block DC01,Raw Materials - Rubber,Raw Materials - Rubber,32.85,1,EUR,Raw Materials - Rubber
PO-103142-5,SKF Group,Sealing gasket sheet X5CrNi,Raw Materials - Rubber,Raw Materials - Rubber,33.14,2,EUR,Raw Materials - Rubber
PO-104107-4,Wabco Holdings,Stretch wrap film v3 roll,Packaging & Logistics,Packaging & Logistics,12.35,200,EUR,Packaging & Logistics
PO-103918-4,Wabco Holdings,Steel coil hot-rolled DC01,RAW MAT-STEEL,Raw Materials - Steel,401.33,50,EUR,Raw Materials - Steel
PO-103602-3,Elringklinger AG,pcb assembly 24v,Electronic Components,Electronic Components,117.41,200,EUR,Electronic Components
PO-103427-3,Bosch Rexroth,Steel coil hot-rolled NBR-70,RAW MAT-STEEL,Raw Materials - Steel,232.83,2,EUR,Raw Materials - Steel
PO-100801-2,Continental AG,PCB ASSEMBLY COMPACT,Electronic Components,Electronic Components,217.94,100,EUR,Electronic Components
PO-102129-7,SKF Group,Rubber compound DC01 sheet,Raw Materials - Rubber,Raw Materials - Rubber,29.64,2,EUR,Raw Materials - Rubber
PO-102513-6,Bilstein GmbH,Hydraulic hose fitting 24V,MRO,MRO - Maintenance Supplies,24.65,1,EUR,MRO - Maintenance Supplies
PO-103486-6,Schaeffler Technologies,Steel coil hot-rol,Raw Materials - Steel,Raw Materials - Steel,448.47,1,EUR,Raw Materials - Steel
PO-102054-2,Faiveley Transport,Monitor 27in HD,IT & Office Equipment,IT & Office Equipment,237.51,2,EUR,IT & Office Equipment
PO-103731-6,Trelleborg Sealing,Wooden pallet EUR standard,Packaging & Logistics,Packaging & Logistics,17.25,100,EUR,Packaging & Logistics
PO-101458-1,Voith Turbo,Wooedn pallet EUR standard,PACKAGING,Packaging & Logistics,15.5,50,EUR,Packaging & Logistics
PO-100612-2,Bilstein GmbH,office chair ergonomic hd,IT & Office Equipment,IT & Office Equipment,375.79,2,EUR,IT & Office Equipment
PO-103248-6,Haldex AB,Corrugated shipping crate 24V,Packaging & Logistics,Packaging & Logistics,48.84,200,EUR,Packaging & Logistics
PO-103828-5,Voith Turbo,Rubebr compound 70Sh-A sheet,RAW MAT-RUBBER,Raw Materials - Rubber,37.65,5,EUR,Raw Materials - Rubber
PO-102787-7,Hella GmbH,SEAL KIT CONNECTOR HOUSING V2,MRO - Maintenance Supplies,MRO - Maintenance Supplies,40.48,10,EUR,MRO - Maintenance Supplies
PO-100558-4,Bosch Rexroth,industrial lubricant hd 20l drum,MRO - Maintenance Supplies,MRO - Maintenance Supplies,74.84,2,EUR,MRO - Maintenance Supplies
PO-100382-3,Trelleborg Sealing,misc / Laptop Rev.B business grade,IT & Office Equipment,IT & Office Equipment,1319.04,200,EUR,IT & Office Equipment
PO-100844-3,SKF Group,Saeling gasket sheet X5CrN,Raw Materials - Rubber,Raw Materials - Rubber,33.23,2,EUR,Raw Materials - Rubber
PO-101112-5,Bosch Rexroth,Steel coil hot-rolled S355,Raw Materials - Steel,Raw Materials - Steel,227.23,50,EUR,Raw Materials - Steel
PO-103238-3,SKF Group,Wiring harness connector compact,Electronic Components,Electronic Components,19.48,100,EUR,Electronic Components
PO-100609-6,Trelleborg Sealing,Vulcanized rubber block 60Sh-A,Raw Materials - Rubber,Raw Materials - Rubber,36.76,200,EUR,Raw Materials - Rubber
PO-102235-1,Faiveley Transport,Stretch wrap film Rev.B roll,Pack & Log,Packaging & Logistics,13.13,2,EUR,Packaging & Logistics
PO-101719-3,Voith Turbo,misc / connector assembly hd sealed,ELEC COMP,Electronic Components,69.03,20,EUR,Electronic Components
PO-102510-3,Trelleborg Sealing,Laptop std business grade,IT & Office Equipment,IT & Office Equipment,1202.68,200,EUR,IT & Office Equipment
PO-102468-3,Bilstein GmbH,Wiring harness connector 230V,electronics,Electronic Components,68.88,200,EUR,Electronic Components
PO-103241-6,Haldex AB,laptop 230v business grade,it/office,IT & Office Equipment,1344.41,2,EUR,IT & Office Equipment
PO-103122-6,Freudenberg Sealing,bearing assembly 230v,MRO - Maintenance Supplies,MRO - Maintenance Supplies,128.73,1,EUR,MRO - Maintenance Supplies
PO-101138-3,Bilstein GmbH,misc / Bearing asesmbly s,MRO - Maintenance Supplies,MRO - Maintenance Supplies,244.77,100,EUR,MRO - Maintenance Supplies
PO-103046-7,Faiveley Transport,Monitor 27in Rev.B,IT EQUIP,IT & Office Equipment,144.49,100,EUR,IT & Office Equipment
PO-101732-2,Faiveley Transport,Forged steel billet 60Sh-A,Raw Materials - Steel,Raw Materials - Steel,413.07,20,EUR,Raw Materials - Steel
PO-102544-2,SKF Group,STEEL COIL HOT-ROLLED 70SH-A,Raw Materials - Steel,Raw Materials - Steel,467.62,1,EUR,Raw Materials - Steel
PO-103803-1,Bosch Rexroth,Protective foam s,Packaging & Logistics,Packaging & Logistics,10.84,50,EUR,Packaging & Logistics
PO-100713-5,Trelleborg Sealing,Connector assembly std sealed,Electronic Components,Electronic Components,82.36,20,EUR,Electronic Components
PO-103908-1,Mahle GmbH,Bearing assembly 230,MRO,MRO - Maintenance Supplies,40.6,2,EUR,MRO - Maintenance Supplies
PO-101405-4,Hella GmbH,Bearing assembly 230V,MRO - Maintenance Supplies,MRO - Maintenance Supplies,235.08,1,EUR,MRO - Maintenance Supplies
PO-102245-4,Mahle GmbH,wooden pallet eur standard,PACKAGING,Packaging & Logistics,13.86,1,EUR,Packaging & Logistics
PO-101457-7,Bilstein GmbH,EPDM RUBBER SEAL STOCK S355,Raw Materials - Rubber,Raw Materials - Rubber,45.73,2,EUR,Raw Materials - Rubber
PO-103192-6,Hella GmbH,Steel sheet 42CrMo4 1.5mm,Raw Materials - Steel,Raw Materials - Steel,201.44,1,EUR,Raw Materials - Steel
PO-100226-1,Continental AG,Forged steel billet 60Sh,Raw Materials - Steel,Raw Materials - Steel,624.79,5,EUR,Raw Materials - Steel
PO-100968-1,Elringklinger AG,Industrial lubricant HD 20L drum,MRO - Maintenance Supplies,MRO - Maintenance Supplies,74.35,10,EUR,MRO - Maintenance Supplies
PO-101971-3,Voith Turbo,Connector assembly Rev.B s,Electronic Components,Electronic Components,26.49,5,EUR,Electronic Components
PO-101781-2,Continental AG,order ref pending - Bearing assembly v,maintenance,MRO - Maintenance Supplies,89.67,2,EUR,MRO - Maintenance Supplies
PO-103922-1,Mahle GmbH,Pressure sensor unit M12,Elec. Components,Electronic Components,140.68,2,EUR,Electronic Components
PO-103379-4,Elringklinger AG,PO item: bearing assembly 1m2,MRO - Maintenance Supplies,MRO - Maintenance Supplies,46.71,10,EUR,MRO - Maintenance Supplies
PO-100995-7,Faiveley Transport,RUBBER COMPOUND 70SH-A SHEET,Raw Materials - Rubber,Raw Materials - Rubber,25.21,2,EUR,Raw Materials - Rubber
PO-101055-4,Mahle GmbH,protective foam sheet rev.b,packaging/logistics,Packaging & Logistics,16.37,2,EUR,Packaging & Logistics
PO-103234-6,Hella GmbH,Bearing assembly Rev.B,MRO/Maint,MRO - Maintenance Supplies,58.68,50,EUR,MRO - Maintenance Supplies
PO-102720-3,Continental AG,Rubber compound S235 sheet,Raw Materials - Rubber,Raw Materials - Rubber,44.88,100,EUR,Raw Materials - Rubber
PO-102232-5,Haldex AB,LAPTOP M12 BUSINESS GRADE,IT & Office Equipment,IT & Office Equipment,1145.61,2,EUR,IT & Office Equipment
PO-100951-5,Schaeffler Technologies,Connector assembly 230V sealed,electronics,Electronic Components,38.86,20,EUR,Electronic Components
PO-100895-5,ZF Friedrichshafen,misc / WIRING HARNESS CONNECTOR TYPE-A,Electronic Components,Electronic Components,47.63,200,EUR,Electronic Components
PO-100575-7,ZF Friedrichshafen,Wooden pallet EUR standard,Packaging & Logistics,Packaging & Logistics,14.93,50,EUR,Packaging & Logistics
PO-100856-1,Faiveley Transport,stretch wrap film 24v roll,Packaging & Logistics,Packaging & Logistics,28.23,200,EUR,Packaging & Logistics
PO-100254-1,Voith Turbo,protective foam sheet compact,PACKAGING,Packaging & Logistics,27.51,100,EUR,Packaging & Logistics
PO-100318-2,Continental AG,Stretch wrap film std roll,Packaging & Logistics,Packaging & Logistics,24.73,5,EUR,Packaging & Logistics
PO-104211-2,Voith Turbo,Industrial lubricant 230V 20L drum ,maintenance,MRO - Maintenance Supplies,98.73,2,EUR,MRO - Maintenance Supplies
PO-102605-7,Continental AG,PO item: Rubber compound DC01 sheet,rubber,Raw Materials - Rubber,26.53,2,EUR,Raw Materials - Rubber
PO-104005-7,Mahle GmbH,Laptop compact business grade,IT & Office Equipment,IT & Office Equipment,1107.49,10,EUR,IT & Office Equipment
PO-101730-7,Mahle GmbH,Sealing gasket sheet NBR-70,,Raw Materials - Rubber,35.22,200,EUR,Raw Materials - Rubber
PO-104036-3,Schaeffler Technologies,Monitor 27in compact,IT & Office Equipment,IT & Office Equipment,194.3,1,EUR,IT & Office Equipment
PO-103283-6,Hella GmbH,PBC assembly HD,Electronic Components,Electronic Components,197.58,100,EUR,Electronic Components
PO-101051-7,Freudenberg Sealing,Industrial lubricant Rev.B 20L drum,MRO - Maintenance Supplies,MRO - Maintenance Supplies,145.22,20,EUR,MRO - Maintenance Supplies
PO-101916-4,ZF Friedrichshafen,Forged steel billet DC01,raw materials/steel,Raw Materials - Steel,572.31,1,EUR,Raw Materials - Steel
PO-101746-2,Hella GmbH,Seal kit connector housing 24V,maintenance,MRO - Maintenance Supplies,45.33,20,EUR,MRO - Maintenance Supplies
PO-100659-7,Continental AG,laptop2 4v business grade,IT & Office Equipment,IT & Office Equipment,971.71,50,EUR,IT & Office Equipment
PO-100983-2,Freudenberg Sealing,PCB assembly Rev,Electronic Components,Electronic Components,50.4,2,EUR,Electronic Components
PO-103196-3,Faiveley Transport,Monitor 27in v3,IT & Office Equipment,IT & Office Equipment,166.01,5,EUR,IT & Office Equipment
PO-103060-7,ZF Friedrichshafen,Wiring harness connector std,Electronic Components,Electronic Components,38.82,50,EUR,Electronic Components
PO-102087-7,Wabco Holdings,EPDM RUBBER SEAL TSOCK X5CRNI,rubber,Raw Materials - Rubber,29.28,20,EUR,Raw Materials - Rubber
PO-101902-4,Bilstein GmbH,Bearing assembly compact,MRO - Maintenance Supplies,MRO - Maintenance Supplies,193.94,100,EUR,MRO - Maintenance Supplies
PO-103114-5,Faiveley Transport,Monitor 27in Re,IT EQUIP,IT & Office Equipment,207.98,50,EUR,IT & Office Equipment
PO-101176-6,Continental AG,Forged steel billet NBR-70,raw materials/steel,Raw Materials - Steel,873.66,20,EUR,Raw Materials - Steel
PO-103861-3,Elringklinger AG,Connector assembly compact,Electronic Components,Electronic Components,60.08,50,EUR,Electronic Components
PO-101949-2,Haldex AB,PCB assembly 230V,Electronic Components,Electronic Components,41.48,200,EUR,Electronic Components
PO-100109-3,Wabco Holdings,Corrugated shipping crate std,packaging/logistics,Packaging & Logistics,40.15,50,EUR,Packaging & Logistics
PO-104194-7,Mahle GmbH,Monitor 27in M12,IT & Office Equipment,IT & Office Equipment,250.82,10,EUR,IT & Office Equipment
PO-102972-3,Bosch Rexroth,steel sheet 60sh-a 4.0mm,RAW MAT-STEEL,Raw Materials - Steel,243.91,200,EUR,Raw Materials - Steel
PO-100649-4,Freudenberg Sealing,Industrial lubricant 230V 20L drum,MRO - Maintenance Supplies,MRO - Maintenance Supplies,64.69,2,EUR,MRO - Maintenance Supplies
PO-100721-6,Wabco Holdings,Office chair ergonomic M12,IT EQUIP,IT & Office Equipment,148.26,200,EUR,IT & Office Equipment
PO-100843-2,Haldex AB,pcb assembly compact,Electronic Components,Electronic Components,151.92,10,EUR,Electronic Components
PO-100190-7,Bosch Rexroth,Bearing assembly HD,MRO - Maintenance Supplies,MRO - Maintenance Supplies,106.1,10,EUR,MRO - Maintenance Supplies
PO-103076-2,Trelleborg Sealing,Office chair ergonomic HD,IT & Office Equipment,IT & Office Equipment,250.77,20,EUR,IT & Office Equipment
PO-100221-3,ZF Friedrichshafen,misc / Protective foam sheet 24V,Packaging & Logistics,Packaging & Logistics,9.26,10,EUR,Packaging & Logistics
PO-103305-7,Wabco Holdings,Corrugated shipping crate v3,Pack & Log,Packaging & Logistics,38.19,10,EUR,Packaging & Logistics
PO-103561-4,Wabco Holdings,Bearing assembly std,MRO/Maint,MRO - Maintenance Supplies,213.78,2,EUR,MRO - Maintenance Supplies
PO-103624-4,Bilstein GmbH,Industrial lubricant v2 20L drum,MRO,MRO - Maintenance Supplies,142.77,50,EUR,MRO - Maintenance Supplies
PO-103637-3,Hella GmbH,Laptop compact business grade,IT & Office Equipment,IT & Office Equipment,946.22,2,EUR,IT & Office Equipment
PO-102041-3,ZF Friedrichshafen,Rubber compound 60Sh-A sheet,Raw Mat. Rubber,Raw Materials - Rubber,26.38,200,EUR,Raw Materials - Rubber
PO-101852-3,Mahle GmbH,Wooden pallet EUR standard,Packaging & Logistics,Packaging & Logistics,12.76,20,EUR,Packaging & Logistics
PO-102202-3,Freudenberg Sealing,Wooden pallet EUR standard,Packaging & Logistics,Packaging & Logistics,14.31,1,EUR,Packaging & Logistics
PO-103140-3,Schaeffler Technologies,misc / Bearing assembly v2,MRO,MRO - Maintenance Supplies,169.18,5,EUR,MRO - Maintenance Supplies
PO-100006-5,Hella GmbH,monitor 27in 230v,IT EQUIP,IT & Office Equipment,255.2,10,EUR,IT & Office Equipment
PO-100033-4,SKF Group,Steel coi lhot-rolled 70Sh-A,RAW MAT-STEEL,Raw Materials - Steel,312.67,20,EUR,Raw Materials - Steel
PO-102002-6,Bilstein GmbH,PO item: stretch wrap film 230v roll,Packaging & Logistics,Packaging & Logistics,32.25,5,EUR,Packaging & Logistics
PO-100942-3,Wabco Holdings,Bearing assmebly v3,MRO - Maintenance Supplies,MRO - Maintenance Supplies,208.7,1,EUR,MRO - Maintenance Supplies
PO-100677-4,Bosch Rexroth,Steel sheet S235 6.0mm,Raw Materials - Steel,Raw Materials - Steel,348.97,10,EUR,Raw Materials - Steel
PO-101360-1,Freudenberg Sealing,seal kit connector housing v3,MRO - Maintenance Supplies,MRO - Maintenance Supplies,44.28,20,EUR,MRO - Maintenance Supplies
PO-102742-4,Faiveley Transport,Forged steel billet NBR-70,Raw Materials - Steel,Raw Materials - Steel,812.81,5,EUR,Raw Materials - Steel
PO-101589-6,Voith Turbo,Stretch wrap film M12 roll,Packaging & Logistics,Packaging & Logistics,17.98,10,EUR,Packaging & Logistics
PO-102929-2,Schaeffler Technologies,Seal kit connector housing v3,maintenance,MRO - Maintenance Supplies,16.07,50,EUR,MRO - Maintenance Supplies
PO-100444-2,Faiveley Transport,PCB assembly compact,Electronic Components,Electronic Components,123.57,5,EUR,Electronic Components
PO-101191-7,Continental AG,Laptop v2 business grade,IT & Office Equipment,IT & Office Equipment,733.68,10,EUR,IT & Office Equipment
PO-101330-6,Freudenberg Sealing,Sael kit connector housing Rev.B,maintenance,MRO - Maintenance Supplies,39.17,200,EUR,MRO - Maintenance Supplies
PO-100132-5,Trelleborg Sealing,MONITOR 27IN 24V,IT EQUIP,IT & Office Equipment,153.35,200,EUR,IT & Office Equipment
PO-103798-3,Freudenberg Sealing,CORRUGATED SHIPPING CRATE V2,Packaging & Logistics,Packaging & Logistics,33.26,200,EUR,Packaging & Logistics
PO-102088-1,Bilstein GmbH,Stretch wrap film v2 roll,Packaging & Logistics,Packaging & Logistics,25.82,200,EUR,Packaging & Logistics
PO-101570-1,Wabco Holdings,Seal kit connector housing 24V,MRO - Maintenance Supplies,MRO - Maintenance Supplies,44.43,20,EUR,MRO - Maintenance Supplies
PO-100862-7,SKF Group,order ref pending - Forged steel billet 42CrMo4,raw materials/steel,Raw Materials - Steel,497.81,20,EUR,Raw Materials - Steel
PO-100321-5,Voith Turbo,Forged steel billet S235,Steel,Raw Materials - Steel,405.02,2,EUR,Raw Materials - Steel
PO-101450-7,Faiveley Transport,VULCANIZED RUBBER BLOCK 70SH-A,Raw Mat. Rubber,Raw Materials - Rubber,39.09,5,EUR,Raw Materials - Rubber
PO-102080-7,Bosch Rexroth,steel coil hot-rolled 42crmo4,raw materials/steel,Raw Materials - Steel,397.87,100,EUR,Raw Materials - Steel
PO-102805-4,Haldex AB,Office chair ergonomic Rev.B,IT & Office Equipment,IT & Office Equipment,363.46,50,EUR,IT & Office Equipment
PO-102644-4,Voith Turbo,Hydraulic hose fitting M12,MRO - Maintenance Supplies,MRO - Maintenance Supplies,34.66,1,EUR,MRO - Maintenance Supplies
PO-100568-7,Bilstein GmbH,WOODEN PALLET EUR STANDARD,packaging/logistics,Packaging & Logistics,12.17,200,EUR,Packaging & Logistics
PO-103991-7,Schaeffler Technologies,Bearing assembly v3,MRO - Maintenance Supplies,MRO - Maintenance Supplies,231.86,2,EUR,MRO - Maintenance Supplies
PO-102687-5,Hella GmbH,Monitor 27in HD,IT & Office Equipment,IT & Office Equipment,254.15,2,EUR,IT & Office Equipment
PO-101398-4,Freudenberg Sealing,EPDM rubber seal stock NBR-70,Raw Materials - Rubber,Raw Materials - Rubber,48.8,2,EUR,Raw Materials - Rubber
PO-100304-2,Bosch Rexroth,industrial lubricant v2 20l drum,MRO - Maintenance Supplies,MRO - Maintenance Supplies,178.02,20,EUR,MRO - Maintenance Supplies
PO-104200-6,Continental AG,Office chair ergonomic compact,IT & Office Equipment,IT & Office Equipment,362.09,200,EUR,IT & Office Equipment
PO-100745-2,ZF Friedrichshafen,PO item: Wiring harness connector Rev.,Electronic Components,Electronic Components,51.29,2,EUR,Electronic Components
PO-100156-1,Haldex AB,EPDM RUBBER SEAL STOCK 60SH-A,Raw Materials - Rubber,Raw Materials - Rubber,31.59,10,EUR,Raw Materials - Rubber
PO-103333-7,SKF Group,PO item: Sealing gasket sheet S235,Raw Materials - Rubber,Raw Materials - Rubber,33.6,50,EUR,Raw Materials - Rubber
PO-103397-1,ZF Friedrichshafen,Corrugated shipping crate Rev.B,Packaging & Logistics,Packaging & Logistics,43.0,5,EUR,Packaging & Logistics
PO-100328-5,Faiveley Transport,Hydraulic hose fitting std,MRO/Maint,MRO - Maintenance Supplies,31.14,200,EUR,MRO - Maintenance Supplies
PO-103541-5,Mahle GmbH,Stretch wrap film HD roll,PACKAGING,Packaging & Logistics,34.64,10,EUR,Packaging & Logistics
PO-100378-6,Schaeffler Technologies,HYDRAULIC HOSE FITTING COMPACT,MRO - Maintenance Supplies,MRO - Maintenance Supplies,23.26,200,EUR,MRO - Maintenance Supplies
PO-102113-5,Hella GmbH,Hydraulic hose fittnig M12,MRO - Maintenance Supplies,MRO - Maintenance Supplies,37.25,200,EUR,MRO - Maintenance Supplies
PO-104212-7,Trelleborg Sealing,Office chair ergonomic std ,IT & Office Equipment,IT & Office Equipment,314.76,10,EUR,IT & Office Equipment
PO-100182-6,Faiveley Transport,Wooden pallet EUR standard,Packaging & Logistics,Packaging & Logistics,21.0,20,EUR,Packaging & Logistics
PO-102323-5,Trelleborg Sealing,Wooden pallet EUR standard,packaging/logistics,Packaging & Logistics,17.24,1,EUR,Packaging & Logistics
PO-102808-7,ZF Friedrichshafen,Foregd steel billet DC01,Raw Materials - Steel,Raw Materials - Steel,776.2,100,EUR,Raw Materials - Steel
PO-101007-5,ZF Friedrichshafen,Vulcanized rubber block 70S-hA,RAW MAT-RUBBER,Raw Materials - Rubber,60.19,100,EUR,Raw Materials - Rubber
PO-102400-5,ZF Friedrichshafen,Wiring harness connector 230V,,Electronic Components,66.05,5,EUR,Electronic Components
PO-103860-2,Bilstein GmbH,Connector assembly v2,Electronic Components,Electronic Components,47.41,1,EUR,Electronic Components
PO-101879-2,ZF Friedrichshafen,Steel sheet DC01 8.0mm,raw materials/steel,Raw Materials - Steel,395.91,10,EUR,Raw Materials - Steel
PO-100708-7,Trelleborg Sealing,Vulcanized rubber block 60Sh-A,Raw Materials - Rubber,Raw Materials - Rubber,49.68,2,EUR,Raw Materials - Rubber
PO-102373-6,Freudenberg Sealing,Forged steel billet DC01,raw materials/steel,Raw Materials - Steel,754.08,2,EUR,Raw Materials - Steel
PO-100176-7,Mahle GmbH,PO item: HYDRAULIC HOSE FITTIN G24V,maintenance,MRO - Maintenance Supplies,38.38,2,EUR,MRO - Maintenance Supplies
PO-103884-5,Faiveley Transport,Seal kit connector housing compact,MRO - Maintenance Supplies,MRO - Maintenance Supplies,21.3,10,EUR,MRO - Maintenance Supplies
PO-100573-5,ZF Friedrichshafen,PO item: Industrial lubricant 230V 20L drum,,MRO - Maintenance Supplies,135.65,100,EUR,MRO - Maintenance Supplies
PO-103264-1,Wabco Holdings,Bearing assembly Rev.B,MRO - Maintenance Supplies,MRO - Maintenance Supplies,61.49,1,EUR,MRO - Maintenance Supplies
PO-101148-6,Trelleborg Sealing,Steel sheet S235 1.5mm,Steel,Raw Materials - Steel,281.58,1,EUR,Raw Materials - Steel
PO-102803-2,Freudenberg Sealing,Steel sheet DC01 3.0mm,Raw Materials - Steel,Raw Materials - Steel,376.98,10,EUR,Raw Materials - Steel
PO-102171-7,Elringklinger AG,corrugated shipping cra,PACKAGING,Packaging & Logistics,26.0,50,EUR,Packaging & Logistics
PO-102982-6,Continental AG,Bearing assembly compact,MRO,MRO - Maintenance Supplies,86.01,50,EUR,MRO - Maintenance Supplies
PO-100583-1,Elringklinger AG,Corrugated shipping crate std,packaging/logistics,Packaging & Logistics,48.91,100,EUR,Packaging & Logistics
PO-103396-7,Elringklinger AG,Steel sheet 42CrMo4 6,Raw Materials - Steel,Raw Materials - Steel,263.31,2,EUR,Raw Materials - Steel
PO-100994-6,Freudenberg Sealing,steel hseet dc01 6.0mm,Raw Materials - Steel,Raw Materials - Steel,266.01,50,EUR,Raw Materials - Steel
PO-104037-4,ZF Friedrichshafen,Sealing gakset sheet 70Sh-A,Raw Materials - Rubber,Raw Materials - Rubber,18.18,5,EUR,Raw Materials - Rubber
PO-101231-5,Trelleborg Sealing,Offcie chair ergonomic M12,it/office,IT & Office Equipment,191.57,5,EUR,IT & Office Equipment
PO-103110-1,Faiveley Transport,Bearing assembl,maintenance,MRO - Maintenance Supplies,122.92,100,EUR,MRO - Maintenance Supplies
PO-101098-5,Hella GmbH,EPDM RUBBER SEAL STOCK 42CRMO4,RAW MAT-RUBBER,Raw Materials - Rubber,59.71,200,EUR,Raw Materials - Rubber
PO-101097-4,Faiveley Transport,Laptop std busines,IT & Office Equipment,IT & Office Equipment,988.39,1,EUR,IT & Office Equipment
PO-100727-5,Hella GmbH,PO item: stele coil hot-rolled dc01,RAW MAT-STEEL,Raw Materials - Steel,240.94,1,EUR,Raw Materials - Steel
PO-102047-2,ZF Friedrichshafen,Pressure sensor unit v2,Electronic Components,Electronic Components,221.51,2,EUR,Electronic Components
PO-102267-5,Schaeffler Technologies,Forged steel billet 60Sh-A,Raw Materials - Steel,Raw Materials - Steel,656.5,10,EUR,Raw Materials - Steel
PO-102418-2,Trelleborg Sealing,Monitor 27in Type-A,IT & Office Equipment,IT & Office Equipment,266.76,200,EUR,IT & Office Equipment
PO-103822-6,Trelleborg Sealing,PO item: Forged tseel billet NBR-70,Raw Materials - Steel,Raw Materials - Steel,411.3,200,EUR,Raw Materials - Steel
PO-102179-1,Trelleborg Sealing,Wooden pallet EUR standard,Packaging & Logistics,Packaging & Logistics,16.96,10,EUR,Packaging & Logistics
PO-102057-5,Bilstein GmbH,Steel sheet S235 2.0mm,Raw Materials - Steel,Raw Materials - Steel,253.5,200,EUR,Raw Materials - Steel
PO-101359-7,Trelleborg Sealing,PRESSURE SENSOR UNIT H,Elec. Components,Electronic Components,263.29,200,EUR,Electronic Components
PO-102952-4,Bilstein GmbH,Stretch wrap film M12 roll,,Packaging & Logistics,30.04,50,EUR,Packaging & Logistics
PO-101661-1,Mahle GmbH,Vulcanized rubber block S235,Raw Materials - Rubber,Raw Materials - Rubber,37.13,20,EUR,Raw Materials - Rubber
PO-101192-1,Elringklinger AG,Wiring harness connector 24V,Electronic Components,Electronic Components,8.35,20,EUR,Electronic Components
PO-101744-7,SKF Group,PO item: Stretch wrap film v2 roll,Packaging & Logistics,Packaging & Logistics,21.47,100,EUR,Packaging & Logistics
PO-100603-7,Faiveley Transport,PO item: Laptop 230V business grade,IT & Office Equipment,IT & Office Equipment,1364.41,20,EUR,IT & Office Equipment
PO-101707-5,Hella GmbH,Froged steel billet NBR-70,RAW MAT-STEEL,Raw Materials - Steel,406.81,5,EUR,Raw Materials - Steel
PO-100224-6,ZF Friedrichshafen,Forged steel billet S235,raw materials/steel,Raw Materials - Steel,356.97,5,EUR,Raw Materials - Steel
PO-100813-7,Bilstein GmbH,order ref pending - EPDM rubebr seal stock 60Sh-A,Raw Materials - Rubber,Raw Materials - Rubber,56.98,10,EUR,Raw Materials - Rubber
PO-102149-6,Haldex AB,Steel coil hot-rolle,raw materials/steel,Raw Materials - Steel,452.71,2,EUR,Raw Materials - Steel
PO-101915-3,Continental AG,order ref pending - Steel sheet 60Sh-A 6.0mm,raw materials/steel,Raw Materials - Steel,414.08,2,EUR,Raw Materials - Steel
PO-101217-5,ZF Friedrichshafen,laptop v2 busines,,IT & Office Equipment,1345.04,50,EUR,IT & Office Equipment
PO-102350-4,Trelleborg Sealing,Industrial lubricant 24V 20L drum,MRO - Maintenance Supplies,MRO - Maintenance Supplies,178.61,200,EUR,MRO - Maintenance Supplies
PO-100116-3,SKF Group,PRESSURE SENSOR UNIT V3,Electronic Components,Electronic Components,252.63,5,EUR,Electronic Components
PO-101636-4,Elringklinger AG,Wooden pallet EUR standard,Packaging & Logistics,Packaging & Logistics,15.5,100,EUR,Packaging & Logistics
PO-101555-7,Freudenberg Sealing,SEALING GASKET SHEET D0C1,rubber,Raw Materials - Rubber,17.59,10,EUR,Raw Materials - Rubber
PO-100252-6,Haldex AB,Bearing assembly v3,MRO - Maintenance Supplies,MRO - Maintenance Supplies,56.22,1,EUR,MRO - Maintenance Supplies
PO-104076-1,Trelleborg Sealing,Office chai rergonom,IT & Office Equipment,IT & Office Equipment,274.53,1,EUR,IT & Office Equipment
PO-103703-6,Elringklinger AG,Steel coil hot-rolled 70Sh-A,RAW MAT-STEEL,Raw Materials - Steel,260.5,10,EUR,Raw Materials - Steel
PO-103770-3,Continental AG,Wiring harness ocnnector Rev.B,Electronic Components,Electronic Components,31.67,10,EUR,Electronic Components
PO-102517-3,Schaeffler Technologies,Protective ofam sheet Rev.B,Packaging & Logistics,Packaging & Logistics,17.59,1,EUR,Packaging & Logistics
PO-102220-7,Bosch Rexroth,Seal kit connector housing M12,MRO - Maintenance Supplies,MRO - Maintenance Supplies,33.82,200,EUR,MRO - Maintenance Supplies
PO-102310-6,Wabco Holdings,PCB assembly 230V,Electronic Components,Electronic Components,92.94,200,EUR,Electronic Components
PO-101425-3,ZF Friedrichshafen,CORRUGATED SHIPPING CRATE HD,Pack & Log,Packaging & Logistics,43.45,10,EUR,Packaging & Logistics
PO-101134-6,Schaeffler Technologies,Corrugated shipping crate v3,Packaging & Logistics,Packaging & Logistics,31.8,20,EUR,Packaging & Logistics
PO-102152-2,Continental AG,Hydraulic hose fitting 230V,maintenance,MRO - Maintenance Supplies,46.9,50,EUR,MRO - Maintenance Supplies
PO-102500-7,Trelleborg Sealing,EPDM rubber seal stock S355,RAW MAT-RUBBER,Raw Materials - Rubber,39.75,10,EUR,Raw Materials - Rubber
PO-103696-6,Freudenberg Sealing,Steel coil hot-rolled DC01,Raw Materials - Steel,Raw Materials - Steel,206.88,200,EUR,Raw Materials - Steel
PO-101225-6,Freudenberg Sealing,Office chair ergonomic std,IT & Office Equipment,IT & Office Equipment,212.79,100,EUR,IT & Office Equipment
PO-101063-5,Voith Turbo,Vulcanized rubber block S355,rubber,Raw Materials - Rubber,69.44,5,EUR,Raw Materials - Rubber
PO-100589-7,Wabco Holdings,Wiring harness connector v2,electronics,Electronic Components,66.75,2,EUR,Electronic Components
PO-102561-5,Schaeffler Technologies,Bearing assembl,MRO - Maintenance Supplies,MRO - Maintenance Supplies,49.01,200,EUR,MRO - Maintenance Supplies
PO-100219-1,Faiveley Transport,Steel sheet 42CrMo4 8.0mm,raw materials/steel,Raw Materials - Steel,250.93,1,EUR,Raw Materials - Steel
PO-101910-5,Elringklinger AG,Wiring harness connector Type-A,Electronic Components,Electronic Components,55.03,20,EUR,Electronic Components
PO-100777-6,Haldex AB,Hydraulic hose fitting HD,MRO,MRO - Maintenance Supplies,52.45,5,EUR,MRO - Maintenance Supplies
PO-102654-7,Mahle GmbH,Wiring harnessc onnector compact,Electronic Components,Electronic Components,14.2,10,EUR,Electronic Components
PO-103523-1,Mahle GmbH,Steel coil hot-rolled NB,Steel,Raw Materials - Steel,348.69,10,EUR,Raw Materials - Steel
PO-101943-3,Continental AG,Sealing gasket sheet 60Sh-A,RAW MAT-RUBBER,Raw Materials - Rubber,14.2,10,EUR,Raw Materials - Rubber
PO-100581-6,Wabco Holdings,Woodenp allet EUR standard,packaging/logistics,Packaging & Logistics,17.91,200,EUR,Packaging & Logistics
PO-101749-5,Mahle GmbH,misc / Wiring harness connector std,Electronic Components,Electronic Components,52.69,2,EUR,Electronic Components
PO-103431-7,Freudenberg Sealing,PCB assembly HD,Electronic Components,Electronic Components,29.82,50,EUR,Electronic Components
PO-103101-6,Continental AG,Sealing gasket sheet S235,Raw Materials - Rubber,Raw Materials - Rubber,29.71,10,EUR,Raw Materials - Rubber
PO-101118-4,Freudenberg Sealing,Corrugated shipping craet HD,,Packaging & Logistics,33.08,200,EUR,Packaging & Logistics
PO-102091-4,SKF Group,STEEL COIL HOT-ROLLED S355,Raw Materials - Steel,Raw Materials - Steel,307.33,20,EUR,Raw Materials - Steel
PO-101293-4,SKF Group,rubber compound 70sh-a shete,Raw Materials - Rubber,Raw Materials - Rubber,22.82,5,EUR,Raw Materials - Rubber
PO-101857-1,Schaeffler Technologies,Protective foam sheet compact,,Packaging & Logistics,9.43,5,EUR,Packaging & Logistics
PO-103202-2,Bilstein GmbH,PCB assembly std,Electronic Components,Electronic Components,55.25,200,EUR,Electronic Components
PO-102366-6,Continental AG,CORRUGATED SHIPPING CRATE REV.B,Packaging & Logistics,Packaging & Logistics,34.69,100,EUR,Packaging & Logistics
PO-103989-5,ZF Friedrichshafen,epdm rubber seal stock 60sh-a,Raw Materials - Rubber,Raw Materials - Rubber,49.36,200,EUR,Raw Materials - Rubber
PO-100846-5,Continental AG,office chair ergonomic 230v,IT & Office Equipment,IT & Office Equipment,276.39,50,EUR,IT & Office Equipment
PO-103550-7,Wabco Holdings,Stretch wrap film compact roll,Packaging & Logistics,Packaging & Logistics,23.12,1,EUR,Packaging & Logistics
PO-103088-7,Mahle GmbH,Seal kit connector housing M12,MRO - Maintenance Supplies,MRO - Maintenance Supplies,19.54,50,EUR,MRO - Maintenance Supplies
PO-103330-4,Faiveley Transport,Protective foam sheet std,Pack & Log,Packaging & Logistics,26.44,200,EUR,Packaging & Logistics
PO-102114-6,Freudenberg Sealing,Bearing assembly std,MRO - Maintenance Supplies,MRO - Maintenance Supplies,117.91,10,EUR,MRO - Maintenance Supplies
PO-102460-2,Wabco Holdings,Sealing gasket sheet S355,Raw Materials - Rubber,Raw Materials - Rubber,15.26,100,EUR,Raw Materials - Rubber
PO-101598-1,Schaeffler Technologies,Hydraulic hose fitting M12,MRO - Maintenance Supplies,MRO - Maintenance Supplies,43.39,1,EUR,MRO - Maintenance Supplies
PO-101113-6,Bosch Rexroth,SEALING GASKET SHEET 70S-HA,Raw Materials - Rubber,Raw Materials - Rubber,17.88,10,EUR,Raw Materials - Rubber
PO-102148-5,Hella GmbH,Monitor 27in v3,IT & Office,IT & Office Equipment,164.85,1,EUR,IT & Office Equipment
PO-100041-5,Schaeffler Technologies,Protective foam sheet v2,Packaging & Logistics,Packaging & Logistics,23.2,10,EUR,Packaging & Logistics
PO-102627-1,Freudenberg Sealing,PCB assembly 230V,ELEC COMP,Electronic Components,99.89,200,EUR,Electronic Components
PO-102102-1,Trelleborg Sealing,Connector assembly HD sealed,Elec. Components,Electronic Components,36.14,100,EUR,Electronic Components
PO-102407-5,Continental AG,order ref pending - Forged tseel billet 60Sh-A,RAW MAT-STEEL,Raw Materials - Steel,711.48,50,EUR,Raw Materials - Steel
PO-101468-4,Mahle GmbH,PO item: Industrial lubricant 230V 20L drum,MRO - Maintenance Supplies,MRO - Maintenance Supplies,175.84,20,EUR,MRO - Maintenance Supplies
PO-103849-5,Haldex AB,Bearing assembly v3,maintenance,MRO - Maintenance Supplies,254.39,50,EUR,MRO - Maintenance Supplies
PO-102120-5,Freudenberg Sealing,LAPTOP 230V BUSINESS GRADE,it/office,IT & Office Equipment,1051.49,100,EUR,IT & Office Equipment
PO-102555-6,Trelleborg Sealing,laptop 24v business grdae,it/office,IT & Office Equipment,1173.87,200,EUR,IT & Office Equipment
PO-101076-4,Trelleborg Sealing,Vulcanized rubber block 42CrMo4,Raw Materials - Rubber,Raw Materials - Rubber,28.61,1,EUR,Raw Materials - Rubber
PO-102976-7,Bilstein GmbH,Connector assembly Type-A sealed,ELEC COMP,Electronic Components,43.42,1,EUR,Electronic Components
PO-103326-7,Continental AG,Seal kit connector housing 24V,MRO/Maint,MRO - Maintenance Supplies,12.8,100,EUR,MRO - Maintenance Supplies
PO-102377-3,Bilstein GmbH,Sealing gasket sheet S355,Raw Materials - Rubber,Raw Materials - Rubber,36.43,200,EUR,Raw Materials - Rubber
PO-101599-2,Wabco Holdings,PO item: Forged steel billet NBR-70,RAW MAT-STEEL,Raw Materials - Steel,640.85,10,EUR,Raw Materials - Steel
PO-101704-2,ZF Friedrichshafen,Corrugated shipping crate Rev.B,packaging/logistics,Packaging & Logistics,22.2,2,EUR,Packaging & Logistics
PO-100988-7,Wabco Holdings,Steel coil hot-rolled NBR-70,RAW MAT-STEEL,Raw Materials - Steel,330.4,5,EUR,Raw Materials - Steel
PO-102600-2,Hella GmbH,Office chair ergonomic v2,IT EQUIP,IT & Office Equipment,345.18,20,EUR,IT & Office Equipment
PO-103807-5,Haldex AB,Industrial lubricant M12 20L drum,MRO - Maintenance Supplies,MRO - Maintenance Supplies,174.65,1,EUR,MRO - Maintenance Supplies
PO-102252-4,Trelleborg Sealing,yHdraulic hose fit,maintenance,MRO - Maintenance Supplies,12.5,20,EUR,MRO - Maintenance Supplies
PO-100272-5,Bilstein GmbH,Stretch wrap film v,Packaging & Logistics,Packaging & Logistics,33.9,20,EUR,Packaging & Logistics
PO-102893-1,Wabco Holdings,Forged steel billet 60Sh-A,RAW MAT-STEEL,Raw Materials - Steel,440.16,1,EUR,Raw Materials - Steel
PO-102714-4,Mahle GmbH,Office chair ergonomic Rev.B,it/office,IT & Office Equipment,334.36,1,EUR,IT & Office Equipment
PO-103605-6,Faiveley Transport,Laptop HD business grade,IT & Office Equipment,IT & Office Equipment,1050.17,20,EUR,IT & Office Equipment
PO-100772-1,Faiveley Transport,STEEL COIL HOT-ROLLED DC01,raw materials/steel,Raw Materials - Steel,217.47,50,EUR,Raw Materials - Steel
PO-103794-6,SKF Group,Steel coil hot-rolled N,Raw Materials - Steel,Raw Materials - Steel,294.47,10,EUR,Raw Materials - Steel
PO-102484-5,Voith Turbo,misc / Office chair ergonomic Rev.B,IT EQUIP,IT & Office Equipment,190.97,20,EUR,IT & Office Equipment
PO-100938-6,ZF Friedrichshafen,Industrial lubricant compact 20L drum,MRO,MRO - Maintenance Supplies,101.55,2,EUR,MRO - Maintenance Supplies
PO-100740-4,Wabco Holdings,Wooden pallet EUR standard,Packaging & Logistics,Packaging & Logistics,10.85,100,EUR,Packaging & Logistics
PO-104128-4,ZF Friedrichshafen,PO item: EPDM RUBBER SEAL STOCK 60SH-A,Raw Materials - Rubber,Raw Materials - Rubber,25.04,2,EUR,Raw Materials - Rubber
PO-100614-4,Voith Turbo,EPDM rubber seal stock NBR-70,Raw Materials - Rubber,Raw Materials - Rubber,59.34,100,EUR,Raw Materials - Rubber
PO-100888-5,Trelleborg Sealing,Forged steel billet X5CrNi,Steel,Raw Materials - Steel,541.79,5,EUR,Raw Materials - Steel
PO-102643-3,Bilstein GmbH,Stretch wrap film 24V roll,Pack & Log,Packaging & Logistics,24.94,200,EUR,Packaging & Logistics
PO-102813-5,Voith Turbo,EPDM rubber seal stock S355,Raw Materials - Rubber,Raw Materials - Rubber,59.39,50,EUR,Raw Materials - Rubber
PO-104127-3,Mahle GmbH,Pressure sensor unit 230V,,Electronic Components,248.66,50,EUR,Electronic Components
PO-101011-2,Hella GmbH,Laptop Type-A business,IT & Office Equipment,IT & Office Equipment,1031.24,50,EUR,IT & Office Equipment
PO-101991-2,Continental AG,Stretch wrap film HD roll,Packaging & Logistics,Packaging & Logistics,29.95,1,EUR,Packaging & Logistics
PO-102804-3,SKF Group,Steel sheetS 235 6.0mm,Raw Materials - Steel,Raw Materials - Steel,305.54,50,EUR,Raw Materials - Steel
PO-101830-2,Continental AG,Monitor 27in v3,IT EQUIP,IT & Office Equipment,265.96,5,EUR,IT & Office Equipment
PO-101475-4,Wabco Holdings,Protective foam sheet Type-A,Pack & Log,Packaging & Logistics,27.0,5,EUR,Packaging & Logistics
PO-101364-5,Elringklinger AG,Wooden pallet EUR standard,Pack & Log,Packaging & Logistics,16.19,5,EUR,Packaging & Logistics
PO-103911-4,ZF Friedrichshafen,HYDRAULIC HOSE FITTING 24V,MRO - Maintenance Supplies,MRO - Maintenance Supplies,18.64,5,EUR,MRO - Maintenance Supplies
PO-104209-1,SKF Group,Seal kit connector housing v3 ,MRO,MRO - Maintenance Supplies,45.3,20,EUR,MRO - Maintenance Supplies
PO-102809-1,Hella GmbH,Bearing assembly compact,MRO - Maintenance Supplies,MRO - Maintenance Supplies,158.07,5,EUR,MRO - Maintenance Supplies
PO-101814-7,Haldex AB,misc / Vulcanized rubber block NBR-70,,Raw Materials - Rubber,27.21,5,EUR,Raw Materials - Rubber
PO-101041-4,Hella GmbH,Hydraulic hose fitting HD,MRO - Maintenance Supplies,MRO - Maintenance Supplies,29.83,5,EUR,MRO - Maintenance Supplies
PO-102186-1,Elringklinger AG,FORGED STEEL BILLET DC01,raw materials/steel,Raw Materials - Steel,539.97,2,EUR,Raw Materials - Steel
PO-103133-3,Mahle GmbH,Wooden pallet EUR stand,Packaging & Logistics,Packaging & Logistics,13.95,2,EUR,Packaging & Logistics
PO-102949-1,Mahle GmbH,EPDM rubber seal stock 60Sh-A,RAW MAT-RUBBER,Raw Materials - Rubber,19.0,5,EUR,Raw Materials - Rubber
PO-104105-2,Bosch Rexroth,Stretch wrap film Type-A roll,packaging/logistics,Packaging & Logistics,29.21,10,EUR,Packaging & Logistics
PO-100211-7,Voith Turbo,STEEL COIL HOT-ROLLED S235,Raw Materials - Steel,Raw Materials - Steel,471.08,10,EUR,Raw Materials - Steel
PO-102126-4,Mahle GmbH,epdm rubber seal stock s235,Raw Materials - Rubber,Raw Materials - Rubber,30.7,5,EUR,Raw Materials - Rubber
PO-102461-3,Hella GmbH,Sealing gasket sheet 42CrMo4,RAW MAT-RUBBER,Raw Materials - Rubber,33.98,20,EUR,Raw Materials - Rubber
PO-101139-4,Freudenberg Sealing,EPDM rubber seal stock NBR-70,rubber,Raw Materials - Rubber,39.89,200,EUR,Raw Materials - Rubber
PO-103059-6,Mahle GmbH,Connector assmebly M12 sealed,Electronic Components,Electronic Components,87.79,2,EUR,Electronic Components
PO-100337-7,Haldex AB,Wooden pallet EU Rstandard,Packaging & Logistics,Packaging & Logistics,19.05,100,EUR,Packaging & Logistics
PO-100587-5,Bilstein GmbH,Corrugated shipping crate M12,packaging/logistics,Packaging & Logistics,30.54,100,EUR,Packaging & Logistics
PO-100246-7,Freudenberg Sealing,PO item: Corrugated shipping crate HD,packaging/logistics,Packaging & Logistics,46.71,5,EUR,Packaging & Logistics
PO-100206-2,Mahle GmbH,Steel coil hot-rolled NBR-07,Raw Materials - Steel,Raw Materials - Steel,479.81,200,EUR,Raw Materials - Steel
PO-104192-5,Continental AG,PRESSURE SENSOR UNIT 230V,ELEC COMP,Electronic Components,182.91,5,EUR,Electronic Components
PO-103921-7,Elringklinger AG,Monitor 27in 230V,IT & Office Equipment,IT & Office Equipment,149.91,200,EUR,IT & Office Equipment
PO-103603-4,SKF Group,PCB assembly 230V,,Electronic Components,163.82,1,EUR,Electronic Components
PO-100878-2,Faiveley Transport,Laptop 230V bus,IT & Office Equipment,IT & Office Equipment,906.35,5,EUR,IT & Office Equipment
PO-100339-2,Faiveley Transport,Monitor 27,IT & Office Equipment,IT & Office Equipment,205.21,5,EUR,IT & Office Equipment
PO-100510-5,Mahle GmbH,Rubber compound X5CrNi sheet,Raw Materials - Rubber,Raw Materials - Rubber,43.43,2,EUR,Raw Materials - Rubber
PO-102936-2,Trelleborg Sealing,Hydraulic hose fitting 230V,MRO,MRO - Maintenance Supplies,39.32,50,EUR,MRO - Maintenance Supplies
PO-103449-4,Elringklinger AG,Monitor 27in std,IT EQUIP,IT & Office Equipment,220.83,5,EUR,IT & Office Equipment
PO-103270-7,Faiveley Transport,Corrugated shipping crate compact,Packaging & Logistics,Packaging & Logistics,34.96,5,EUR,Packaging & Logistics
PO-100652-7,Elringklinger AG,Laptop compact business grade,IT & Office Equipment,IT & Office Equipment,910.81,200,EUR,IT & Office Equipment
PO-104012-7,Freudenberg Sealing,order ref pending - Industrial lubricant HD 20L drum,MRO - Maintenance Supplies,MRO - Maintenance Supplies,136.89,50,EUR,MRO - Maintenance Supplies
PO-103344-4,Faiveley Transport,INDUSTRIAL LUBRICANT 230V 20L DRUM,MRO - Maintenance Supplies,MRO - Maintenance Supplies,107.07,50,EUR,MRO - Maintenance Supplies
PO-100024-2,Bilstein GmbH,Offiec chair ergonomic 24V,IT & Office Equipment,IT & Office Equipment,263.84,20,EUR,IT & Office Equipment
PO-100572-4,Bosch Rexroth,EPDM RUBBER SAEL STOCK 6,,Raw Materials - Rubber,49.03,200,EUR,Raw Materials - Rubber
PO-100977-3,Faiveley Transport,Connector assembly std sealed,ELEC COMP,Electronic Components,75.94,5,EUR,Electronic Components
PO-102225-5,ZF Friedrichshafen,Bearing assembly 24V,MRO - Maintenance Supplies,MRO - Maintenance Supplies,65.62,1,EUR,MRO - Maintenance Supplies
PO-101554-6,Bosch Rexroth,office chair ergonomic std,IT & Office Equipment,IT & Office Equipment,176.6,5,EUR,IT & Office Equipment
PO-100470-7,ZF Friedrichshafen,LAPTOP V3 BUSINESS GRADE,IT & Office Equipment,IT & Office Equipment,1047.71,10,EUR,IT & Office Equipment
PO-101300-4,Elringklinger AG,Protective foam sheet Rev.B,PACKAGING,Packaging & Logistics,21.22,50,EUR,Packaging & Logistics
PO-100802-3,Continental AG,yHdraulic hose fitting 230V,MRO - Maintenance Supplies,MRO - Maintenance Supplies,51.02,20,EUR,MRO - Maintenance Supplies
PO-103252-3,Trelleborg Sealing,Seal kit connector housing 24V,maintenance,MRO - Maintenance Supplies,33.74,100,EUR,MRO - Maintenance Supplies
PO-101853-4,Haldex AB,Wooden pallet EUR standard,,Packaging & Logistics,16.75,1,EUR,Packaging & Logistics
PO-104113-3,Voith Turbo,HYDRAULIC HOSE FITTING M12,MRO - Maintenance Supplies,MRO - Maintenance Supplies,22.02,200,EUR,MRO - Maintenance Supplies
PO-101992-3,Haldex AB,steel sheet s235 2.0mm,Raw Materials - Steel,Raw Materials - Steel,231.99,1,EUR,Raw Materials - Steel
PO-102943-2,Voith Turbo,Wooden pallet EUR standard,PACKAGING,Packaging & Logistics,10.81,200,EUR,Packaging & Logistics
PO-101480-2,Freudenberg Sealing,Stretch wrap film HD roll,packaging/logistics,Packaging & Logistics,20.77,20,EUR,Packaging & Logistics
PO-103837-7,Wabco Holdings,PO item: Laptop Type-A business grad,IT & Office Equipment,IT & Office Equipment,1005.01,2,EUR,IT & Office Equipment
PO-104077-2,Hella GmbH,nIdustrial lubricant v2 20L drum,,MRO - Maintenance Supplies,134.13,2,EUR,MRO - Maintenance Supplies
PO-102696-7,Freudenberg Sealing,pressure sensor unit v3,Electronic Components,Electronic Components,195.3,20,EUR,Electronic Components
PO-102820-5,Hella GmbH,Corrugated shipping crate Rev.B,Pack & Log,Packaging & Logistics,43.88,10,EUR,Packaging & Logistics
PO-100632-1,Faiveley Transport,Pressure sensor unit v3,ELEC COMP,Electronic Components,225.95,50,EUR,Electronic Components
PO-103879-7,Bilstein GmbH,WIRING HARNESS CONNECTOR M12,Electronic Components,Electronic Components,75.01,200,EUR,Electronic Components
PO-101533-6,Hella GmbH,PO item: Bearing assembly ,maintenance,MRO - Maintenance Supplies,90.78,20,EUR,MRO - Maintenance Supplies
PO-103608-2,Bosch Rexroth,Wiring harness connector v2,Electronic Components,Electronic Components,76.2,200,EUR,Electronic Components
PO-101078-6,Wabco Holdings,Protective foam sheet HD,Pack & Log,Packaging & Logistics,10.58,200,EUR,Packaging & Logistics
PO-100548-1,Hella GmbH,Sealing gasket s,Raw Materials - Rubber,Raw Materials - Rubber,12.67,200,EUR,Raw Materials - Rubber
PO-103455-3,Wabco Holdings,Bearing assembly v3,MRO - Maintenance Supplies,MRO - Maintenance Supplies,198.59,200,EUR,MRO - Maintenance Supplies
PO-100319-3,SKF Group,Steel coil hot-rolled 60Sh-A,Raw Materials - Steel,Raw Materials - Steel,259.29,5,EUR,Raw Materials - Steel
PO-101263-2,Continental AG,Forged steel billet S355,Raw Materials - Steel,Raw Materials - Steel,635.64,2,EUR,Raw Materials - Steel
PO-101588-5,SKF Group,Wooden pallet EUR standard,Packaging & Logistics,Packaging & Logistics,18.81,20,EUR,Packaging & Logistics
PO-100754-4,SKF Group,order ref pending - Sealnig gasket she,RAW MAT-RUBBER,Raw Materials - Rubber,11.62,2,EUR,Raw Materials - Rubber
PO-100676-3,Bilstein GmbH,Laptop 230V business grade,it/office,IT & Office Equipment,896.48,5,EUR,IT & Office Equipment
PO-102835-6,Continental AG,EPDM rubber seal s,Raw Materials - Rubber,Raw Materials - Rubber,25.77,200,EUR,Raw Materials - Rubber
PO-101514-1,Continental AG,Industrial lubricant 230V 20L drum,maintenance,MRO - Maintenance Supplies,143.37,200,EUR,MRO - Maintenance Supplies
PO-101372-6,Continental AG,Protective foam sheet 230V,Packaging & Logistics,Packaging & Logistics,14.05,20,EUR,Packaging & Logistics
PO-102817-2,Voith Turbo,PCB ASSEMBL,Elec. Components,Electronic Components,151.67,10,EUR,Electronic Components
PO-103338-5,Haldex AB,Pressure snesor unit HD,ELEC COMP,Electronic Components,82.99,5,EUR,Electronic Components
PO-100439-4,ZF Friedrichshafen,Monitor 27in compact,IT & Office Equipment,IT & Office Equipment,273.09,200,EUR,IT & Office Equipment
PO-100152-4,Wabco Holdings,Rubber compound DC01 sheet,Raw Mat. Rubber,Raw Materials - Rubber,22.6,1,EUR,Raw Materials - Rubber
PO-101897-6,Elringklinger AG,Wiring harness connector std,Electronic Components,Electronic Components,30.33,200,EUR,Electronic Components
PO-104042-2,Freudenberg Sealing,WIRING HARNESS CONNECTOR V3,Electronic Components,Electronic Components,83.42,20,EUR,Electronic Components
PO-104001-3,Elringklinger AG,order ref pending - MONITOR 27IN HD,IT & Office Equipment,IT & Office Equipment,287.76,5,EUR,IT & Office Equipment
PO-100971-4,Schaeffler Technologies,STRETCH WRAP FILM V3 ROLL,Packaging & Logistics,Packaging & Logistics,18.96,10,EUR,Packaging & Logistics
PO-102322-4,Voith Turbo,MONITOR 27IN 24V,IT & Office Equipment,IT & Office Equipment,179.74,100,EUR,IT & Office Equipment
PO-101434-5,Schaeffler Technologies,Rubber compound NBR-70 sheet,Raw Materials - Rubber,Raw Materials - Rubber,37.21,10,EUR,Raw Materials - Rubber
PO-103023-5,Mahle GmbH,protective foam sheet type-a,Packaging & Logistics,Packaging & Logistics,15.3,100,EUR,Packaging & Logistics
PO-103139-2,Voith Turbo,Laptop v3 business grade,it/office,IT & Office Equipment,1168.32,1,EUR,IT & Office Equipment
PO-103277-7,Mahle GmbH,Steel sheet 70Sh-A 3.0mm,RAW MAT-STEEL,Raw Materials - Steel,232.54,1,EUR,Raw Materials - Steel
PO-100058-1,Haldex AB,PCB assembly Type-A,Electronic Components,Electronic Components,69.75,10,EUR,Electronic Components
PO-102025-1,Bilstein GmbH,Office chair ergonomic Type-A,IT EQUIP,IT & Office Equipment,137.05,100,EUR,IT & Office Equipment
PO-100420-6,Bosch Rexroth,order ref pending - Forged steel billet 70Sh-A,Raw Materials - Steel,Raw Materials - Steel,417.11,20,EUR,Raw Materials - Steel
PO-104013-1,Bilstein GmbH,Pressure sensor unit v3,electronics,Electronic Components,92.53,100,EUR,Electronic Components
PO-103209-2,SKF Group,Corrugated shipping crate Type-A,Packaging & Logistics,Packaging & Logistics,15.1,10,EUR,Packaging & Logistics
PO-100218-7,SKF Group,Hydraulic hose fitting v3,MRO - Maintenance Supplies,MRO - Maintenance Supplies,45.6,10,EUR,MRO - Maintenance Supplies
PO-103309-4,Hella GmbH,rubber compound s355 sheet,Raw Materials - Rubber,Raw Materials - Rubber,43.38,200,EUR,Raw Materials - Rubber
PO-103662-7,ZF Friedrichshafen,PCB assembly M12,Electronic Components,Electronic Components,17.12,2,EUR,Electronic Components
PO-103923-2,Bilstein GmbH,Wiring harness connector compact,Electronic Components,Electronic Components,32.05,50,EUR,Electronic Components
PO-101789-3,Hella GmbH,Rubber compound 42CrM,Raw Materials - Rubber,Raw Materials - Rubber,38.02,5,EUR,Raw Materials - Rubber
PO-101039-2,Trelleborg Sealing,PCB ASSEMLBY M12,Electronic Components,Electronic Components,87.11,5,EUR,Electronic Components
PO-102618-6,SKF Group,connector assmebly std sealed,Electronic Components,Electronic Components,76.14,200,EUR,Electronic Components
PO-100443-1,Continental AG,PCB ASSEMLBY 230V,Electronic Components,Electronic Components,8.18,50,EUR,Electronic Components
PO-103227-6,Freudenberg Sealing,Wooden pallet EUR standard,packaging/logistics,Packaging & Logistics,11.43,10,EUR,Packaging & Logistics
PO-101290-1,Freudenberg Sealing,Vulcanized rubber block 60Sh-A,Raw Mat. Rubber,Raw Materials - Rubber,44.71,100,EUR,Raw Materials - Rubber
PO-101750-6,Bosch Rexroth,Seal kit connector housing compact,MRO - Maintenance Supplies,MRO - Maintenance Supplies,45.52,1,EUR,MRO - Maintenance Supplies
PO-102085-5,Continental AG,Hydraulic hose iftting M12,MRO - Maintenance Supplies,MRO - Maintenance Supplies,41.79,5,EUR,MRO - Maintenance Supplies
PO-102708-5,Schaeffler Technologies,Seal kit connector housing 230V,MRO/Maint,MRO - Maintenance Supplies,21.82,10,EUR,MRO - Maintenance Supplies
PO-103967-4,Hella GmbH,order ref pending - Steel coil hot-rolled S235,raw materials/steel,Raw Materials - Steel,329.7,200,EUR,Raw Materials - Steel
PO-103683-7,Schaeffler Technologies,misc / Hydraulic hose fitting v3,,MRO - Maintenance Supplies,51.23,100,EUR,MRO - Maintenance Supplies
PO-103678-2,Haldex AB,Wiring harness connector std,ELEC COMP,Electronic Components,25.64,100,EUR,Electronic Components
PO-103067-7,Continental AG,Office chair egronomic Rev.B,IT & Office Equipment,IT & Office Equipment,229.33,20,EUR,IT & Office Equipment
PO-102178-7,Freudenberg Sealing,Stretch wrap film HD rol,Packaging & Logistics,Packaging & Logistics,18.93,200,EUR,Packaging & Logistics
PO-100193-3,Haldex AB,Seal kit connector housing std,MRO,MRO - Maintenance Supplies,69.46,200,EUR,MRO - Maintenance Supplies
PO-103912-5,Mahle GmbH,Steel coil hot-rolled DC01,Raw Materials - Steel,Raw Materials - Steel,289.06,200,EUR,Raw Materials - Steel
PO-101984-2,Voith Turbo,Sealing gasket sheet S235,Raw Materials - Rubber,Raw Materials - Rubber,21.25,20,EUR,Raw Materials - Rubber
PO-103448-3,Continental AG,Pressure sensor unit std,,Electronic Components,74.92,1,EUR,Electronic Components
PO-102629-3,Elringklinger AG,Connector assembly compact sealed,Electronic Components,Electronic Components,18.03,1,EUR,Electronic Components
PO-102056-4,Faiveley Transport,misc / Corrugated shipping crate T,Packaging & Logistics,Packaging & Logistics,38.53,100,EUR,Packaging & Logistics
PO-102523-2,Elringklinger AG,Wiring harness connec,ELEC COMP,Electronic Components,12.7,20,EUR,Electronic Components
PO-102575-5,Continental AG,EPDM rubber seal stock 60Sh-A,Raw Materials - Rubber,Raw Materials - Rubber,21.66,100,EUR,Raw Materials - Rubber
PO-100514-2,Wabco Holdings,STEEL SHEET X5CRNI 2.0MM,Raw Materials - Steel,Raw Materials - Steel,407.71,50,EUR,Raw Materials - Steel
PO-103592-7,Trelleborg Sealing,Bearing assem,MRO - Maintenance Supplies,MRO - Maintenance Supplies,231.14,1,EUR,MRO - Maintenance Supplies
PO-102918-5,Haldex AB,Bearing assembly HD,MRO/Maint,MRO - Maintenance Supplies,136.14,2,EUR,MRO - Maintenance Supplies
PO-100957-4,SKF Group,Wooden pallet EUR standard,PACKAGING,Packaging & Logistics,8.32,100,EUR,Packaging & Logistics
PO-103628-1,Voith Turbo,Steel sheet 60Sh-A 8.0mm,Raw Materials - Steel,Raw Materials - Steel,247.16,100,EUR,Raw Materials - Steel
PO-100294-6,Haldex AB,Rubber compound NBR-70 sheet,Raw Materials - Rubber,Raw Materials - Rubber,36.59,1,EUR,Raw Materials - Rubber
PO-101201-3,Elringklinger AG,misc / PCB assembly Rev.B,,Electronic Components,213.52,2,EUR,Electronic Components
PO-100261-1,Mahle GmbH,Laptop compact business grade,IT & Office Equipment,IT & Office Equipment,659.89,100,EUR,IT & Office Equipment
PO-100544-4,Mahle GmbH,Office chair ergonomic std,IT & Office,IT & Office Equipment,206.51,100,EUR,IT & Office Equipment
PO-100352-1,Hella GmbH,Office chair ergonomic 24V,IT & Office Equipment,IT & Office Equipment,353.22,20,EUR,IT & Office Equipment
PO-100954-1,ZF Friedrichshafen,Sealing gasket sheet 60Sh-A,Raw Materials - Rubber,Raw Materials - Rubber,29.93,50,EUR,Raw Materials - Rubber
PO-101418-3,Schaeffler Technologies,Industrial lubricant 24V 20L drum,maintenance,MRO - Maintenance Supplies,179.4,200,EUR,MRO - Maintenance Supplies
PO-100465-2,Continental AG,Forged steel billet NBR-70,Raw Materials - Steel,Raw Materials - Steel,697.75,2,EUR,Raw Materials - Steel
PO-103162-4,Bosch Rexroth,PCB assembly Type-A,Electronic Components,Electronic Components,14.73,2,EUR,Electronic Components
PO-101303-7,Trelleborg Sealing,Protective foam sheet 230V,PACKAGING,Packaging & Logistics,13.69,5,EUR,Packaging & Logistics
PO-101658-5,Bilstein GmbH,Forged steel billet X5CrNi,Raw Materials - Steel,Raw Materials - Steel,520.02,5,EUR,Raw Materials - Steel
PO-103952-3,Voith Turbo,Industrial lubricant HD 20L drum,MRO - Maintenance Supplies,MRO - Maintenance Supplies,111.26,50,EUR,MRO - Maintenance Supplies
PO-102177-6,Trelleborg Sealing,Connector assembly v3 sealed,Elec. Components,Electronic Components,33.95,10,EUR,Electronic Components
PO-103787-6,Wabco Holdings,Pressure sensor unit compact,Electronic Components,Electronic Components,230.6,10,EUR,Electronic Components
PO-103529-7,Hella GmbH,OFFICE CHIAR ERGONOMI,IT EQUIP,IT & Office Equipment,377.73,10,EUR,IT & Office Equipment
PO-101667-7,Hella GmbH,bearing assembly hd,MRO,MRO - Maintenance Supplies,121.64,10,EUR,MRO - Maintenance Supplies
PO-103161-3,Haldex AB,Vulcanized rubber block 42CrMo4,Raw Materials - Rubber,Raw Materials - Rubber,32.06,100,EUR,Raw Materials - Rubber
PO-101073-1,Hella GmbH,Corrugated shipping crate v2,Packaging & Logistics,Packaging & Logistics,31.65,5,EUR,Packaging & Logistics
PO-100858-3,Faiveley Transport,misc / Forged steel billet S355,Raw Materials - Steel,Raw Materials - Steel,622.45,100,EUR,Raw Materials - Steel
PO-101660-7,Hella GmbH,Sealing gasket sheet NBR-70,,Raw Materials - Rubber,30.96,100,EUR,Raw Materials - Rubber
PO-100286-5,Hella GmbH,STEEL COIL HOT-ROLLED NBR-70,Raw Materials - Steel,Raw Materials - Steel,230.92,200,EUR,Raw Materials - Steel
PO-103371-3,Elringklinger AG,steel coil hot-rolled 60sh-a,Raw Materials - Steel,Raw Materials - Steel,205.71,1,EUR,Raw Materials - Steel
PO-100591-2,Faiveley Transport,Corrugated shipping crate std,Packaging & Logistics,Packaging & Logistics,38.38,10,EUR,Packaging & Logistics
PO-100719-4,SKF Group,oMnitor 27in M12,IT & Office,IT & Office Equipment,159.29,50,EUR,IT & Office Equipment
PO-101653-7,Wabco Holdings,Steel coil hot-rolled 60Sh-A,Raw Materials - Steel,Raw Materials - Steel,386.36,100,EUR,Raw Materials - Steel
PO-103838-1,Voith Turbo,Steel sheet DC01 3.0mm,Raw Materials - Steel,Raw Materials - Steel,236.44,200,EUR,Raw Materials - Steel
PO-102192-7,Mahle GmbH,Sealing gasket sheet S235,Raw Materials - Rubber,Raw Materials - Rubber,19.99,20,EUR,Raw Materials - Rubber
PO-101928-2,Wabco Holdings,Sealing gasket sheetS 235,Raw Materials - Rubber,Raw Materials - Rubber,21.48,1,EUR,Raw Materials - Rubber
PO-101329-5,Haldex AB,Bearing assembly v2,MRO - Maintenance Supplies,MRO - Maintenance Supplies,174.47,2,EUR,MRO - Maintenance Supplies
PO-103447-2,Trelleborg Sealing,Seal kit connector houisng v3,MRO/Maint,MRO - Maintenance Supplies,64.6,200,EUR,MRO - Maintenance Supplies
PO-103552-2,Freudenberg Sealing,STEEL SHEET 60SH-A 8.0MM,raw materials/steel,Raw Materials - Steel,404.38,1,EUR,Raw Materials - Steel
PO-102723-6,Voith Turbo,Stretch wrap film v3 roll,Packaging & Logistics,Packaging & Logistics,16.23,2,EUR,Packaging & Logistics
PO-100125-5,Faiveley Transport,Protective foam sheet M12,Packaging & Logistics,Packaging & Logistics,14.22,1,EUR,Packaging & Logistics
PO-104028-2,Faiveley Transport,Steel sheet 60Sh-A .40mm,Steel,Raw Materials - Steel,268.0,5,EUR,Raw Materials - Steel
PO-102811-3,Voith Turbo,Industrial lubricant 230V 20L drum,MRO - Maintenance Supplies,MRO - Maintenance Supplies,124.8,200,EUR,MRO - Maintenance Supplies
PO-101354-2,Schaeffler Technologies,sealing gaske tsheet dc01,Raw Materials - Rubber,Raw Materials - Rubber,30.29,200,EUR,Raw Materials - Rubber
PO-100038-2,Bosch Rexroth,Bearing assembly 230V,MRO - Maintenance Supplies,MRO - Maintenance Supplies,203.6,200,EUR,MRO - Maintenance Supplies
PO-100716-1,Trelleborg Sealing,Monitor 27in Type-A,,IT & Office Equipment,249.65,200,EUR,IT & Office Equipment
PO-102992-2,Continental AG,Steel coil hot-rolled S235,Raw Materials - Steel,Raw Materials - Steel,264.05,2,EUR,Raw Materials - Steel
PO-103672-3,Faiveley Transport,hydraulic hose fitting v3,,MRO - Maintenance Supplies,14.73,100,EUR,MRO - Maintenance Supplies
PO-103207-7,Trelleborg Sealing,Laptop 230V business garde,IT & Office Equipment,IT & Office Equipment,1313.36,100,EUR,IT & Office Equipment
PO-102927-7,Trelleborg Sealing,Rubber compound6 0Sh-A sheet,Raw Mat. Rubber,Raw Materials - Rubber,36.61,100,EUR,Raw Materials - Rubber
PO-102735-4,Bilstein GmbH,misc / Office chair ergonomic Type-A,IT & Office Equipment,IT & Office Equipment,274.31,100,EUR,IT & Office Equipment
PO-104117-7,Hella GmbH,HYDRAULIC HOSE FITTING V2,MRO - Maintenance Supplies,MRO - Maintenance Supplies,27.33,20,EUR,MRO - Maintenance Supplies
PO-101565-3,Haldex AB,Wooden pallet EUR standard,Packaging & Logistics,Packaging & Logistics,20.86,2,EUR,Packaging & Logistics
PO-102744-6,Continental AG,order ref pending - Office chair ergonomic v3,IT & Office Equipment,IT & Office Equipment,125.61,20,EUR,IT & Office Equipment
PO-102138-2,Hella GmbH,Steel sheet 60Sh-A 6.0mm,Raw Materials - Steel,Raw Materials - Steel,328.35,2,EUR,Raw Materials - Steel
PO-103255-6,Hella GmbH,PCB assembly M12,Electronic Components,Electronic Components,64.63,20,EUR,Electronic Components
PO-102071-5,Mahle GmbH,BEARING ASSEMBLY STD,MRO - Maintenance Supplies,MRO - Maintenance Supplies,69.66,200,EUR,MRO - Maintenance Supplies
PO-102210-4,Trelleborg Sealing,Office chair ergonomic HD,IT & Office Equipment,IT & Office Equipment,264.37,50,EUR,IT & Office Equipment
PO-102734-3,Continental AG,Steel sheet S355 8,Raw Materials - Steel,Raw Materials - Steel,344.83,50,EUR,Raw Materials - Steel
PO-101679-5,Faiveley Transport,Pressure sensor unit HD,Elec. Components,Electronic Components,54.99,200,EUR,Electronic Components
PO-103869-4,Continental AG,Office chair ergonomic Type-A,IT & Office Equipment,IT & Office Equipment,368.85,200,EUR,IT & Office Equipment
PO-101713-4,Wabco Holdings,order ref pending - Bearing assembly v2,MRO - Maintenance Supplies,MRO - Maintenance Supplies,169.36,20,EUR,MRO - Maintenance Supplies
PO-102329-4,Voith Turbo,Office chair ergonomic v3,IT & Office Equipment,IT & Office Equipment,174.08,1,EUR,IT & Office Equipment
PO-101993-4,Hella GmbH,Office chair ergonomic M12,IT & Office Equipment,IT & Office Equipment,151.28,200,EUR,IT & Office Equipment
PO-102037-6,Voith Turbo,Laptop HD business,IT & Office,IT & Office Equipment,1200.91,1,EUR,IT & Office Equipment
PO-100734-5,Wabco Holdings,misc / Industrial lubricant v3 20L drum,MRO - Maintenance Supplies,MRO - Maintenance Supplies,143.6,5,EUR,MRO - Maintenance Supplies
PO-103361-7,Bosch Rexroth,Office chair ergonomic 230V,IT EQUIP,IT & Office Equipment,255.99,2,EUR,IT & Office Equipment
PO-103677-1,Freudenberg Sealing,misc / Steel coil hot-rolled DC01,RAW MAT-STEEL,Raw Materials - Steel,441.8,20,EUR,Raw Materials - Steel
PO-103493-6,Faiveley Transport,protective foam sheet std,Packaging & Logistics,Packaging & Logistics,18.43,1,EUR,Packaging & Logistics
PO-101798-5,Freudenberg Sealing,Rubber compound NBR7-0 sheet,rubber,Raw Materials - Rubber,20.99,200,EUR,Raw Materials - Rubber
PO-102200-1,Wabco Holdings,Corrugated shipping crate Type-A,Packaging & Logistics,Packaging & Logistics,42.66,200,EUR,Packaging & Logistics
PO-102146-3,SKF Group,Bearing assembly2 30V,MRO - Maintenance Supplies,MRO - Maintenance Supplies,135.84,20,EUR,MRO - Maintenance Supplies
PO-100276-2,Mahle GmbH,Vulcanized rubber block X5CrNi,Raw Mat. Rubber,Raw Materials - Rubber,30.3,1,EUR,Raw Materials - Rubber
PO-103679-3,Trelleborg Sealing,Sela kit connector housing 24V,MRO - Maintenance Supplies,MRO - Maintenance Supplies,54.32,200,EUR,MRO - Maintenance Supplies
PO-100075-4,Faiveley Transport,Laptop std ubsiness grade,it/office,IT & Office Equipment,1202.25,200,EUR,IT & Office Equipment
PO-100317-1,Schaeffler Technologies,PO item: Wooden pallet EUR stan,packaging/logistics,Packaging & Logistics,11.08,100,EUR,Packaging & Logistics
PO-103814-5,Trelleborg Sealing,Vulcanized rubber block 60Sh-A,,Raw Materials - Rubber,37.08,50,EUR,Raw Materials - Rubber
PO-102700-4,Freudenberg Sealing,Sealing gasket sheet DC01,Raw Materials - Rubber,Raw Materials - Rubber,38.55,100,EUR,Raw Materials - Rubber
PO-101826-5,Mahle GmbH,Seal kit connector housing Re.vB,MRO - Maintenance Supplies,MRO - Maintenance Supplies,14.32,100,EUR,MRO - Maintenance Supplies
PO-102393-5,Freudenberg Sealing,EPDM rubber seal stock NBR-70,Raw Materials - Rubber,Raw Materials - Rubber,50.4,200,EUR,Raw Materials - Rubber
PO-100807-1,Faiveley Transport,Protective foam sheet Rev.B,Packaging & Logistics,Packaging & Logistics,21.1,2,EUR,Packaging & Logistics
PO-103185-6,Bosch Rexroth,PCB assembly compact,Electronic Components,Electronic Components,157.36,100,EUR,Electronic Components
PO-101670-3,Bilstein GmbH,pcb assembly type-a,ELEC COMP,Electronic Components,113.23,2,EUR,Electronic Components
PO-101823-2,Faiveley Transport,order ref pending - Seal kit connector housing Type-A,MRO - Maintenance Supplies,MRO - Maintenance Supplies,65.86,200,EUR,MRO - Maintenance Supplies
PO-101232-6,Freudenberg Sealing,RUBBER COMPOUND DC01 SHEET,rubber,Raw Materials - Rubber,16.44,2,EUR,Raw Materials - Rubber
PO-103639-5,Continental AG,CONNECTOR ASSEMBLY REV.B SEALED,ELEC COMP,Electronic Components,41.54,2,EUR,Electronic Components
PO-101988-6,Bosch Rexroth,Corrugated shipping crate HD,Pack & Log,Packaging & Logistics,54.37,50,EUR,Packaging & Logistics
PO-103692-2,Continental AG,Forged steel billet NBR-70,raw materials/steel,Raw Materials - Steel,743.9,10,EUR,Raw Materials - Steel
PO-101960-6,Faiveley Transport,PO item: EPDM rubber seal stock DC01,RAW MAT-RUBBER,Raw Materials - Rubber,52.39,20,EUR,Raw Materials - Rubber
PO-102293-3,Continental AG,Stretch wrap film compact ro,packaging/logistics,Packaging & Logistics,16.55,20,EUR,Packaging & Logistics
PO-101166-3,Elringklinger AG,connector assembly v2 sealed,ELEC COMP,Electronic Components,73.53,5,EUR,Electronic Components
PO-101122-1,Schaeffler Technologies,Corrugated shipping crate H,Packaging & Logistics,Packaging & Logistics,44.56,100,EUR,Packaging & Logistics
PO-104067-6,Wabco Holdings,CORRUGATED SHIPPING CRATE V2,Packaging & Logistics,Packaging & Logistics,21.31,2,EUR,Packaging & Logistics
PO-102569-6,Trelleborg Sealing,Industrial lubricant v2 20L drum,MRO - Maintenance Supplies,MRO - Maintenance Supplies,173.96,2,EUR,MRO - Maintenance Supplies
PO-101064-6,SKF Group,Pressure sensor unit compact,Electronic Components,Electronic Components,124.65,100,EUR,Electronic Components
PO-100986-5,SKF Group,OFFICE CHAIR ERGONOMIC COMPACT,,IT & Office Equipment,124.21,100,EUR,IT & Office Equipment
PO-101611-7,Faiveley Transport,Sealing gasket she,Raw Mat. Rubber,Raw Materials - Rubber,22.3,50,EUR,Raw Materials - Rubber
PO-102173-2,Elringklinger AG,laptop type-a business grade,it/office,IT & Office Equipment,1100.94,5,EUR,IT & Office Equipment
PO-101969-1,ZF Friedrichshafen,misc / Laptop 230V business grade,IT & Office,IT & Office Equipment,890.93,50,EUR,IT & Office Equipment
PO-101913-1,Voith Turbo,PO item: Wooden pallet EUR standard,,Packaging & Logistics,11.17,20,EUR,Packaging & Logistics
PO-102256-1,Elringklinger AG,Office chair ergonomic 24V,IT & Office,IT & Office Equipment,334.76,2,EUR,IT & Office Equipment
PO-100355-4,Elringklinger AG,Pressure sensor unit M12,Electronic Components,Electronic Components,137.39,100,EUR,Electronic Components
PO-100442-7,Wabco Holdings,Connector assembly Type-A sealed,electronics,Electronic Components,87.75,100,EUR,Electronic Components
PO-101337-6,Trelleborg Sealing,Steel sheet 60Sh-A 8.0mm,Raw Materials - Steel,Raw Materials - Steel,401.76,200,EUR,Raw Materials - Steel
PO-100852-4,Faiveley Transport,Seal kit connector housing,MRO - Maintenance Supplies,MRO - Maintenance Supplies,65.25,10,EUR,MRO - Maintenance Supplies
PO-102010-7,Faiveley Transport,Sealing gasket sheet 42CrMo4,,Raw Materials - Rubber,28.19,200,EUR,Raw Materials - Rubber
PO-102136-7,Faiveley Transport,misc / WIRING HARNESS CONNECTOR M12,ELEC COMP,Electronic Components,35.65,20,EUR,Electronic Components
PO-102733-2,Voith Turbo,order ref pending - Pressure sensor unit 230V,Elec. Components,Electronic Components,177.05,100,EUR,Electronic Components
PO-100752-2,Voith Turbo,Hydraulic hose fitting v3,MRO - Maintenance Supplies,MRO - Maintenance Supplies,41.64,10,EUR,MRO - Maintenance Supplies
PO-100592-3,Hella GmbH,order ref pending - Corrugated shipping crate M12,Packaging & Logistics,Packaging & Logistics,20.85,10,EUR,Packaging & Logistics
PO-101417-2,Freudenberg Sealing,Corrugated shipping crate compact,Packaging & Logistics,Packaging & Logistics,42.98,5,EUR,Packaging & Logistics
PO-101633-1,Bosch Rexroth,Monitor 27in 230V,IT & Office Equipment,IT & Office Equipment,207.65,1,EUR,IT & Office Equipment
PO-100374-2,Hella GmbH,Steel sheet NBR-70 6.0mm,raw materials/steel,Raw Materials - Steel,257.54,1,EUR,Raw Materials - Steel
PO-101488-3,SKF Group,STEEL COIL HOT-ROLLED S355,Raw Materials - Steel,Raw Materials - Steel,291.14,1,EUR,Raw Materials - Steel
PO-102292-2,Haldex AB,order ref pending - PCB assembly Rev.B,Electronic Components,Electronic Components,16.17,50,EUR,Electronic Components
PO-102738-7,Wabco Holdings,PCB assembly std,Electronic Components,Electronic Components,39.57,100,EUR,Electronic Components
PO-102527-6,Haldex AB,Vlucanized rubber bloc,Raw Mat. Rubber,Raw Materials - Rubber,64.28,2,EUR,Raw Materials - Rubber
PO-102673-5,Haldex AB,Wooden pallet EUR standard,Packaging & Logistics,Packaging & Logistics,14.32,10,EUR,Packaging & Logistics
PO-103472-6,Trelleborg Sealing,STRETCH WRAP FILM COMPACT ROLL,Packaging & Logistics,Packaging & Logistics,24.02,20,EUR,Packaging & Logistics
PO-100522-3,Faiveley Transport,PO item: Seal kit connector ,MRO - Maintenance Supplies,MRO - Maintenance Supplies,47.07,50,EUR,MRO - Maintenance Supplies
PO-102792-5,Mahle GmbH,Office chair ergonomic Rev.B,IT & Office Equipment,IT & Office Equipment,121.61,50,EUR,IT & Office Equipment
PO-102205-6,Voith Turbo,misc / Forged steel billet S355,Raw Materials - Steel,Raw Materials - Steel,459.44,50,EUR,Raw Materials - Steel
PO-101581-5,ZF Friedrichshafen,connector assembly rev.b sealed,Electronic Components,Electronic Components,60.2,50,EUR,Electronic Components
PO-101087-1,Faiveley Transport,Rubber compound 70Sh-A sheet,Raw Materials - Rubber,Raw Materials - Rubber,27.3,200,EUR,Raw Materials - Rubber
PO-100992-4,Hella GmbH,Forged steel billet 70Sh-A,Raw Materials - Steel,Raw Materials - Steel,855.93,50,EUR,Raw Materials - Steel
PO-102326-1,Haldex AB,Steel coil hot-rolled S355,,Raw Materials - Steel,415.48,200,EUR,Raw Materials - Steel
PO-101837-2,Wabco Holdings,PO item: Monitor 27in HD,IT & Office Equipment,IT & Office Equipment,224.65,20,EUR,IT & Office Equipment
PO-100564-3,Hella GmbH,Seal kit connector housing 230V,MRO,MRO - Maintenance Supplies,34.51,20,EUR,MRO - Maintenance Supplies
PO-101135-7,SKF Group,Laptpo v3 busines,IT & Office Equipment,IT & Office Equipment,698.0,1,EUR,IT & Office Equipment
PO-100736-7,Schaeffler Technologies,PRESSURE SENSOR UNIT V2,Electronic Components,Electronic Components,160.25,20,EUR,Electronic Components
PO-102383-2,ZF Friedrichshafen,Steel coil hot-rolled 60Sh-A,Steel,Raw Materials - Steel,240.42,10,EUR,Raw Materials - Steel
PO-102849-6,ZF Friedrichshafen,PO item: Hydraulic hose fitting v3,MRO - Maintenance Supplies,MRO - Maintenance Supplies,32.55,50,EUR,MRO - Maintenance Supplies
PO-103178-6,Continental AG,Wiring harness connecto r24V,electronics,Electronic Components,57.45,1,EUR,Electronic Components
PO-100360-2,Haldex AB,WIRING HARNESS CONNECTOR 24V,Elec. Components,Electronic Components,58.7,5,EUR,Electronic Components
PO-101502-3,SKF Group,Laptop compact business grade,IT & Office Equipment,IT & Office Equipment,1234.4,200,EUR,IT & Office Equipment
PO-104016-4,Freudenberg Sealing,Laptop 230V business grade,IT EQUIP,IT & Office Equipment,726.07,10,EUR,IT & Office Equipment
PO-103366-5,Mahle GmbH,Protective foam sheet HD,PACKAGING,Packaging & Logistics,24.85,100,EUR,Packaging & Logistics
PO-101616-5,Schaeffler Technologies,Monitor 27in 230V,IT & Office,IT & Office Equipment,221.78,20,EUR,IT & Office Equipment
PO-101523-3,SKF Group,Vulcanized rubber block S235,Raw Materials - Rubber,Raw Materials - Rubber,48.79,100,EUR,Raw Materials - Rubber
PO-102250-2,Elringklinger AG,Wiring harness connector std,ELEC COMP,Electronic Components,60.03,50,EUR,Electronic Components
PO-101799-6,Continental AG,PO item: Hydraulic hose fitting Rev.B,MRO - Maintenance Supplies,MRO - Maintenance Supplies,16.2,100,EUR,MRO - Maintenance Supplies
PO-103072-5,Bosch Rexroth,Seal kit connector housing 230V,MRO,MRO - Maintenance Supplies,19.73,10,EUR,MRO - Maintenance Supplies
PO-102772-6,Schaeffler Technologies,PBC assembly compact,Electronic Components,Electronic Components,146.9,200,EUR,Electronic Components
PO-101388-1,Faiveley Transport,Steel coil hot-rolled NBR-70,Raw Materials - Steel,Raw Materials - Steel,236.64,50,EUR,Raw Materials - Steel
PO-102170-6,Bilstein GmbH,PCB ASSEMBLY ,electronics,Electronic Components,66.8,2,EUR,Electronic Components
PO-101412-4,Voith Turbo,Steel coil hot-rolled S355,Steel,Raw Materials - Steel,288.16,100,EUR,Raw Materials - Steel
PO-103249-7,SKF Group,Monitor 27in compact,IT & Office Equipment,IT & Office Equipment,184.68,5,EUR,IT & Office Equipment
PO-101791-5,Hella GmbH,PCB assembly,electronics,Electronic Components,89.01,100,EUR,Electronic Components
PO-101171-1,Mahle GmbH,Seal kit connector housing 24V,maintenance,MRO - Maintenance Supplies,33.92,200,EUR,MRO - Maintenance Supplies
PO-102596-5,Trelleborg Sealing,Sealing gasket sheet S355,Raw Mat. Rubber,Raw Materials - Rubber,35.38,2,EUR,Raw Materials - Rubber
PO-103557-7,Trelleborg Sealing,Industrial lubricant compact 20L drum,MRO - Maintenance Supplies,MRO - Maintenance Supplies,104.44,50,EUR,MRO - Maintenance Supplies
PO-101951-4,ZF Friedrichshafen,Hydraulic hsoe fitting v2,MRO - Maintenance Supplies,MRO - Maintenance Supplies,47.76,5,EUR,MRO - Maintenance Supplies
PO-101471-7,Elringklinger AG,stretch wrap film std,PACKAGING,Packaging & Logistics,16.34,10,EUR,Packaging & Logistics
PO-101808-1,Wabco Holdings,Industrial lubricant compact 20L d,MRO - Maintenance Supplies,MRO - Maintenance Supplies,125.01,1,EUR,MRO - Maintenance Supplies
PO-101994-5,Trelleborg Sealing,CONNECTOR ASSEMBLY COMPACT SEALED,Electronic Components,Electronic Components,39.61,10,EUR,Electronic Components
PO-103636-2,Voith Turbo,Industrial lubricant HD 20L drum,MRO - Maintenance Supplies,MRO - Maintenance Supplies,168.89,1,EUR,MRO - Maintenance Supplies
PO-104159-7,ZF Friedrichshafen,PO item: Vulcanized rubber block 60Sh-A,Raw Materials - Rubber,Raw Materials - Rubber,66.53,50,EUR,Raw Materials - Rubber
PO-102983-7,Elringklinger AG,Connector assembly Rev.B sealed,electronics,Electronic Components,60.35,5,EUR,Electronic Components
PO-102255-7,Voith Turbo,PRESSURE SENSOR UNIT STD,electronics,Electronic Components,238.32,5,EUR,Electronic Components
PO-102082-2,Schaeffler Technologies,Connector assembly v2 sealed,electronics,Electronic Components,64.87,50,EUR,Electronic Components
PO-102476-4,Hella GmbH,Laptop v2 business grade,IT & Office Equipment,IT & Office Equipment,651.62,2,EUR,IT & Office Equipment
PO-102301-4,SKF Group,Seal kit connector housing v3,MRO,MRO - Maintenance Supplies,45.3,20,EUR,MRO - Maintenance Supplies
PO-102661-7,Trelleborg Sealing,PO item: PCB assembly Type-A,Elec. Components,Electronic Components,81.6,50,EUR,Electronic Components
PO-103834-4,Wabco Holdings,protective foam sheet 230v,PACKAGING,Packaging & Logistics,19.87,50,EUR,Packaging & Logistics
PO-100640-2,Mahle GmbH,Corrugated shipping crate v2,Packaging & Logistics,Packaging & Logistics,41.1,1,EUR,Packaging & Logistics
PO-101159-3,Elringklinger AG,misc / EPDM RUBBER SEAL STOCK 60SH-A,Raw Materials - Rubber,Raw Materials - Rubber,50.94,5,EUR,Raw Materials - Rubber
PO-102070-4,Faiveley Transport,Steel coil hot-rolled X5CrNi,Raw Materials - Steel,Raw Materials - Steel,382.56,200,EUR,Raw Materials - Steel
PO-101203-5,ZF Friedrichshafen,Industrial lubricant Type-A 20L drum,maintenance,MRO - Maintenance Supplies,177.14,10,EUR,MRO - Maintenance Supplies
PO-103123-7,Voith Turbo,Protective foam sheet M12,Packaging & Logistics,Packaging & Logistics,17.84,100,EUR,Packaging & Logistics
PO-100479-2,Haldex AB,Forged steel billet X5CrNi,Steel,Raw Materials - Steel,671.8,1,EUR,Raw Materials - Steel
PO-101136-1,Trelleborg Sealing,Office chair ergonomic std,IT & Office Equipment,IT & Office Equipment,243.44,200,EUR,IT & Office Equipment
PO-100763-6,Wabco Holdings,Monitor 27in 24,IT & Office Equipment,IT & Office Equipment,169.02,200,EUR,IT & Office Equipment
PO-103403-7,Freudenberg Sealing,laptop 230v business grade,IT & Office Equipment,IT & Office Equipment,1108.07,2,EUR,IT & Office Equipment
PO-100838-4,Bilstein GmbH,Seal kit connector housing v2,MRO - Maintenance Supplies,MRO - Maintenance Supplies,42.45,2,EUR,MRO - Maintenance Supplies
PO-101332-1,Freudenberg Sealing,Connector assembly 24V sealed,Electronic Components,Electronic Components,78.16,200,EUR,Electronic Components
PO-102234-7,Hella GmbH,Rubber compound X5CrNi sheet,Raw Materials - Rubber,Raw Materials - Rubber,42.98,10,EUR,Raw Materials - Rubber
PO-103842-5,Haldex AB,Monitor 27in HD,IT EQUIP,IT & Office Equipment,161.33,100,EUR,IT & Office Equipment
PO-101590-7,Bilstein GmbH,SEALING GASKET SHEET S355,Raw Materials - Rubber,Raw Materials - Rubber,16.03,5,EUR,Raw Materials - Rubber
PO-101540-6,SKF Group,Forged steel billet S355,RAW MAT-STEEL,Raw Materials - Steel,406.96,20,EUR,Raw Materials - Steel
PO-101110-3,SKF Group,oMnitor 27in 230V,it/office,IT & Office Equipment,177.14,100,EUR,IT & Office Equipment
PO-102505-5,Freudenberg Sealing,Hydraulic hose fitting std,MRO - Maintenance Supplies,MRO - Maintenance Supplies,25.16,20,EUR,MRO - Maintenance Supplies
PO-101950-3,SKF Group,EPDM rubber seal stock ,Raw Mat. Rubber,Raw Materials - Rubber,46.75,5,EUR,Raw Materials - Rubber
PO-102014-4,Schaeffler Technologies,Industrial lubricant HD 20L drum,MRO - Maintenance Supplies,MRO - Maintenance Supplies,176.09,1,EUR,MRO - Maintenance Supplies
PO-101723-7,Faiveley Transport,CORRUGATED HSIPPING CRATE COMPACT,Packaging & Logistics,Packaging & Logistics,36.7,5,EUR,Packaging & Logistics
PO-101498-6,Bilstein GmbH,Wooden pallet EUR standard,Packaging & Logistics,Packaging & Logistics,15.93,5,EUR,Packaging & Logistics
PO-103870-5,Freudenberg Sealing,Laptop 24V business g,IT & Office Equipment,IT & Office Equipment,781.97,10,EUR,IT & Office Equipment
PO-103651-3,SKF Group,Laptop v2 business grade,IT EQUIP,IT & Office Equipment,1389.55,5,EUR,IT & Office Equipment
PO-103793-5,SKF Group,Bearing assembly v3,MRO,MRO - Maintenance Supplies,185.61,200,EUR,MRO - Maintenance Supplies
PO-102655-1,Bilstein GmbH,Pressure sensor unit std,Electronic Components,Electronic Components,65.35,1,EUR,Electronic Components
PO-100932-7,Haldex AB,Corrugated shipping crate HD,Packaging & Logistics,Packaging & Logistics,32.82,200,EUR,Packaging & Logistics
PO-100577-2,Bilstein GmbH,Connector assembly HD sealed,Electronic Components,Electronic Components,13.67,200,EUR,Electronic Components
PO-103179-7,Bilstein GmbH,Forged steel billet DC01,Raw Materials - Steel,Raw Materials - Steel,625.18,20,EUR,Raw Materials - Steel
PO-103404-1,Bilstein GmbH,Hydraulic hose fitting std,MRO - Maintenance Supplies,MRO - Maintenance Supplies,44.19,1,EUR,MRO - Maintenance Supplies
PO-100792-7,Wabco Holdings,Laptop compact business grade,IT EQUIP,IT & Office Equipment,658.11,5,EUR,IT & Office Equipment
PO-102490-4,Haldex AB,Vulcanized rubber block S235,Raw Materials - Rubber,Raw Materials - Rubber,41.56,5,EUR,Raw Materials - Rubber
PO-102128-6,Voith Turbo,PO item: PCB assembly compact,Electronic Components,Electronic Components,202.76,2,EUR,Electronic Components
PO-101144-2,Bosch Rexroth,Vulcanized rubber block X5CrNi,RAW MAT-RUBBER,Raw Materials - Rubber,30.27,20,EUR,Raw Materials - Rubber
PO-102998-1,Elringklinger AG,Rubber compound 60Sh-A sheet,Raw Materials - Rubber,Raw Materials - Rubber,29.32,10,EUR,Raw Materials - Rubber
PO-103799-4,Voith Turbo,PRESSURE SENSOR UNIT V3,Electronic Components,Electronic Components,155.76,50,EUR,Electronic Components
PO-100626-2,Mahle GmbH,stretch wrap film hd roll,Packaging & Logistics,Packaging & Logistics,31.21,1,EUR,Packaging & Logistics
PO-100887-4,Trelleborg Sealing,EPDM rubber seal stock 42CrMo4,Raw Materials - Rubber,Raw Materials - Rubber,54.79,10,EUR,Raw Materials - Rubber
PO-104186-6,Mahle GmbH,Hydraulic hose fitting Rev.B,MRO - Maintenance Supplies,MRO - Maintenance Supplies,15.16,100,EUR,MRO - Maintenance Supplies
PO-104034-1,Trelleborg Sealing,Protective foam shete v3,Pack & Log,Packaging & Logistics,25.48,1,EUR,Packaging & Logistics
PO-100020-5,Schaeffler Technologies,PRESSURE SENSOR UNIT 230V,Electronic Components,Electronic Components,287.83,5,EUR,Electronic Components
PO-100757-7,Hella GmbH,EPDM rubber seal stock S355,rubber,Raw Materials - Rubber,42.03,20,EUR,Raw Materials - Rubber
PO-101870-7,Haldex AB,Connector assembly M12 sealed,,Electronic Components,26.78,100,EUR,Electronic Components
PO-102725-1,ZF Friedrichshafen,Rubber compound,Raw Materials - Rubber,Raw Materials - Rubber,12.4,20,EUR,Raw Materials - Rubber
PO-100119-6,ZF Friedrichshafen,order ref pending - Connector assembly 230V sealed,Electronic Components,Electronic Components,90.85,1,EUR,Electronic Components
PO-103035-3,Bilstein GmbH,Sealing gasket sheet S355,Raw Materials - Rubber,Raw Materials - Rubber,24.06,200,EUR,Raw Materials - Rubber
PO-102878-7,Elringklinger AG,Pressure sensor unit 230V,Electronic Components,Electronic Components,302.08,200,EUR,Electronic Components
PO-101608-4,Voith Turbo,Hydraulic hose fitting v3,maintenance,MRO - Maintenance Supplies,25.9,1,EUR,MRO - Maintenance Supplies
PO-102904-5,Bosch Rexroth,Wiring harness connecotr M12,ELEC COMP,Electronic Components,77.43,200,EUR,Electronic Components
PO-101959-5,Mahle GmbH,Rubber compound S235 sheet,Raw Materials - Rubber,Raw Materials - Rubber,27.77,100,EUR,Raw Materials - Rubber
PO-102630-4,Bilstein GmbH,PCB assembly std,Electronic Components,Electronic Components,181.03,20,EUR,Electronic Components
PO-100930-5,Wabco Holdings,Office chair ergonomic M12,it/office,IT & Office Equipment,130.43,10,EUR,IT & Office Equipment
PO-103049-3,Elringklinger AG,pcb assembly 230v,ELEC COMP,Electronic Components,26.91,20,EUR,Electronic Components
PO-100482-5,Haldex AB,Monitor 27in 23V0,IT & Office Equipment,IT & Office Equipment,290.66,20,EUR,IT & Office Equipment
PO-100120-7,Trelleborg Sealing,INDUSTRIAL LUBRICANT HD 20L DRUM,MRO - Maintenance Supplies,MRO - Maintenance Supplies,135.39,50,EUR,MRO - Maintenance Supplies
PO-101883-6,Mahle GmbH,Office chair ergonomic HD,IT & Office Equipment,IT & Office Equipment,349.01,2,EUR,IT & Office Equipment
PO-104038-5,Haldex AB,Seal kit connector housing v3,maintenance,MRO - Maintenance Supplies,37.36,10,EUR,MRO - Maintenance Supplies
PO-101313-3,SKF Group,Sealing gasket sheet S355,Raw Mat. Rubber,Raw Materials - Rubber,22.07,5,EUR,Raw Materials - Rubber
PO-103720-2,Haldex AB,hydraulic hose fitting m12,MRO - Maintenance Supplies,MRO - Maintenance Supplies,44.29,20,EUR,MRO - Maintenance Supplies
PO-104039-6,Bosch Rexroth,Monitor 27in v3,IT & Office Equipment,IT & Office Equipment,275.93,200,EUR,IT & Office Equipment
PO-102312-1,Freudenberg Sealing,Seal kit connector housing HD,,MRO - Maintenance Supplies,65.59,100,EUR,MRO - Maintenance Supplies
PO-104104-1,ZF Friedrichshafen,EPDM rbuber seal stock S235,Raw Materials - Rubber,Raw Materials - Rubber,57.74,1,EUR,Raw Materials - Rubber
PO-102300-3,Elringklinger AG,Monitor 27in 24V,IT & Office,IT & Office Equipment,159.17,1,EUR,IT & Office Equipment
PO-103369-1,ZF Friedrichshafen,Stretch wrap film M12 roll,packaging/logistics,Packaging & Logistics,20.31,50,EUR,Packaging & Logistics
PO-100733-4,Mahle GmbH,Hydraulic hose fitting v2,MRO/Maint,MRO - Maintenance Supplies,48.07,50,EUR,MRO - Maintenance Supplies
PO-102328-3,Schaeffler Technologies,misc / Steel sheet S235 8.0mm,Raw Materials - Steel,Raw Materials - Steel,282.17,50,EUR,Raw Materials - Steel
PO-102215-2,Elringklinger AG,misc / wooden pallet eur standard,packaging/logistics,Packaging & Logistics,19.88,50,EUR,Packaging & Logistics
PO-101308-5,ZF Friedrichshafen,Rubber compound X5CrNi sheet,Raw Mat. Rubber,Raw Materials - Rubber,42.57,2,EUR,Raw Materials - Rubber
PO-101848-6,Bilstein GmbH,Steel coil hot-rolled 42CrMo4,Raw Materials - Steel,Raw Materials - Steel,244.51,1,EUR,Raw Materials - Steel
PO-100466-3,Wabco Holdings,PCB assembly std,ELEC COMP,Electronic Components,155.53,2,EUR,Electronic Components
PO-100671-5,Haldex AB,Monitor 27in M12,IT & Office Equipment,IT & Office Equipment,195.41,2,EUR,IT & Office Equipment
PO-103917-3,Haldex AB,order ref pending - Pressure sensor unit 230V,Electronic Components,Electronic Components,37.39,1,EUR,Electronic Components
PO-100768-4,Bosch Rexroth,Hydraulic hose fitti,MRO - Maintenance Supplies,MRO - Maintenance Supplies,29.84,50,EUR,MRO - Maintenance Supplies
PO-103815-6,Faiveley Transport,Inudstrial lubricant 24V 20L drum,MRO/Maint,MRO - Maintenance Supplies,147.85,5,EUR,MRO - Maintenance Supplies
PO-103708-4,Hella GmbH,Wiring harness connector v2,Electronic Components,Electronic Components,21.87,20,EUR,Electronic Components
PO-103623-3,SKF Group,Vulcanized rubber block 70Sh-A,RAW MAT-RUBBER,Raw Materials - Rubber,50.44,2,EUR,Raw Materials - Rubber
PO-103285-1,Continental AG,industrial lubricant std 20l drum,MRO - Maintenance Supplies,MRO - Maintenance Supplies,160.49,5,EUR,MRO - Maintenance Supplies
PO-100634-3,Hella GmbH,protective foam sheet v3,Packaging & Logistics,Packaging & Logistics,21.26,50,EUR,Packaging & Logistics
PO-104123-6,Voith Turbo,LAPTOP REVB. BUSINESS GRADE,IT & Office Equipment,IT & Office Equipment,741.56,100,EUR,IT & Office Equipment
PO-101528-1,Faiveley Transport,wooden pallet eur standard,Packaging & Logistics,Packaging & Logistics,18.55,1,EUR,Packaging & Logistics
PO-102036-5,Elringklinger AG,misc / Hydraulic hose fitting 24V,maintenance,MRO - Maintenance Supplies,29.41,1,EUR,MRO - Maintenance Supplies
PO-104144-6,Faiveley Transport,EPDM rubber seal stock DC01,rubber,Raw Materials - Rubber,39.07,50,EUR,Raw Materials - Rubber
PO-103670-1,Freudenberg Sealing,PCB ASSEMBLY V3,electronics,Electronic Components,82.45,20,EUR,Electronic Components
PO-101839-4,Freudenberg Sealing,misc / Wiring harness connector v3,Electronic Components,Electronic Components,56.99,20,EUR,Electronic Components
PO-102979-3,Wabco Holdings,Laptop 24V business grade,IT & Office Equipment,IT & Office Equipment,1265.45,200,EUR,IT & Office Equipment
PO-101534-7,Wabco Holdings,epdm rubber seal stock s355,Raw Materials - Rubber,Raw Materials - Rubber,37.26,1,EUR,Raw Materials - Rubber
PO-103718-7,Continental AG,INDUSTRIAL LUBRICANT COMPACT 20L,MRO - Maintenance Supplies,MRO - Maintenance Supplies,167.78,1,EUR,MRO - Maintenance Supplies
PO-100170-1,ZF Friedrichshafen,Corrugated shipping crate Type-A,Packaging & Logistics,Packaging & Logistics,39.1,10,EUR,Packaging & Logistics
PO-100976-2,Elringklinger AG,bearing assembly m12,MRO - Maintenance Supplies,MRO - Maintenance Supplies,91.0,20,EUR,MRO - Maintenance Supplies
PO-102785-5,Bosch Rexroth,EPDM rubbers eal stock NBR-70,Raw Mat. Rubber,Raw Materials - Rubber,59.54,5,EUR,Raw Materials - Rubber
PO-101566-4,Bilstein GmbH,protective foam sheet 24v,packaging/logistics,Packaging & Logistics,24.62,5,EUR,Packaging & Logistics
PO-104057-3,Bilstein GmbH,Bearing assembly HD,MRO - Maintenance Supplies,MRO - Maintenance Supplies,182.31,200,EUR,MRO - Maintenance Supplies
PO-103414-4,Voith Turbo,PCB assmebly v3,electronics,Electronic Components,185.14,2,EUR,Electronic Components
PO-103453-1,Wabco Holdings,PCB ASSEMBLY COMPACT,Electronic Components,Electronic Components,125.55,2,EUR,Electronic Components
PO-103488-1,Bilstein GmbH,Seal kit connetcor housing M12,MRO,MRO - Maintenance Supplies,36.13,10,EUR,MRO - Maintenance Supplies
PO-101747-3,Freudenberg Sealing,Wooden pallet EUR standard,Packaging & Logistics,Packaging & Logistics,19.32,1,EUR,Packaging & Logistics
PO-101411-3,Hella GmbH,Pressure sensor unit compact,ELEC COMP,Electronic Components,122.81,10,EUR,Electronic Components
PO-100302-7,Bilstein GmbH,Corrugated shipping crate Type-A,Packaging & Logistics,Packaging & Logistics,44.25,5,EUR,Packaging & Logistics
PO-101124-3,Voith Turbo,Steel coil hot-rolled 42CrMo4,Raw Materials - Steel,Raw Materials - Steel,206.58,1,EUR,Raw Materials - Steel
PO-101220-1,Wabco Holdings,PRESSURE SENSOR NUIT STD,Electronic Components,Electronic Components,212.17,200,EUR,Electronic Components
PO-101052-1,Elringklinger AG,Monitor 27in compa,IT EQUIP,IT & Office Equipment,227.88,1,EUR,IT & Office Equipment
PO-103135-5,Haldex AB,Vulcanized rubber block 42CrMo4,Raw Materials - Rubber,Raw Materials - Rubber,65.51,5,EUR,Raw Materials - Rubber
PO-100225-7,Elringklinger AG,sealing gasket sheet 70sh-a,rubber,Raw Materials - Rubber,36.2,2,EUR,Raw Materials - Rubber
PO-103294-3,Haldex AB,NIDUSTRIAL LUBRICANT M12 20L DRUM,MRO - Maintenance Supplies,MRO - Maintenance Supplies,126.43,5,EUR,MRO - Maintenance Supplies
PO-100099-7,Schaeffler Technologies,Wiring harness connector v2,Electronic Components,Electronic Components,52.49,50,EUR,Electronic Components
PO-100096-4,Wabco Holdings,Monitor 27in v3,IT & Office,IT & Office Equipment,269.89,2,EUR,IT & Office Equipment
PO-101531-4,Hella GmbH,EPDM rubber seal stock,Raw Materials - Rubber,Raw Materials - Rubber,18.42,1,EUR,Raw Materials - Rubber
PO-101407-6,Freudenberg Sealing,vulcanized rubber block dc01,,Raw Materials - Rubber,60.66,5,EUR,Raw Materials - Rubber
PO-102880-2,Mahle GmbH,Rubber compound 70Sh-A sheet,Raw Materials - Rubber,Raw Materials - Rubber,25.71,100,EUR,Raw Materials - Rubber
PO-102419-3,Voith Turbo,HYDRAULIC HOSE FITTING REV.B,maintenance,MRO - Maintenance Supplies,25.28,50,EUR,MRO - Maintenance Supplies
PO-103526-4,Schaeffler Technologies,PCB assembly M12,ELEC COMP,Electronic Components,96.46,2,EUR,Electronic Components
PO-103841-4,Bosch Rexroth,EPDM rubber seal stock,RAW MAT-RUBBER,Raw Materials - Rubber,19.37,5,EUR,Raw Materials - Rubber
PO-103106-4,Hella GmbH,EPDM rubber seal stock 70Sh-A,Raw Materials - Rubber,Raw Materials - Rubber,26.14,100,EUR,Raw Materials - Rubber
PO-101859-3,Elringklinger AG,PCB assembly Rev.B,electronics,Electronic Components,169.63,5,EUR,Electronic Components
PO-101420-5,Bosch Rexroth,Steel sheet 60Sh-A 4.0mm,,Raw Materials - Steel,271.23,20,EUR,Raw Materials - Steel
PO-100106-7,Mahle GmbH,Corrugated shipping crate 230V,Packaging & Logistics,Packaging & Logistics,30.45,2,EUR,Packaging & Logistics
PO-102158-1,Wabco Holdings,misc / Sealing gasket sheet 42CrMo4,RAW MAT-RUBBER,Raw Materials - Rubber,39.12,100,EUR,Raw Materials - Rubber
PO-100584-2,Haldex AB,Sealing gasket sheet 60Sh-A,rubber,Raw Materials - Rubber,14.37,1,EUR,Raw Materials - Rubber
PO-100138-4,Faiveley Transport,order ref pending - Vulcanized rubber block S235,Raw Materials - Rubber,Raw Materials - Rubber,63.89,100,EUR,Raw Materials - Rubber
PO-102438-1,Hella GmbH,misc / Bearing assembly Rev.B,MRO - Maintenance Supplies,MRO - Maintenance Supplies,170.76,2,EUR,MRO - Maintenance Supplies
PO-102564-1,Schaeffler Technologies,seal kit connector housing revb.,MRO/Maint,MRO - Maintenance Supplies,19.37,10,EUR,MRO - Maintenance Supplies
PO-102975-6,ZF Friedrichshafen,Pressure sensor unit 230V,electronics,Electronic Components,244.52,2,EUR,Electronic Components
PO-100233-1,Continental AG,Connector assembly 230V sealed,Electronic Components,Electronic Components,44.71,5,EUR,Electronic Components
PO-100283-2,Faiveley Transport,OFFICE CHAIR ERGONOMIC 230V,IT & Office Equipment,IT & Office Equipment,235.52,2,EUR,IT & Office Equipment
PO-100545-5,Haldex AB,Steel sheet 42CrMo4 1.5mm,RAW MAT-STEEL,Raw Materials - Steel,346.85,1,EUR,Raw Materials - Steel
PO-101630-5,Elringklinger AG,Industrial lubriacnt M12 20L drum,maintenance,MRO - Maintenance Supplies,93.52,100,EUR,MRO - Maintenance Supplies
PO-102840-4,Bosch Rexroth,Pressure sensor unit v2,Elec. Components,Electronic Components,276.67,50,EUR,Electronic Components
PO-101977-2,Elringklinger AG,connecotr assembly 230v sealed,Electronic Components,Electronic Components,83.18,10,EUR,Electronic Components
PO-103859-1,Faiveley Transport,Forged steel billet 42CrMo4,RAW MAT-STEEL,Raw Materials - Steel,430.87,5,EUR,Raw Materials - Steel
PO-103966-3,Continental AG,EPDM rubber seal stock S235,Raw Materials - Rubber,Raw Materials - Rubber,31.38,1,EUR,Raw Materials - Rubber
PO-102987-4,Faiveley Transport,Wooden pallet EUR standard,PACKAGING,Packaging & Logistics,19.6,100,EUR,Packaging & Logistics
PO-101655-2,Bosch Rexroth,PO item: Steel sheet DC01 2.0mm,Steel,Raw Materials - Steel,187.05,20,EUR,Raw Materials - Steel
PO-101439-3,Freudenberg Sealing,Wooden pallet EUR standard,Packaging & Logistics,Packaging & Logistics,21.81,1,EUR,Packaging & Logistics
PO-103441-3,SKF Group,Rubber compound 4,Raw Materials - Rubber,Raw Materials - Rubber,40.62,50,EUR,Raw Materials - Rubber
PO-102928-1,Trelleborg Sealing,Connector assembly Rev.B sealed,electronics,Electronic Components,83.78,5,EUR,Electronic Components
PO-100883-7,Hella GmbH,forged steel billet x5crni,Raw Materials - Steel,Raw Materials - Steel,410.29,2,EUR,Raw Materials - Steel
PO-100163-1,Faiveley Transport,Hydraulic hose fitting compact,MRO,MRO - Maintenance Supplies,13.61,5,EUR,MRO - Maintenance Supplies
PO-103982-5,Bilstein GmbH,Vulcanized rubber block 60Sh-A,rubber,Raw Materials - Rubber,59.43,50,EUR,Raw Materials - Rubber
PO-100380-1,SKF Group,Stretch wrap film v2 roll,Packaging & Logistics,Packaging & Logistics,29.85,10,EUR,Packaging & Logistics
PO-100484-7,Voith Turbo,order ref pending - Forged steel billet S355,RAW MAT-STEEL,Raw Materials - Steel,395.7,1,EUR,Raw Materials - Steel
PO-101525-5,Schaeffler Technologies,STRETCH WRAP FILM STD ROLL,Pack & Log,Packaging & Logistics,24.67,1,EUR,Packaging & Logistics
PO-102353-7,Haldex AB,Monitor 27in 24,IT & Office Equipment,IT & Office Equipment,211.27,10,EUR,IT & Office Equipment
PO-102445-1,Wabco Holdings,PCB assembly Type-A,ELEC COMP,Electronic Components,209.97,20,EUR,Electronic Components
PO-104115-5,Continental AG,Forged steel billet 70Sh-A,Raw Materials - Steel,Raw Materials - Steel,875.63,200,EUR,Raw Materials - Steel
PO-101907-2,Bosch Rexroth,Steel sheet X5CrNi 4.0mm,Steel,Raw Materials - Steel,366.0,1,EUR,Raw Materials - Steel
PO-100280-6,ZF Friedrichshafen,Forged steel bille,Raw Materials - Steel,Raw Materials - Steel,560.95,20,EUR,Raw Materials - Steel
PO-101718-2,Haldex AB,order ref pending - Forged tseel billet X5CrNi,RAW MAT-STEEL,Raw Materials - Steel,854.53,200,EUR,Raw Materials - Steel
PO-101827-6,Haldex AB,Stretch wrap film std roll,Packaging & Logistics,Packaging & Logistics,26.85,10,EUR,Packaging & Logistics
PO-103855-4,ZF Friedrichshafen,Monitor 27in Type-A,,IT & Office Equipment,153.83,2,EUR,IT & Office Equipment
PO-101143-1,Freudenberg Sealing,Pressure sensor unit HD,electronics,Electronic Components,151.56,10,EUR,Electronic Components
PO-103650-2,Freudenberg Sealing,EPDM rubber seal stock S235,Raw Materials - Rubber,Raw Materials - Rubber,59.76,100,EUR,Raw Materials - Rubber
PO-103877-5,Schaeffler Technologies,PCB assembly std,electronics,Electronic Components,84.78,50,EUR,Electronic Components
PO-103375-7,Bosch Rexroth,order ref pending - hydraulic hose fitting compact,MRO - Maintenance Supplies,MRO - Maintenance Supplies,40.08,10,EUR,MRO - Maintenance Supplies
PO-103272-2,Schaeffler Technologies,Monitor 27in 230V,IT & Office Equipment,IT & Office Equipment,227.77,20,EUR,IT & Office Equipment
PO-103462-3,SKF Group,Industrial lubricant v2 20L drum,MRO - Maintenance Supplies,MRO - Maintenance Supplies,172.34,20,EUR,MRO - Maintenance Supplies
PO-102052-7,Hella GmbH,Rubber compound DC01 sheet,RAW MAT-RUBBER,Raw Materials - Rubber,19.03,20,EUR,Raw Materials - Rubber
PO-103357-3,Schaeffler Technologies,EPDMr ubber seal stock X5CrNi,,Raw Materials - Rubber,32.64,200,EUR,Raw Materials - Rubber
PO-103456-4,ZF Friedrichshafen,misc / Bearing assembly Rev.B,MRO - Maintenance Supplies,MRO - Maintenance Supplies,182.73,20,EUR,MRO - Maintenance Supplies
PO-103245-3,Trelleborg Sealing,Corrugated shipping crate 24V,packaging/logistics,Packaging & Logistics,20.71,20,EUR,Packaging & Logistics
PO-102671-3,Trelleborg Sealing,PCB assembly HD,electronics,Electronic Components,105.43,20,EUR,Electronic Components
PO-102594-3,Voith Turbo,order ref pending - OFFICE CHAIR ERGONOMIC 24V,IT & Office,IT & Office Equipment,351.26,200,EUR,IT & Office Equipment
PO-103800-5,Elringklinger AG,Corrugated shipping crate v3,packaging/logistics,Packaging & Logistics,23.07,50,EUR,Packaging & Logistics
PO-102626-7,Mahle GmbH,order ref pending - Steel sheet S355 3.0mm,Raw Materials - Steel,Raw Materials - Steel,229.11,1,EUR,Raw Materials - Steel
PO-104085-3,Wabco Holdings,order ref pending - Monitor 27in 24V,IT & Office Equipment,IT & Office Equipment,313.04,10,EUR,IT & Office Equipment
PO-102340-1,Elringklinger AG,RUBBER COMPOUND,Raw Materials - Rubber,Raw Materials - Rubber,25.46,100,EUR,Raw Materials - Rubber
PO-102954-6,Hella GmbH,INDUSTRIAL LUBRICANT 24V 20L DRUM,MRO/Maint,MRO - Maintenance Supplies,162.95,10,EUR,MRO - Maintenance Supplies
PO-103566-2,Faiveley Transport,Wooden pallet EUR standard,Pack & Log,Packaging & Logistics,20.6,10,EUR,Packaging & Logistics
PO-102848-5,Trelleborg Sealing,PO item: Wooden pallet EUR standard,Packaging & Logistics,Packaging & Logistics,19.66,10,EUR,Packaging & Logistics
PO-100312-3,Elringklinger AG,Forged steel billet 42CrMo4,Raw Materials - Steel,Raw Materials - Steel,629.8,200,EUR,Raw Materials - Steel
PO-102542-7,Mahle GmbH,Protective foam sheet v2,Packaging & Logistics,Packaging & Logistics,21.99,1,EUR,Packaging & Logistics
PO-102347-1,Haldex AB,Steel sheet X5CrNi 6.0mm,Raw Materials - Steel,Raw Materials - Steel,278.8,5,EUR,Raw Materials - Steel
PO-100013-5,Voith Turbo,Hydraulic hose fitting 24V,,MRO - Maintenance Supplies,42.08,100,EUR,MRO - Maintenance Supplies
PO-103971-1,Wabco Holdings,PCB ASSEMBLY M12,ELEC COMP,Electronic Components,38.03,20,EUR,Electronic Components
PO-102320-2,Mahle GmbH,Office chair ergonomic v3,it/office,IT & Office Equipment,282.4,50,EUR,IT & Office Equipment
PO-103980-3,Wabco Holdings,office chair er,IT & Office Equipment,IT & Office Equipment,180.76,100,EUR,IT & Office Equipment
PO-103698-1,Mahle GmbH,stretch wrap film v3 rlol,Packaging & Logistics,Packaging & Logistics,32.28,5,EUR,Packaging & Logistics
PO-103203-3,Mahle GmbH,protective foam sheet v3,packaging/logistics,Packaging & Logistics,13.59,200,EUR,Packaging & Logistics
PO-104206-7,Continental AG,Sealing gasket sheet S355 ,Raw Mat. Rubber,Raw Materials - Rubber,23.19,200,EUR,Raw Materials - Rubber
PO-100771-7,Bilstein GmbH,Rubber comopund 60Sh-A sheet,Raw Materials - Rubber,Raw Materials - Rubber,36.46,2,EUR,Raw Materials - Rubber
PO-102726-2,Elringklinger AG,order ref pending - Steel sheet 70Sh-A 3.0mm,RAW MAT-STEEL,Raw Materials - Steel,414.19,5,EUR,Raw Materials - Steel
PO-102941-7,ZF Friedrichshafen,Bearing assembly R,MRO,MRO - Maintenance Supplies,196.24,2,EUR,MRO - Maintenance Supplies
PO-103286-2,ZF Friedrichshafen,Bearing assembly compact,MRO - Maintenance Supplies,MRO - Maintenance Supplies,211.68,200,EUR,MRO - Maintenance Supplies
PO-101887-3,Haldex AB,eBaring assembly v3,MRO - Maintenance Supplies,MRO - Maintenance Supplies,149.02,100,EUR,Electronic Components
PO-101996-7,Elringklinger AG,Pressure sensor unit 230V,Electronic Components,Electronic Components,106.05,1,EUR,Electronic Components
PO-100417-3,Continental AG,misc / Steel coil hot-rolled NBR-70,RAW MAT-STEEL,Raw Materials - Steel,268.52,20,EUR,Raw Materials - Steel
PO-101715-6,Wabco Holdings,industrial lubricant v3 20l drum,MRO,MRO - Maintenance Supplies,116.81,5,EUR,MRO - Maintenance Supplies
PO-102303-6,Freudenberg Sealing,Steel sheet S235 3.0mm,Raw Materials - Steel,Raw Materials - Steel,281.49,20,EUR,Raw Materials - Steel
PO-101586-3,SKF Group,Stretch wrap film 24V roll,Packaging & Logistics,Packaging & Logistics,15.22,50,EUR,Packaging & Logistics
PO-102463-5,Hella GmbH,Hydraulic hose fitting M12,MRO,MRO - Maintenance Supplies,22.02,5,EUR,MRO - Maintenance Supplies
PO-104097-1,Bilstein GmbH,Connector assembly v2 sealed,Electronic Components,Electronic Components,77.62,50,EUR,Electronic Components
PO-101319-2,Hella GmbH,Connector assembly 230V sealed,Elec. Components,Electronic Components,25.77,200,EUR,Electronic Components
PO-102433-3,ZF Friedrichshafen,Corrugated shipping crate compact,Packaging & Logistics,Packaging & Logistics,28.47,50,EUR,Packaging & Logistics
PO-103750-4,Haldex AB,misc / wiring harness connector 230v,ELEC COMP,Electronic Components,55.59,2,EUR,Electronic Components
PO-104100-4,Mahle GmbH,Forged steel billet 70Sh-A,Raw Materials - Steel,Raw Materials - Steel,781.07,50,EUR,Raw Materials - Steel
PO-100173-4,Elringklinger AG,Wiring harness connector HD,Electronic Components,Electronic Components,76.38,10,EUR,Electronic Components
PO-103062-2,SKF Group,Steel sheet 60Sh-A 2.0mm,Raw Materials - Steel,Raw Materials - Steel,297.6,50,EUR,Raw Materials - Steel
PO-100258-5,Voith Turbo,PCB assembly v3,electronics,Electronic Components,125.36,100,EUR,Electronic Components
PO-103421-4,ZF Friedrichshafen,Sealing gasket sheet S355,Raw Materials - Rubber,Raw Materials - Rubber,32.51,10,EUR,Raw Materials - Rubber
PO-100732-3,ZF Friedrichshafen,industrial lburicant rev.b 20l drum,MRO - Maintenance Supplies,MRO - Maintenance Supplies,68.99,50,EUR,MRO - Maintenance Supplies
PO-103119-3,SKF Group,order ref pending - Hydraulic hose f,MRO - Maintenance Supplies,MRO - Maintenance Supplies,43.27,200,EUR,MRO - Maintenance Supplies
PO-101020-4,Faiveley Transport,Laptop v3 business grade,IT & Office Equipment,IT & Office Equipment,1224.63,1,EUR,IT & Office Equipment
PO-103699-2,Elringklinger AG,Forge dsteel billet 42CrMo4,RAW MAT-STEEL,Raw Materials - Steel,576.75,50,EUR,Raw Materials - Steel
PO-103292-1,Haldex AB,Industrila lubricant v2 20L drum,MRO,MRO - Maintenance Supplies,78.5,10,EUR,MRO - Maintenance Supplies
PO-101161-5,Elringklinger AG,BEARING ASSEMBLY REV.B,MRO - Maintenance Supplies,MRO - Maintenance Supplies,99.91,1,EUR,MRO - Maintenance Supplies
PO-102049-4,Freudenberg Sealing,Hydraulic hose fitting v2,MRO,MRO - Maintenance Supplies,34.75,100,EUR,MRO - Maintenance Supplies
PO-102685-3,Voith Turbo,Laptop std business grade,IT & Office Equipment,IT & Office Equipment,929.05,5,EUR,IT & Office Equipment
PO-101626-1,Continental AG,STEEL SHEET S355 2.0MM,Raw Materials - Steel,Raw Materials - Steel,293.97,5,EUR,Raw Materials - Steel
PO-101270-2,Mahle GmbH,Protective foam sheet 24V,Packaging & Logistics,Packaging & Logistics,17.67,20,EUR,Packaging & Logistics
PO-101216-4,Voith Turbo,EPDM rubber seal stock S355,RAW MAT-RUBBER,Raw Materials - Rubber,29.62,2,EUR,Raw Materials - Rubber
PO-104181-1,ZF Friedrichshafen,misc / connector assembly m12 sealed,electronics,Electronic Components,33.54,20,EUR,Electronic Components
PO-101305-2,SKF Group,Steel coil hot-rolled 70Sh-A,Raw Materials - Steel,Raw Materials - Steel,308.94,5,EUR,Raw Materials - Steel
PO-101253-6,SKF Group,misc / Pressure sensor uni tstd,,Electronic Components,45.32,1,EUR,Electronic Components
PO-100991-3,Mahle GmbH,STRETCH WRAP FILM TYPE-A ROLL,Packaging & Logistics,Packaging & Logistics,12.91,5,EUR,Packaging & Logistics
PO-100048-5,Schaeffler Technologies,Connector assembly compact sealed,Electronic Components,Electronic Components,74.94,200,EUR,Electronic Components
PO-104018-6,Freudenberg Sealing,steel coil hot-rolled 60sh-a,Raw Materials - Steel,Raw Materials - Steel,419.15,50,EUR,Raw Materials - Steel
PO-102707-4,Elringklinger AG,misc / Vulcanized rubber block NBR-70,RAW MAT-RUBBER,Raw Materials - Rubber,54.99,10,EUR,Raw Materials - Rubber
PO-102055-3,Wabco Holdings,misc / EPDM rubber seal stock,Raw Materials - Rubber,Raw Materials - Rubber,24.71,1,EUR,Raw Materials - Rubber
PO-100195-5,Freudenberg Sealing,Steel coil hot-ro,Raw Materials - Steel,Raw Materials - Steel,392.55,10,EUR,Raw Materials - Steel
PO-100953-7,Voith Turbo,hydraulic hose fitting 24v,MRO - Maintenance Supplies,MRO - Maintenance Supplies,54.65,20,EUR,MRO - Maintenance Supplies
PO-100931-6,Hella GmbH,WOODEN PALLET EUR STANDARD,,Packaging & Logistics,12.21,10,EUR,Packaging & Logistics
PO-103751-5,Freudenberg Sealing,Wooden pallet EUR standard,,Packaging & Logistics,9.8,50,EUR,Packaging & Logistics
PO-101973-5,Mahle GmbH,Seal kit connector housing M12,MRO - Maintenance Supplies,MRO - Maintenance Supplies,57.46,100,EUR,MRO - Maintenance Supplies
PO-100666-7,Voith Turbo,BEARIN GASSEMBLY M1,MRO,MRO - Maintenance Supplies,67.62,5,EUR,MRO - Maintenance Supplies
PO-102717-7,Wabco Holdings,PCB assembly v3,electronics,Electronic Components,36.47,200,EUR,Electronic Components
PO-101682-1,Bilstein GmbH,Pressure sensoru nit Rev.B,ELEC COMP,Electronic Components,186.26,100,EUR,Electronic Components
PO-100884-1,ZF Friedrichshafen,seal kit connector housing v3,maintenance,MRO - Maintenance Supplies,55.17,10,EUR,MRO - Maintenance Supplies
PO-100758-1,Continental AG,Hydraulic hose fitting v3,maintenance,MRO - Maintenance Supplies,19.85,5,EUR,MRO - Maintenance Supplies
PO-103083-2,Freudenberg Sealing,Laptop v2 business grade,IT & Office Equipment,IT & Office Equipment,696.17,5,EUR,IT & Office Equipment
PO-103797-2,Bilstein GmbH,Wiring harness connector HD,Electronic Components,Electronic Components,27.92,200,EUR,Electronic Components
PO-101803-3,Elringklinger AG,Vulcanized rubber block DC01,RAW MAT-RUBBER,Raw Materials - Rubber,41.7,200,EUR,Raw Materials - Rubber
PO-104108-5,SKF Group,PCB assembly Type-A,Electronic Components,Electronic Components,94.35,200,EUR,Electronic Components
PO-101466-2,Haldex AB,Hydraulic hose fitting v2,MRO,MRO - Maintenance Supplies,26.01,2,EUR,MRO - Maintenance Supplies
PO-103259-3,Trelleborg Sealing,steel sheet 60sh-a 6.0mm,Raw Materials - Steel,Raw Materials - Steel,390.03,20,EUR,Raw Materials - Steel
PO-100803-4,Elringklinger AG,Industrial lurbicant HD 20,MRO,MRO - Maintenance Supplies,101.5,2,EUR,MRO - Maintenance Supplies
PO-102981-5,Hella GmbH,Pressure sensor unit ,ELEC COMP,Electronic Components,224.21,100,EUR,Electronic Components
PO-102816-1,Freudenberg Sealing,Monitor 27in Type-A,IT & Office Equipment,IT & Office Equipment,282.42,1,EUR,IT & Office Equipment
PO-101792-6,Haldex AB,EPDM rubber seal stock X5CrNi,Raw Materials - Rubber,Raw Materials - Rubber,30.6,1,EUR,Raw Materials - Rubber
PO-103950-1,Hella GmbH,Protective faom sheet v3,Packaging & Logistics,Packaging & Logistics,19.76,50,EUR,Packaging & Logistics
PO-101945-5,Bosch Rexroth,Hydraulic hose fitting v2,maintenance,MRO - Maintenance Supplies,19.57,1,EUR,MRO - Maintenance Supplies
PO-101278-3,Mahle GmbH,misc / Vulcanized rubber block 42CrMo4,Raw Mat. Rubber,Raw Materials - Rubber,48.13,100,EUR,Raw Materials - Rubber
PO-100725-3,Wabco Holdings,order ref pending - Wooden pallet EUR standard,packaging/logistics,Packaging & Logistics,11.95,2,EUR,Packaging & Logistics
PO-101600-3,SKF Group,Industrial lubricant v2 20L drum,maintenance,MRO - Maintenance Supplies,157.31,20,EUR,MRO - Maintenance Supplies
PO-101200-2,Schaeffler Technologies,Forged steel billet DC01,raw materials/steel,Raw Materials - Steel,417.15,20,EUR,Raw Materials - Steel
PO-100069-5,Faiveley Transport,Protective foam sheet HD,packaging/logistics,Packaging & Logistics,9.83,200,EUR,Packaging & Logistics
PO-101273-5,Bilstein GmbH,HYDRAULIC HOSE FITTING V3,MRO - Maintenance Supplies,MRO - Maintenance Supplies,19.72,10,EUR,MRO - Maintenance Supplies
PO-103676-7,Bilstein GmbH,Wooden pallet EUR standard,Pack & Log,Packaging & Logistics,20.06,200,EUR,Packaging & Logistics
PO-103833-3,Freudenberg Sealing,Bearing assembly compact,MRO/Maint,MRO - Maintenance Supplies,176.11,2,EUR,MRO - Maintenance Supplies
PO-100308-6,Continental AG,rubber compound 60sh-a sheet,Raw Materials - Rubber,Raw Materials - Rubber,22.91,5,EUR,Raw Materials - Rubber
PO-103805-3,Continental AG,Pressure sensor,Electronic Components,Electronic Components,291.24,200,EUR,Electronic Components
PO-103131-1,Schaeffler Technologies,connector assembly 24v sealed,Electronic Components,Electronic Components,89.38,10,EUR,Electronic Components
PO-102719-2,Voith Turbo,Connector assembly R,Elec. Components,Electronic Components,73.41,200,EUR,Electronic Components
PO-102236-2,Bilstein GmbH,Connector assembly TypeA- sealed,Electronic Components,Electronic Components,14.88,200,EUR,Electronic Components
PO-100715-7,Continental AG,Hydraulic hose fitting M12,maintenance,MRO - Maintenance Supplies,37.73,1,EUR,MRO - Maintenance Supplies
PO-104124-7,Elringklinger AG,STEEL COIL HOT-ROLLED S235,Steel,Raw Materials - Steel,243.79,50,EUR,Raw Materials - Steel
PO-103635-1,Voith Turbo,connector assembly 24v saeled,Electronic Components,Electronic Components,60.51,200,EUR,Electronic Components
PO-102262-7,Hella GmbH,Office chair ergonomic HD,IT EQUIP,IT & Office Equipment,318.14,2,EUR,IT & Office Equipment
PO-100868-6,Haldex AB,Pressure sensor unit HD,ELEC COMP,Electronic Components,294.18,20,EUR,Electronic Components
PO-101269-1,Bosch Rexroth,Wooden pallet UER standard,packaging/logistics,Packaging & Logistics,13.64,100,EUR,Packaging & Logistics
PO-103517-2,ZF Friedrichshafen,Sealing gasket sheet DC01,RAW MAT-RUBBER,Raw Materials - Rubber,30.28,1,EUR,Raw Materials - Rubber
PO-102204-5,Bosch Rexroth,pressure sensor unit 230v,Electronic Components,Electronic Components,145.42,1,EUR,Electronic Components
PO-103235-7,Freudenberg Sealing,Office chaire rgo,IT & Office Equipment,IT & Office Equipment,311.44,10,EUR,IT & Office Equipment
PO-102689-7,SKF Group,Wirin gharness connector std,ELEC COMP,Electronic Components,65.27,100,EUR,Electronic Components
PO-103341-1,Continental AG,Wiring harness connector 24V,Electronic Components,Electronic Components,24.27,100,EUR,Electronic Components
PO-102554-5,Continental AG,PROTECTIVE FOAM SHEET HD,Packaging & Logistics,Packaging & Logistics,20.89,50,EUR,Packaging & Logistics
PO-103426-2,Voith Turbo,Hydraulic hose fitting v3,MRO,MRO - Maintenance Supplies,33.06,20,EUR,MRO - Maintenance Supplies
PO-101133-5,Hella GmbH,order ref pending - Stretch wrap film compac,Packaging & Logistics,Packaging & Logistics,33.82,50,EUR,Packaging & Logistics
PO-100987-6,Elringklinger AG,Stertch wrap film std roll,packaging/logistics,Packaging & Logistics,14.58,5,EUR,Packaging & Logistics
PO-100415-1,Elringklinger AG,industrial lubricant hd 20l drum,MRO - Maintenance Supplies,MRO - Maintenance Supplies,145.45,100,EUR,MRO - Maintenance Supplies
PO-100090-5,Hella GmbH,stretch wrap film 24v roll,Packaging & Logistics,Packaging & Logistics,29.69,10,EUR,Packaging & Logistics
PO-100690-3,SKF Group,Industrial lubricant v2 20L drum,MRO - Maintenance Supplies,MRO - Maintenance Supplies,155.7,5,EUR,MRO - Maintenance Supplies
PO-103587-2,Wabco Holdings,Wooden pallet EUR standard,PACKAGING,Packaging & Logistics,15.84,1,EUR,Packaging & Logistics
PO-101224-5,Haldex AB,Wooden pallet EUR standard,packaging/logistics,Packaging & Logistics,10.71,2,EUR,Packaging & Logistics
PO-100331-1,Bosch Rexroth,Steel coil hot-rolled DC01,RAW MAT-STEEL,Raw Materials - Steel,301.42,2,EUR,Raw Materials - Steel
PO-102930-3,Hella GmbH,Steel coil ho-trolled 70Sh-A,RAW MAT-STEEL,Raw Materials - Steel,284.42,1,EUR,Raw Materials - Steel
PO-103433-2,Schaeffler Technologies,aLptop Type-A business grade,it/office,IT & Office Equipment,1360.13,2,EUR,IT & Office Equipment
PO-101141-6,Schaeffler Technologies,Stretch wrap film M12 roll,Packaging & Logistics,Packaging & Logistics,33.24,5,EUR,Packaging & Logistics
PO-103773-6,SKF Group,PCB assembly M12,ELEC COMP,Electronic Components,27.31,20,EUR,Electronic Components
PO-101796-3,Freudenberg Sealing,PO item: office chair ergonomic std,IT & Office Equipment,IT & Office Equipment,355.3,1,EUR,IT & Office Equipment
PO-100255-2,Continental AG,Monitor 2i7n std,IT & Office Equipment,IT & Office Equipment,204.95,100,EUR,IT & Office Equipment
PO-101890-6,Schaeffler Technologies,Steel sheet 60hS-A 3.0mm,Raw Materials - Steel,Raw Materials - Steel,336.41,1,EUR,Raw Materials - Steel
PO-102153-3,Schaeffler Technologies,Sealing gasket sheet NBR-70,rubber,Raw Materials - Rubber,32.45,100,EUR,Raw Materials - Rubber
PO-100823-3,Continental AG,Office chair ergonomic compact,IT & Office Equipment,IT & Office Equipment,249.72,5,EUR,IT & Office Equipment
PO-102364-4,Continental AG,OFFICE CHAIR ERGONOMIC HD,IT & Office Equipment,IT & Office Equipment,130.65,2,EUR,IT & Office Equipment
PO-103769-2,Faiveley Transport,Connector assembly Type-A sealed,Electronic Components,Electronic Components,50.94,2,EUR,Electronic Components
PO-100463-7,Trelleborg Sealing,OFFICE CHAIR ERGONO,IT EQUIP,IT & Office Equipment,286.49,1,EUR,IT & Office Equipment
PO-102352-6,Trelleborg Sealing,Office chair ergonomic v2,IT & Office Equipment,IT & Office Equipment,211.72,5,EUR,IT & Office Equipment
PO-103634-7,Trelleborg Sealing,Laptop std ubsiness grade,IT & Office Equipment,IT & Office Equipment,830.37,50,EUR,IT & Office Equipment
PO-100925-7,SKF Group,VULCANIZED RUBBER BLOCK X5CRNI,rubber,Raw Materials - Rubber,40.7,200,EUR,Raw Materials - Rubber
PO-100416-2,Continental AG,OFFICE CHAIR ERGONOMIC REV.B,IT & Office Equipment,IT & Office Equipment,239.25,200,EUR,IT & Office Equipment
PO-100103-4,ZF Friedrichshafen,laptop v3 business grade,IT & Office Equipment,IT & Office Equipment,791.72,200,EUR,IT & Office Equipment
PO-103539-3,Wabco Holdings,Protective foam sheet v2,Pack & Log,Packaging & Logistics,21.05,10,EUR,Packaging & Logistics
PO-101508-2,Faiveley Transport,Laptop HD business grade,IT & Office,IT & Office Equipment,931.93,10,EUR,IT & Office Equipment
PO-102932-5,SKF Group,Stretch wrap film Type-A roll,Packaging & Logistics,Packaging & Logistics,21.08,100,EUR,Packaging & Logistics
PO-102424-1,Bosch Rexroth,Connector assembly Type-A sealed,Electronic Components,Electronic Components,31.22,50,EUR,Electronic Components
PO-103936-1,Freudenberg Sealing,Steel sheet S235 3.0mm,Raw Materials - Steel,Raw Materials - Steel,416.32,1,EUR,Raw Materials - Steel
PO-102116-1,Elringklinger AG,PCB ASSEMBLY 230V,Electronic Components,Electronic Components,52.03,10,EUR,Electronic Components
PO-101811-4,Freudenberg Sealing,Industrial lubrciant Rev.B 20L drum,,MRO - Maintenance Supplies,91.84,100,EUR,MRO - Maintenance Supplies
PO-101579-3,Freudenberg Sealing,Laptop Type-A business grade,IT & Office Equipment,IT & Office Equipment,1400.51,100,EUR,IT & Office Equipment
PO-103747-1,Elringklinger AG,Steel coil hot-rolled 70Sh-A,Raw Materials - Steel,Raw Materials - Steel,217.06,100,EUR,Raw Materials - Steel
PO-103364-3,Voith Turbo,Hydraulic hose fitting M12,MRO - Maintenance Supplies,MRO - Maintenance Supplies,15.85,50,EUR,MRO - Maintenance Supplies
PO-102701-5,Continental AG,PO item: PCB ASSEMBLY TYPE-A,Electronic Components,Electronic Components,117.69,5,EUR,Electronic Components
PO-102183-5,Bilstein GmbH,INDUSTRIAL LUBRICANT M12 20L DRUM,MRO - Maintenance Supplies,MRO - Maintenance Supplies,131.69,50,EUR,MRO - Maintenance Supplies
PO-102199-7,Continental AG,Industrial lubricant Rev.B 20L drmu,MRO - Maintenance Supplies,MRO - Maintenance Supplies,138.81,2,EUR,MRO - Maintenance Supplies
PO-102955-7,Voith Turbo,Laptop v3 business grad,IT & Office Equipment,IT & Office Equipment,1004.3,1,EUR,IT & Office Equipment
PO-103584-6,Trelleborg Sealing,Seal kit connector housing M12,MRO/Maint,MRO - Maintenance Supplies,65.2,5,EUR,MRO - Maintenance Supplies
PO-103056-3,Trelleborg Sealing,Steel sheet S235 4.0mm,Steel,Raw Materials - Steel,198.02,20,EUR,Raw Materials - Steel
PO-103560-3,Mahle GmbH,epdm rubber seal stock 42crmo4,Raw Materials - Rubber,Raw Materials - Rubber,19.36,1,EUR,Raw Materials - Rubber
PO-103271-1,Haldex AB,Monitor 72in 24V,it/office,IT & Office Equipment,246.05,10,EUR,IT & Office Equipment
PO-103902-2,Mahle GmbH,Corrugated shipping crate HD,PACKAGING,Packaging & Logistics,50.28,100,EUR,Packaging & Logistics
PO-103043-4,Voith Turbo,LAPTOP 24V BUSINESS GRADE,IT & Office Equipment,IT & Office Equipment,799.43,10,EUR,IT & Office Equipment
PO-102227-7,Continental AG,Forged steel billet 60Sh-A,Raw Materials - Steel,Raw Materials - Steel,475.78,5,EUR,Raw Materials - Steel
PO-100330-7,Mahle GmbH,Bearing assembly 24V,MRO/Maint,MRO - Maintenance Supplies,115.91,200,EUR,MRO - Maintenance Supplies
PO-102189-4,Mahle GmbH,Steel sheet S355 4.0mm,Raw Materials - Steel,Raw Materials - Steel,267.54,5,EUR,Raw Materials - Steel
PO-103372-4,Mahle GmbH,Protective foam sheet 230V,packaging/logistics,Packaging & Logistics,25.68,1,EUR,Packaging & Logistics
PO-103452-7,SKF Group,misc / rubber compound x5crni,Raw Materials - Rubber,Raw Materials - Rubber,21.87,2,EUR,Raw Materials - Rubber
PO-101210-5,Bilstein GmbH,STRETCH WRAP IFLM V3 ROLL,Packaging & Logistics,Packaging & Logistics,13.2,2,EUR,Packaging & Logistics
PO-101088-2,SKF Group,Sealing gasket sheet 60Sh-A,Raw Materials - Rubber,Raw Materials - Rubber,10.42,5,EUR,Raw Materials - Rubber
PO-100668-2,Faiveley Transport,Laptop M12 business grade,it/office,IT & Office Equipment,1054.23,100,EUR,IT & Office Equipment
PO-101762-4,Hella GmbH,Wooden pallet EUR standard,Packaging & Logistics,Packaging & Logistics,13.9,20,EUR,Packaging & Logistics
PO-104126-2,ZF Friedrichshafen,Hydraulic hose fitting 230V,MRO/Maint,MRO - Maintenance Supplies,38.84,20,EUR,MRO - Maintenance Supplies
PO-100168-6,Elringklinger AG,Steel coil hot-rolled DC01,Raw Materials - Steel,Raw Materials - Steel,346.85,100,EUR,Raw Materials - Steel
PO-101385-5,Continental AG,order ref pending - Pressure sensor unit Rev.B,electronics,Electronic Components,48.52,20,EUR,Electronic Components
PO-103818-2,Haldex AB,Steel coil hot-rolled NBR-70,Steel,Raw Materials - Steel,245.3,20,EUR,Raw Materials - Steel
PO-101384-4,Freudenberg Sealing,Industrial lubricant v3 20L drum,MRO - Maintenance Supplies,MRO - Maintenance Supplies,124.54,100,EUR,MRO - Maintenance Supplies
PO-101936-3,Freudenberg Sealing,Forged steel billet S235,raw materials/steel,Raw Materials - Steel,533.1,5,EUR,Raw Materials - Steel
PO-103296-5,Freudenberg Sealing,misc / Corrugated shipping crate 24V,Packaging & Logistics,Packaging & Logistics,50.8,2,EUR,Packaging & Logistics
PO-102185-7,Bilstein GmbH,Laptop Type-A business grade,IT & Office Equipment,IT & Office Equipment,1071.75,100,EUR,IT & Office Equipment
PO-103247-5,Wabco Holdings,Stretch wrap film v2 roll,Pack & Log,Packaging & Logistics,32.63,10,EUR,Packaging & Logistics
PO-100157-2,Bilstein GmbH,HYDRAULIC HOSE FITTING STD,MRO - Maintenance Supplies,MRO - Maintenance Supplies,20.63,2,EUR,MRO - Maintenance Supplies
PO-101482-4,Faiveley Transport,Forged steel billet S355,raw materials/steel,Raw Materials - Steel,799.12,20,EUR,Raw Materials - Steel
PO-100146-5,Elringklinger AG,Laptop v2 business grade,IT & Office,IT & Office Equipment,1139.18,200,EUR,IT & Office Equipment
PO-101935-2,Bosch Rexroth,Monitor 27in M12,IT & Office,IT & Office Equipment,306.79,1,EUR,IT & Office Equipment
PO-103370-2,Wabco Holdings,EPDM rubber seal stock S235,Raw Mat. Rubber,Raw Materials - Rubber,52.33,50,EUR,Raw Materials - Rubber
PO-103082-1,Elringklinger AG,Protective foam sheet 230V,PACKAGING,Packaging & Logistics,11.57,1,EUR,Packaging & Logistics
PO-101822-1,Elringklinger AG,Bearing assembly Type-A,MRO - Maintenance Supplies,MRO - Maintenance Supplies,73.12,5,EUR,MRO - Maintenance Supplies
PO-103257-1,Trelleborg Sealing,Stretch wrap film v2 roll,Packaging & Logistics,Packaging & Logistics,28.26,5,EUR,Packaging & Logistics
PO-100672-6,Bilstein GmbH,Steel sheet 60Sh-A 2.0mm,RAW MAT-STEEL,Raw Materials - Steel,263.66,200,EUR,Raw Materials - Steel
PO-103410-7,SKF Group,Forged steel billet X,,Raw Materials - Steel,746.24,1,EUR,Raw Materials - Steel
PO-101344-6,Wabco Holdings,Industrial lubricant std 20L drum,MRO - Maintenance Supplies,MRO - Maintenance Supplies,151.51,5,EUR,MRO - Maintenance Supplies
PO-101057-6,SKF Group,Office chair ergonomic 230V,IT & Office Equipment,IT & Office Equipment,240.13,1,EUR,IT & Office Equipment
PO-100567-6,Mahle GmbH,Steel coil hot-rolled,RAW MAT-STEEL,Raw Materials - Steel,270.95,20,EUR,Raw Materials - Steel
PO-102827-5,Elringklinger AG,Wooden pallet EUR satndard,Packaging & Logistics,Packaging & Logistics,13.21,1,EUR,Packaging & Logistics
PO-100395-2,Freudenberg Sealing,Protective foam sheet Rev.B,Packaging & Logistics,Packaging & Logistics,27.94,10,EUR,Packaging & Logistics
PO-101085-6,Haldex AB,Forged steel billet 70Sh-A,Raw Materials - Steel,Raw Materials - Steel,356.6,2,EUR,Raw Materials - Steel
PO-102608-3,Schaeffler Technologies,Forged steel billet S235,Raw Materials - Steel,Raw Materials - Steel,508.34,200,EUR,Raw Materials - Steel
PO-102751-6,Continental AG,Stretch wrap film 24V roll,Packaging & Logistics,Packaging & Logistics,16.21,10,EUR,Packaging & Logistics
PO-100361-3,SKF Group,OFFICE CHAIR ERGONOMIC 230V,it/office,IT & Office Equipment,202.39,20,EUR,IT & Office Equipment
PO-102986-3,Faiveley Transport,Steel sheet X5CrNi 4.0mm,RAW MAT-STEEL,Raw Materials - Steel,293.96,50,EUR,Raw Materials - Steel
PO-102230-3,Schaeffler Technologies,uRbber compound NBR-70 sheet,Raw Materials - Rubber,Raw Materials - Rubber,30.37,1,EUR,Raw Materials - Rubber
PO-102212-6,Trelleborg Sealing,Vulcanized rubber block 70Sh-A,Raw Materials - Rubber,Raw Materials - Rubber,59.32,10,EUR,Raw Materials - Rubber
PO-103790-2,Bilstein GmbH,Hydraulic hose fitting compact,MRO - Maintenance Supplies,MRO - Maintenance Supplies,30.63,2,EUR,MRO - Maintenance Supplies
PO-101893-2,Faiveley Transport,order ref pending - Seal kit connector hou,maintenance,MRO - Maintenance Supplies,63.78,10,EUR,MRO - Maintenance Supplies
PO-102516-2,Wabco Holdings,rubber compound 60sh-a sheet,Raw Materials - Rubber,Raw Materials - Rubber,37.56,10,EUR,Raw Materials - Rubber
PO-102591-7,Bilstein GmbH,Bearing assembly std,MRO/Maint,MRO - Maintenance Supplies,48.22,10,EUR,MRO - Maintenance Supplies
PO-102213-7,Haldex AB,EPDM rubber seal stock 42CrMo4,,Raw Materials - Rubber,55.64,20,EUR,Raw Materials - Rubber
PO-102898-6,SKF Group,PRESSURE SENSOR UNIT TYPE-A,ELEC COMP,Electronic Components,246.06,100,EUR,Electronic Components
PO-101115-1,Haldex AB,PROTECTIVE FOAM SHEET REV.,PACKAGING,Packaging & Logistics,16.84,1,EUR,Packaging & Logistics
PO-103501-7,Freudenberg Sealing,Rubber compound NBR-70 shee,Raw Materials - Rubber,Raw Materials - Rubber,27.28,2,EUR,Raw Materials - Rubber
PO-101465-1,Faiveley Transport,Rubber compound X5CrNi sheet,Raw Materials - Rubber,Raw Materials - Rubber,23.07,1,EUR,Raw Materials - Rubber
PO-100407-7,Voith Turbo,Rubber compound DC01 sheet,RAW MAT-RUBBER,Raw Materials - Rubber,31.68,10,EUR,Raw Materials - Rubber
PO-102551-2,Wabco Holdings,Office chair ergonomic Type-A,IT EQUIP,IT & Office Equipment,314.44,5,EUR,IT & Office Equipment
PO-101576-7,Freudenberg Sealing,Steel sheet S355 1.5mm,RAW MAT-STEEL,Raw Materials - Steel,393.27,50,EUR,Raw Materials - Steel
PO-102822-7,Freudenberg Sealing,Seal kit connector housing Type-A,MRO - Maintenance Supplies,MRO - Maintenance Supplies,62.14,10,EUR,MRO - Maintenance Supplies
PO-100737-1,Hella GmbH,Vulcaniezd rubber block 42CrMo4,Raw Materials - Rubber,Raw Materials - Rubber,37.5,5,EUR,Raw Materials - Rubber
PO-103231-3,Trelleborg Sealing,Pressure sensor unit HD,electronics,Electronic Components,67.9,1,EUR,Electronic Components
PO-102758-6,Bosch Rexroth,Industrial lubricant Rev.B 20L drum,maintenance,MRO - Maintenance Supplies,103.27,2,EUR,MRO - Maintenance Supplies
PO-103824-1,Mahle GmbH,Seal kit connector housing 230V,MRO - Maintenance Supplies,MRO - Maintenance Supplies,68.03,10,EUR,MRO - Maintenance Supplies
PO-101226-7,Faiveley Transport,EPDM rubber seal stock 70Sh-A,RAW MAT-RUBBER,Raw Materials - Rubber,58.22,1,EUR,Raw Materials - Rubber
PO-102895-3,Wabco Holdings,Wiring harness connector 24V,ELEC COMP,Electronic Components,43.84,50,EUR,Electronic Components
PO-102337-5,Haldex AB,Wooden palletE UR standard,Packaging & Logistics,Packaging & Logistics,18.18,20,EUR,Packaging & Logistics
PO-102790-3,Voith Turbo,Forged steel billet S355,,Raw Materials - Steel,829.53,1,EUR,Raw Materials - Steel
PO-103781-7,Voith Turbo,Office chair ergonomic 230V,IT & Office,IT & Office Equipment,266.83,1,EUR,IT & Office Equipment
PO-102933-6,Bilstein GmbH,Rubber compound DC01 sheet,RAW MAT-RUBBER,Raw Materials - Rubber,40.95,200,EUR,Raw Materials - Rubber
PO-101684-3,SKF Group,Bearing assembly M12,MRO - Maintenance Supplies,MRO - Maintenance Supplies,143.94,50,EUR,MRO - Maintenance Supplies
PO-104087-5,Bilstein GmbH,BEARING ASSEMBLY V2,MRO - Maintenance Supplies,MRO - Maintenance Supplies,50.41,50,EUR,MRO - Maintenance Supplies
PO-100759-2,Trelleborg Sealing,order ref pending - Wooden pallet EUR standard,Packaging & Logistics,Packaging & Logistics,13.94,20,EUR,Packaging & Logistics
PO-101304-1,Hella GmbH,Monitor 27in compact,IT & Office Equipment,IT & Office Equipment,158.56,100,EUR,IT & Office Equipment
PO-101875-5,Bilstein GmbH,Wooden pallet EUR standard,packaging/logistics,Packaging & Logistics,20.45,20,EUR,Packaging & Logistics
PO-102906-7,Wabco Holdings,misc / WOODEN PALLET EUR STANDARD,PACKAGING,Packaging & Logistics,18.63,50,EUR,Packaging & Logistics
PO-104079-4,ZF Friedrichshafen,Forged steel billet 42CrMo4,RAW MAT-STEEL,Raw Materials - Steel,850.47,100,EUR,Raw Materials - Steel
PO-101866-3,Schaeffler Technologies,Monitor 27in Rev.B,IT & Office Equipment,IT & Office Equipment,318.29,2,EUR,IT & Office Equipment
PO-100273-6,Wabco Holdings,Corrugated shipping crate 230V,Packaging & Logistics,Packaging & Logistics,26.67,100,EUR,Packaging & Logistics
PO-103627-7,Hella GmbH,PRESSUER SENSOR UNIT TYPE-A,Electronic Components,Electronic Components,298.13,5,EUR,Electronic Components
PO-101946-6,ZF Friedrichshafen,PCB assembly Re,Electronic Components,Electronic Components,77.46,50,EUR,Electronic Components
PO-103960-4,Elringklinger AG,Stretch wrap film v2 roll,packaging/logistics,Packaging & Logistics,28.56,5,EUR,Packaging & Logistics
PO-102752-7,Hella GmbH,Wiring harness conn,Electronic Components,Electronic Components,59.81,1,EUR,Electronic Components
PO-101824-3,Freudenberg Sealing,Industrial lubricant 24V ,MRO - Maintenance Supplies,MRO - Maintenance Supplies,120.41,20,EUR,MRO - Maintenance Supplies
PO-103906-6,Trelleborg Sealing,Steel coil hot-rolled CD01,Raw Materials - Steel,Raw Materials - Steel,238.5,20,EUR,Raw Materials - Steel
PO-101593-3,Wabco Holdings,Wooden pallet EUR standard,Packaging & Logistics,Packaging & Logistics,20.17,200,EUR,Packaging & Logistics
PO-100795-3,Bilstein GmbH,Laptop std business grdae,IT & Office Equipment,IT & Office Equipment,1297.21,100,EUR,IT & Office Equipment
PO-102870-6,Wabco Holdings,misc / Monitor 27in Rev.B,IT & Office,IT & Office Equipment,237.74,2,EUR,IT & Office Equipment
PO-101692-4,Freudenberg Sealing,Laptop 230V business grade,it/office,IT & Office Equipment,691.69,1,EUR,IT & Office Equipment
PO-100326-3,Mahle GmbH,Vulcanized rubber block DC01,rubber,Raw Materials - Rubber,68.38,5,EUR,Raw Materials - Rubber
PO-101699-4,Bilstein GmbH,PO item: rubber compound 60sh-a sheet,Raw Materials - Rubber,Raw Materials - Rubber,25.64,1,EUR,Raw Materials - Rubber
PO-103887-1,Haldex AB,Laptop compact business grade,IT & Office,IT & Office Equipment,999.57,50,EUR,IT & Office Equipment
PO-103725-7,Bilstein GmbH,Protectvie foam sheet 230V,Packaging & Logistics,Packaging & Logistics,11.79,200,EUR,Packaging & Logistics
PO-102404-2,Hella GmbH,WIRING HARNESS CONNECTOR M12,Electronic Components,Electronic Components,89.58,10,EUR,Electronic Components
PO-101674-7,Elringklinger AG,Idnustrial lubricant M12 20L drum,MRO - Maintenance Supplies,MRO - Maintenance Supplies,133.87,5,EUR,MRO - Maintenance Supplies
PO-100546-6,Voith Turbo,Sealing gasket sheet DC01,rubber,Raw Materials - Rubber,25.49,5,EUR,Raw Materials - Rubber
PO-101559-4,Hella GmbH,Laptop Rev.B business grade,IT & Office,IT & Office Equipment,934.22,5,EUR,IT & Office Equipment
PO-100769-5,Bosch Rexroth,Office hcair ergonomic st,IT & Office Equipment,IT & Office Equipment,341.8,20,EUR,IT & Office Equipment
PO-102216-3,Wabco Holdings,Office chair ergon,IT & Office Equipment,IT & Office Equipment,349.09,50,EUR,IT & Office Equipment
PO-103090-2,Freudenberg Sealing,Monitor 27in 24V,,IT & Office Equipment,146.34,20,EUR,IT & Office Equipment
PO-102174-3,Voith Turbo,Stretch wrap film M12 roll,Packaging & Logistics,Packaging & Logistics,20.28,200,EUR,Packaging & Logistics
PO-101093-7,Bosch Rexroth,Laptop M12 business grade,it/office,IT & Office Equipment,1422.38,10,EUR,IT & Office Equipment
PO-103609-3,Continental AG,seal kit connector housing v2,MRO/Maint,MRO - Maintenance Supplies,66.79,2,EUR,MRO - Maintenance Supplies
PO-101721-5,Continental AG,misc / Corrugated shipping crate Type-A,packaging/logistics,Packaging & Logistics,22.47,200,EUR,Packaging & Logistics
PO-102137-1,Hella GmbH,Wiring harness connector compact,ELEC COMP,Electronic Components,30.8,5,EUR,Electronic Components
PO-103148-4,Elringklinger AG,Steel sheet 70Sh-A 4.,Steel,Raw Materials - Steel,388.06,50,EUR,Raw Materials - Steel
PO-104071-3,Trelleborg Sealing,Stretch wrap film v2 roll,packaging/logistics,Packaging & Logistics,33.46,5,EUR,Packaging & Logistics
PO-103134-4,Hella GmbH,EPDM rubber esal stock 60Sh-A,Raw Materials - Rubber,Raw Materials - Rubber,32.7,50,EUR,Raw Materials - Rubber
PO-104138-7,Bilstein GmbH,Sealing gasket sheet X5CrNi,Raw Materials - Rubber,Raw Materials - Rubber,21.61,10,EUR,Raw Materials - Rubber
PO-100457-1,Trelleborg Sealing,Office chair ergonomic std,IT & Office Equipment,IT & Office Equipment,314.76,10,EUR,IT & Office Equipment
PO-103729-4,Mahle GmbH,Connector assembly Type-A sealed,Electronic Components,Electronic Components,84.61,5,EUR,Electronic Components
PO-102357-4,Schaeffler Technologies,Corrugated shipping crate 2,Packaging & Logistics,Packaging & Logistics,53.48,200,EUR,Packaging & Logistics
PO-103125-2,Haldex AB,Bearing assembly v2,MRO - Maintenance Supplies,MRO - Maintenance Supplies,194.94,100,EUR,MRO - Maintenance Supplies
PO-102437-7,Freudenberg Sealing,Laptop HD business grade,IT & Office Equipment,IT & Office Equipment,698.9,1,EUR,IT & Office Equipment
PO-103186-7,SKF Group,Steel shete 60Sh-A 3.0mm,Raw Materials - Steel,Raw Materials - Steel,392.07,200,EUR,Raw Materials - Steel
PO-100279-5,Faiveley Transport,EPDM rubber seal stock NBR-70,rubber,Raw Materials - Rubber,18.2,10,EUR,Raw Materials - Rubber
PO-103518-3,Trelleborg Sealing,office chair ergonomic,,IT & Office Equipment,282.26,5,EUR,IT & Office Equipment
PO-102477-5,Freudenberg Sealing,Industrial lubricant std 20L drum,MRO - Maintenance Supplies,MRO - Maintenance Supplies,162.75,10,EUR,MRO - Maintenance Supplies
PO-101618-7,Voith Turbo,INDUSTRIAL LUBRICANT COMPACT 20L DRUM,MRO - Maintenance Supplies,MRO - Maintenance Supplies,130.88,2,EUR,MRO - Maintenance Supplies
PO-100791-6,Haldex AB,Wiring harness connector v3,Electronic Components,Electronic Components,72.61,100,EUR,Electronic Components
PO-101602-5,Wabco Holdings,Connector assembly v3 sealed,ELEC COMP,Electronic Components,90.13,50,EUR,Electronic Components
PO-101111-4,Voith Turbo,Seal kit connector housing M12,MRO/Maint,MRO - Maintenance Supplies,16.51,2,EUR,MRO - Maintenance Supplies
PO-100029-7,Haldex AB,Laptop Rev.B bus,IT & Office Equipment,IT & Office Equipment,929.73,10,EUR,IT & Office Equipment
PO-102309-5,Bosch Rexroth,Forged tseel billet S355,Raw Materials - Steel,Raw Materials - Steel,415.14,2,EUR,Raw Materials - Steel
PO-102466-1,Voith Turbo,Steel sheet 60Sh-A 1.5mm,raw materials/steel,Raw Materials - Steel,389.19,200,EUR,Raw Materials - Steel
PO-103013-2,Freudenberg Sealing,order ref pending - vulcanized rubber block s355,Raw Materials - Rubber,Raw Materials - Rubber,59.84,50,EUR,Raw Materials - Rubber
PO-101889-5,Elringklinger AG,pcb assembly std,Electronic Components,Electronic Components,11.13,2,EUR,Electronic Components
PO-103757-4,Voith Turbo,PCB ASSEMBLY M12,ELEC COMP,Electronic Components,86.36,2,EUR,Electronic Components
PO-102795-1,Hella GmbH,EPDM rubber seal stock X5CrNi,RAW MAT-RUBBER,Raw Materials - Rubber,24.69,50,EUR,Raw Materials - Rubber
PO-100586-4,SKF Group,Steel coil hot-rolled 42CrMo4,raw materials/steel,Raw Materials - Steel,454.58,1,EUR,Raw Materials - Steel
PO-100231-6,Elringklinger AG,INDUSTRIAL LUBRICANT 24V 20L DRUM,MRO - Maintenance Supplies,MRO - Maintenance Supplies,138.88,20,EUR,MRO - Maintenance Supplies
PO-102501-1,Trelleborg Sealing,Steel coil hot-rolled 70Sh-A,raw materials/steel,Raw Materials - Steel,317.77,50,EUR,Raw Materials - Steel
PO-101331-7,Continental AG,Sealing gasket sheet 70Sh-A,Raw Materials - Rubber,Raw Materials - Rubber,34.37,2,EUR,Raw Materials - Rubber
PO-102502-2,Faiveley Transport,Steel coil hot-rolled,Raw Materials - Steel,Raw Materials - Steel,378.61,1,EUR,Raw Materials - Steel
PO-100191-1,Faiveley Transport,Sealing gasket sheet 70Sh-A,Raw Materials - Rubber,Raw Materials - Rubber,18.41,100,EUR,Raw Materials - Rubber
PO-102449-5,Mahle GmbH,Rubber compound 60Sh-,Raw Materials - Rubber,Raw Materials - Rubber,39.63,100,EUR,Raw Materials - Rubber
PO-103281-4,Faiveley Transport,Forged steel billet S235,Steel,Raw Materials - Steel,379.15,50,EUR,Raw Materials - Steel
PO-103346-6,Schaeffler Technologies,monitor 27in v2,IT EQUIP,IT & Office Equipment,242.71,200,EUR,IT & Office Equipment
PO-103029-4,Schaeffler Technologies,PCB assembly 230V,electronics,Electronic Components,114.7,50,EUR,Electronic Components
PO-102755-3,Bilstein GmbH,Bearing assem,maintenance,MRO - Maintenance Supplies,187.75,50,EUR,MRO - Maintenance Supplies
PO-100153-5,Hella GmbH,Steel coil hot-rolled X5CrNi,,Raw Materials - Steel,434.53,1,EUR,Raw Materials - Steel
PO-102001-5,SKF Group,Laptop v2 business gr,IT & Office Equipment,IT & Office Equipment,767.0,5,EUR,IT & Office Equipment
PO-102246-5,Hella GmbH,Laptop v2 business ,IT EQUIP,IT & Office Equipment,784.23,100,EUR,IT & Office Equipment
PO-101844-2,Haldex AB,Wooden pallet EUR standard,PACKAGING,Packaging & Logistics,12.19,1,EUR,Packaging & Logistics
PO-102884-6,Hella GmbH,Bearing assembly 230V,MRO - Maintenance Supplies,MRO - Maintenance Supplies,150.24,200,EUR,MRO - Maintenance Supplies
PO-101213-1,Freudenberg Sealing,PO item: Steel coil hot-rolled 42CrMo4,raw materials/steel,Raw Materials - Steel,386.73,10,EUR,Raw Materials - Steel
PO-100004-3,Freudenberg Sealing,Office chair ergonomic compact,IT & Office Equipment,IT & Office Equipment,170.0,2,EUR,IT & Office Equipment
PO-102727-3,ZF Friedrichshafen,EPDM rubber seal stock 70Sh-A,rubber,Raw Materials - Rubber,47.85,200,EUR,Raw Materials - Rubber
PO-103545-2,Schaeffler Technologies,Hydraulic hose fitting compact,MRO - Maintenance Supplies,MRO - Maintenance Supplies,46.33,200,EUR,MRO - Maintenance Supplies
PO-102779-6,Hella GmbH,Wiring harness connector std,Elec. Components,Electronic Components,30.15,10,EUR,Electronic Components
PO-100348-4,Trelleborg Sealing,Stretch wrap film compact roll,Packaging & Logistics,Packaging & Logistics,22.6,1,EUR,Packaging & Logistics
PO-102491-5,Voith Turbo,Corrugated shipping crate2 30V,PACKAGING,Packaging & Logistics,32.97,100,EUR,Packaging & Logistics
PO-100869-7,Bilstein GmbH,Vulcanized rubber bolck S355,Raw Mat. Rubber,Raw Materials - Rubber,60.14,50,EUR,Raw Materials - Rubber
PO-100131-4,Hella GmbH,Sealing gasket sheet S355,Raw Materials - Rubber,Raw Materials - Rubber,12.59,20,EUR,Raw Materials - Rubber
PO-102534-6,Wabco Holdings,Industrial lubricant compact 20L drum,maintenance,MRO - Maintenance Supplies,90.61,100,EUR,MRO - Maintenance Supplies
PO-102824-2,Mahle GmbH,Rubber compound S235 sheet,RAW MAT-RUBBER,Raw Materials - Rubber,33.56,50,EUR,Raw Materials - Rubber
PO-103444-6,Hella GmbH,PCB assembly HD,electronics,Electronic Components,105.83,50,EUR,Electronic Components
PO-104014-2,Mahle GmbH,Connector assembly v3s ealed,Electronic Components,Electronic Components,29.14,100,EUR,Electronic Components
PO-102026-2,Schaeffler Technologies,Protective foam sheet 24V,PACKAGING,Packaging & Logistics,23.09,10,EUR,Packaging & Logistics
PO-100389-3,Bilstein GmbH,Corrugated shipping crate v2,Packaging & Logistics,Packaging & Logistics,52.01,5,EUR,Packaging & Logistics
PO-100061-4,Trelleborg Sealing,PO item: Connector assembly v3 ,,Electronic Components,80.4,1,EUR,Electronic Components
PO-102299-2,Wabco Holdings,Forged steel billet 42CrMo4,raw materials/steel,Raw Materials - Steel,832.25,100,EUR,Raw Materials - Steel
PO-100113-7,Elringklinger AG,Vulcanized rubber block NBR-70,,Raw Materials - Rubber,42.18,100,EUR,Raw Materials - Rubber
PO-100079-1,Mahle GmbH,Stretch wrap film Rev.B roll,Packaging & Logistics,Packaging & Logistics,19.79,2,EUR,Packaging & Logistics
PO-101780-1,Bosch Rexroth,Hydraulic hose fitting v2,MRO,MRO - Maintenance Supplies,24.31,2,EUR,MRO - Maintenance Supplies
PO-101795-2,Faiveley Transport,INDUSTRIAL LUBRICANT HD 20L DRUM,MRO - Maintenance Supplies,MRO - Maintenance Supplies,88.92,2,EUR,MRO - Maintenance Supplies
PO-101970-2,Trelleborg Sealing,EPDM rubber seal stock X5CrNi,Raw Materials - Rubber,Raw Materials - Rubber,48.66,1,EUR,Raw Materials - Rubber
PO-100529-3,Freudenberg Sealing,Seal kit cnonector housing v2,MRO - Maintenance Supplies,MRO - Maintenance Supplies,17.67,200,EUR,MRO - Maintenance Supplies
PO-100028-6,Hella GmbH,misc / Connector assembly Type-A sealed,electronics,Electronic Components,35.56,100,EUR,Electronic Components
PO-101015-6,Hella GmbH,Protective foam sheet M12,Pack & Log,Packaging & Logistics,27.6,50,EUR,Packaging & Logistics
PO-101072-7,Continental AG,Laptop v3 business grade,IT & Office,IT & Office Equipment,1118.94,50,EUR,IT & Office Equipment
PO-101777-5,Haldex AB,Forged steel billet DC01,RAW MAT-STEEL,Raw Materials - Steel,896.33,100,EUR,Raw Materials - Steel
PO-103061-1,Wabco Holdings,HYDRAULIC HOSE FITTING TYPE-A,MRO - Maintenance Supplies,MRO - Maintenance Supplies,50.2,200,EUR,MRO - Maintenance Supplies
PO-104064-3,Haldex AB,order ref pending - EPDM rubber seal stock 42CrMo4,Raw Materials - Rubber,Raw Materials - Rubber,24.47,5,EUR,Raw Materials - Rubber
PO-101320-3,Hella GmbH,Bearing assembly R,MRO/Maint,MRO - Maintenance Supplies,121.14,10,EUR,MRO - Maintenance Supplies
PO-101189-5,Elringklinger AG,Bearing assembly Rev.B,MRO - Maintenance Supplies,MRO - Maintenance Supplies,164.65,5,EUR,MRO - Maintenance Supplies
PO-102296-6,Faiveley Transport,STEEL COIL HOT-ROLLED X5CRNI,Raw Materials - Steel,Raw Materials - Steel,469.77,2,EUR,Raw Materials - Steel
PO-101673-6,Schaeffler Technologies,Corrugated shipping crate v2,Packaging & Logistics,Packaging & Logistics,48.51,200,EUR,Packaging & Logistics
PO-102072-6,Continental AG,Connecotr assembly compact sealed,Electronic Components,Electronic Components,44.51,200,EUR,Electronic Components
PO-100083-5,Voith Turbo,Laptop v3 business grade,IT & Office,IT & Office Equipment,1004.71,10,EUR,IT & Office Equipment
PO-101567-5,Bosch Rexroth,Bearing assembly 24V,MRO - Maintenance Supplies,MRO - Maintenance Supplies,111.21,10,EUR,MRO - Maintenance Supplies
PO-103532-3,Trelleborg Sealing,Corrugated shipping crate std,Packaging & Logistics,Packaging & Logistics,26.8,5,EUR,Packaging & Logistics
PO-104129-5,Bilstein GmbH,order ref pending - Monitor 27in HD,IT & Office Equipment,IT & Office Equipment,232.04,50,EUR,IT & Office Equipment
PO-100538-5,Elringklinger AG,Laptop v3 business grade,IT & Office Equipment,IT & Office Equipment,1395.24,20,EUR,IT & Office Equipment
PO-103423-6,Continental AG,Steel sheet X5CrNi 2.0mm,raw materials/steel,Raw Materials - Steel,342.57,100,EUR,Raw Materials - Steel
PO-100387-1,Trelleborg Sealing,Laptop HD business grade,IT EQUIP,IT & Office Equipment,994.47,50,EUR,IT & Office Equipment
PO-102115-7,Continental AG,PO item: Bearing assembly Type-A,MRO - Maintenance Supplies,MRO - Maintenance Supplies,250.83,200,EUR,MRO - Maintenance Supplies
PO-102845-2,Haldex AB,Protective foam sheet 24V,Packaging & Logistics,Packaging & Logistics,26.91,5,EUR,Packaging & Logistics
PO-101537-3,Continental AG,hydraulic hose fitting rev.b,MRO - Maintenance Supplies,MRO - Maintenance Supplies,46.12,50,EUR,MRO - Maintenance Supplies
PO-101947-7,Haldex AB,pcb assembly rev.b,Electronic Components,Electronic Components,21.02,10,EUR,Electronic Components
PO-100232-7,Hella GmbH,CORRUGATDE SHIPPING CRATE M12,packaging/logistics,Packaging & Logistics,53.05,100,EUR,Packaging & Logistics
PO-102863-6,Schaeffler Technologies,order ref pending - Rubber comopund 42CrMo4 sheet,Raw Materials - Rubber,Raw Materials - Rubber,22.56,20,EUR,Raw Materials - Rubber
PO-100641-3,Schaeffler Technologies,Corrugated shipping crate Type-A,Packaging & Logistics,Packaging & Logistics,49.09,200,EUR,Packaging & Logistics
PO-103450-5,ZF Friedrichshafen,misc / Sealing gasket sheet S2,RAW MAT-RUBBER,Raw Materials - Rubber,17.92,100,EUR,Raw Materials - Rubber
PO-103772-5,Wabco Holdings,Sealing gasket sheet D0C1,,Raw Materials - Rubber,38.6,2,EUR,Raw Materials - Rubber
PO-102828-6,Haldex AB,Wooden pallet EU Rstandard,Packaging & Logistics,Packaging & Logistics,21.05,50,EUR,Packaging & Logistics
PO-101125-4,Wabco Holdings,misc / EPDM rubbers eal stock S235,Raw Materials - Rubber,Raw Materials - Rubber,32.41,50,EUR,Raw Materials - Rubber
PO-102778-5,Continental AG,Seailng gasket sheet DC01,RAW MAT-RUBBER,Raw Materials - Rubber,19.25,10,EUR,Raw Materials - Rubber
PO-102962-7,Trelleborg Sealing,Hydraulic hose fitting M12,MRO - Maintenance Supplies,MRO - Maintenance Supplies,53.62,20,EUR,MRO - Maintenance Supplies
PO-101495-3,Mahle GmbH,misc / steel coil hot-,Steel,Raw Materials - Steel,466.6,10,EUR,Raw Materials - Steel
PO-103353-6,Trelleborg Sealing,Pressure sensoru nit Type-A,Electronic Components,Electronic Components,248.0,10,EUR,Electronic Components
PO-101522-2,Freudenberg Sealing,Steel sheet 42CrMo4 6.0mm,raw materials/steel,Raw Materials - Steel,233.63,1,EUR,Raw Materials - Steel
PO-104019-7,Elringklinger AG,Corrugated shipping crate 24V,Pack & Log,Packaging & Logistics,48.73,200,EUR,Packaging & Logistics
PO-103464-5,Bosch Rexroth,Connector assembly compact sealed,Electronic Components,Electronic Components,71.58,10,EUR,Electronic Components
PO-103009-5,Freudenberg Sealing,Rubber compound S355 sheet,Raw Materials - Rubber,Raw Materials - Rubber,15.54,2,EUR,Raw Materials - Rubber
PO-101571-2,Schaeffler Technologies,Steel coil hotr-olled X5CrNi,Raw Materials - Steel,Raw Materials - Steel,464.24,50,EUR,Raw Materials - Steel
PO-102766-7,Bilstein GmbH,EPDM rubber seal stock NBR-70,rubber,Raw Materials - Rubber,29.13,10,EUR,Raw Materials - Rubber
PO-100145-4,Bosch Rexroth,Pressure sensor unit 230V,Electronic Components,Electronic Components,260.96,10,EUR,Electronic Components
PO-100857-2,Voith Turbo,EPDM rubber seal stock 5XCrNi,,Raw Materials - Rubber,47.33,200,EUR,Raw Materials - Rubber
PO-100148-7,Wabco Holdings,Wiring harness connector 230V,ELEC COMP,Electronic Components,70.55,10,EUR,Electronic Components
PO-104049-2,Haldex AB,Hydraulic hose fitting M12,MRO,MRO - Maintenance Supplies,15.53,2,EUR,MRO - Maintenance Supplies
PO-100320-4,Schaeffler Technologies,VULCANIZED RUBBER BLOCK X5CRNI,Raw Materials - Rubber,Raw Materials - Rubber,45.76,2,EUR,Raw Materials - Rubber
PO-101150-1,Faiveley Transport,pressure sensor unit v2,,Electronic Components,90.86,1,EUR,Electronic Components
PO-100974-7,Wabco Holdings,Connector assembly M12 sealed,Electronic Components,Electronic Components,29.51,10,EUR,Electronic Components
PO-100682-2,Mahle GmbH,PO item: PCB assembly M12,Electronic Components,Electronic Components,120.49,10,EUR,Electronic Components
PO-100919-1,Wabco Holdings,EPDM rubber seal stock S23,RAW MAT-RUBBER,Raw Materials - Rubber,59.3,10,EUR,Raw Materials - Rubber
PO-103756-3,ZF Friedrichshafen,Connector assembly std sealed,Electronic Components,Electronic Components,66.8,10,EUR,Electronic Components
PO-102746-1,Mahle GmbH,Monitor 27in Typ,IT EQUIP,IT & Office Equipment,305.63,1,EUR,IT & Office Equipment
PO-100780-2,Bosch Rexroth,Wiring harness con,Electronic Components,Electronic Components,51.13,100,EUR,Electronic Components
PO-103749-3,ZF Friedrichshafen,Rubber compound 42CrMo4 sheet,Raw Materials - Rubber,Raw Materials - Rubber,36.27,2,EUR,Raw Materials - Rubber
PO-103438-7,SKF Group,HYDRAULICH OSE FITTING 230V,MRO - Maintenance Supplies,MRO - Maintenance Supplies,35.52,100,EUR,MRO - Maintenance Supplies
PO-103193-7,Trelleborg Sealing,misc / Rubber compound S235 sheet,Raw Materials - Rubber,Raw Materials - Rubber,39.33,2,EUR,Raw Materials - Rubber
PO-103237-2,Continental AG,CONNECTOR ASSEMBLY STD SEALED,Electronic Components,Electronic Components,8.0,100,EUR,Electronic Components
PO-102585-1,Continental AG,Laptop M12 business grade,IT & Office Equipment,IT & Office Equipment,1269.72,10,EUR,IT & Office Equipment
PO-103510-2,SKF Group,Laptop 230V business grade,it/office,IT & Office Equipment,1273.57,2,EUR,IT & Office Equipment
PO-100827-7,Bosch Rexroth,Forged steel billet 42CrMo4,Raw Materials - Steel,Raw Materials - Steel,725.83,10,EUR,Raw Materials - Steel
PO-102280-4,Voith Turbo,Rubber compound S3,RAW MAT-RUBBER,Raw Materials - Rubber,44.54,200,EUR,Raw Materials - Rubber
PO-103147-3,Faiveley Transport,Steel coli hot-rolled DC01,Raw Materials - Steel,Raw Materials - Steel,478.69,50,EUR,Raw Materials - Steel
PO-102839-3,Faiveley Transport,Vulcanized rubebr block NBR-70,Raw Materials - Rubber,Raw Materials - Rubber,44.39,100,EUR,Raw Materials - Rubber
PO-103181-2,Voith Turbo,misc / Vulcanized rubber block DC01,rubber,Raw Materials - Rubber,28.48,100,EUR,Raw Materials - Rubber
PO-102603-5,SKF Group,STRETCH WRAP FILM V2 ROLL,Packaging & Logistics,Packaging & Logistics,22.02,50,EUR,Packaging & Logistics
PO-103413-3,Trelleborg Sealing,Forgde steel billet 70Sh-A,,Raw Materials - Steel,395.48,100,EUR,Raw Materials - Steel
PO-101302-6,SKF Group,Connector assembly v2 sealed,Electronic Components,Electronic Components,81.87,20,EUR,Electronic Components
PO-100724-2,ZF Friedrichshafen,Laptop compact business grade,IT & Office Equipment,IT & Office Equipment,1284.17,5,EUR,IT & Office Equipment
PO-103741-2,Hella GmbH,EPDM rubber seal stock S355,Raw Mat. Rubber,Raw Materials - Rubber,54.3,100,EUR,Raw Materials - Rubber
PO-103000-3,Trelleborg Sealing,Rubber compound 7S0h-A sheet,Raw Materials - Rubber,Raw Materials - Rubber,18.57,2,EUR,Raw Materials - Rubber
PO-100323-7,Haldex AB,Pressure sensor unit copmact,Electronic Components,Electronic Components,133.65,20,EUR,Electronic Components
PO-103944-2,Bosch Rexroth,Forged steel billet S355,RAW MAT-STEEL,Raw Materials - Steel,825.07,5,EUR,Raw Materials - Steel
PO-102497-4,Trelleborg Sealing,MONITOR 27IN M12,it/office,IT & Office Equipment,209.51,50,EUR,IT & Office Equipment
PO-100418-4,Wabco Holdings,Crorugated shipping cra,Packaging & Logistics,Packaging & Logistics,29.9,2,EUR,Packaging & Logistics
PO-102050-5,Freudenberg Sealing,PO item: forged steel billet nbr-70,Raw Materials - Steel,Raw Materials - Steel,632.61,200,EUR,Raw Materials - Steel
PO-102833-4,Schaeffler Technologies,Laptop M12 business grade,IT & Office Equipment,IT & Office Equipment,855.03,5,EUR,IT & Office Equipment
PO-101766-1,Voith Turbo,Pressure sensor unit HD,Electronic Components,Electronic Components,227.06,100,EUR,Electronic Components
PO-102974-5,Wabco Holdings,Wiring harness connector M12,,Electronic Components,62.62,5,EUR,Electronic Components
PO-100819-6,Wabco Holdings,Pressure sensor unit,Electronic Components,Electronic Components,217.44,20,EUR,Electronic Components
PO-101100-7,Trelleborg Sealing,Steel sheet 3S55 6.0mm,Raw Materials - Steel,Raw Materials - Steel,257.73,5,EUR,Raw Materials - Steel
PO-103588-3,Faiveley Transport,Sealing gasket sheet NBR-70,Raw Materials - Rubber,Raw Materials - Rubber,29.42,50,EUR,Raw Materials - Rubber
PO-101989-7,Freudenberg Sealing,Industrial lubricant v2 20L drum,MRO/Maint,MRO - Maintenance Supplies,170.86,5,EUR,MRO - Maintenance Supplies
PO-103080-6,SKF Group,pressure sensor unit v3,Electronic Components,Electronic Components,299.34,1,EUR,Electronic Components
PO-103470-4,Schaeffler Technologies,Steel sheet 42CrMo4 4.0mm,raw materials/steel,Raw Materials - Steel,295.55,10,EUR,Raw Materials - Steel
PO-103198-5,Wabco Holdings,order ref pending - Office chair ergonomic Type-A,IT & Office Equipment,IT & Office Equipment,230.42,50,EUR,IT & Office Equipment
PO-100458-2,Trelleborg Sealing,PO item: MONITOR 2,it/office,IT & Office Equipment,220.27,10,EUR,IT & Office Equipment
PO-103596-4,Mahle GmbH,Laptop Rev.B business grade,IT & Office Equipment,IT & Office Equipment,1395.73,100,EUR,IT & Office Equipment
PO-100513-1,Wabco Holdings,SEAL KIT CONNECTOR HOUSING TY,MRO,MRO - Maintenance Supplies,14.51,20,EUR,MRO - Maintenance Supplies
PO-100235-3,Wabco Holdings,Seal kit connector housing compact,MRO - Maintenance Supplies,MRO - Maintenance Supplies,61.44,2,EUR,MRO - Maintenance Supplies
PO-100560-6,Mahle GmbH,Steel sheet NBR,Raw Materials - Steel,Raw Materials - Steel,257.65,1,EUR,Raw Materials - Steel
PO-101587-4,Schaeffler Technologies,STEEL COIL HOT-ROLLED 70SH-A,Raw Materials - Steel,Raw Materials - Steel,438.47,1,EUR,Raw Materials - Steel
PO-101291-2,Freudenberg Sealing,EPDM rubber seal stock S235,Raw Materials - Rubber,Raw Materials - Rubber,49.51,1,EUR,Raw Materials - Rubber
PO-103909-2,Hella GmbH,Monitor 27in v3,IT & Office Equipment,IT & Office Equipment,168.77,10,EUR,IT & Office Equipment
PO-100898-1,Haldex AB,Protective foam sheet 230V,,Packaging & Logistics,12.85,20,EUR,Packaging & Logistics
PO-102413-4,Bosch Rexroth,stretch wrap film 230v roll,Packaging & Logistics,Packaging & Logistics,34.85,20,EUR,Packaging & Logistics
PO-102233-6,Faiveley Transport,Connector assembly Rev.B sealed,Electronic Components,Electronic Components,66.6,200,EUR,Electronic Components
PO-100063-6,Wabco Holdings,Bearing assembly HD,maintenance,MRO - Maintenance Supplies,185.77,100,EUR,MRO - Maintenance Supplies
